customer_id,total_orders,total_revenue,avg_order_value,product_category,device_type,marketing_channel,lifespan_days,lifespan_months,purchase_freq_monthly,predicted_clv,historical_clv,clv_tier
1000,1,1228.72,1228.72,Grocery,Desktop,Direct,1,0.03,5.0,73723.2,1228.72,Gold
1003,1,1681.96,1681.96,Fashion,Mobile,Direct,1,0.03,5.0,100917.6,1681.96,Gold
1008,1,1546.42,1546.42,Home & Kitchen,Desktop,Referral,1,0.03,5.0,92785.2,1546.42,Gold
1009,3,4616.63,1538.8766666666668,Books,Desktop,Organic Search,128,4.27,0.7026,12974.58,4616.63,Bronze
1014,1,2423.92,2423.92,Toys & Baby,Desktop,Paid Ads,1,0.03,5.0,145435.2,2423.92,Platinum
1026,1,244.3,244.3,Fashion,Mobile,Paid Ads,1,0.03,5.0,14658.0,244.3,Bronze
1028,1,2328.44,2328.44,Toys & Baby,Desktop,Social Media,1,0.03,5.0,139706.4,2328.44,Platinum
1029,1,357.02,357.02,Grocery,Tablet,Email Campaign,1,0.03,5.0,21421.2,357.02,Silver
1031,2,2231.42,1115.71,Electronics,Desktop,Direct,165,5.5,0.3636,4868.07,2231.42,Bronze
1033,1,571.06,571.06,Electronics,Desktop,Direct,1,0.03,5.0,34263.6,571.06,Silver
1035,1,325.77,325.77,Sports & Fitness,Desktop,Paid Ads,1,0.03,5.0,19546.2,325.77,Silver
1036,1,395.17,395.17,Grocery,Mobile,Organic Search,1,0.03,5.0,23710.2,395.17,Silver
1038,1,4503.98,4503.98,Beauty & Personal Care,Desktop,Social Media,1,0.03,5.0,270238.8,4503.98,Platinum
1039,2,1852.98,926.49,Electronics,Desktop,Direct,295,9.83,0.2035,2262.49,1852.98,Bronze
1040,2,7417.69,3708.845,Books,Mobile,Organic Search,269,8.97,0.223,9924.87,7417.69,Bronze
1041,1,1296.48,1296.48,Sports & Fitness,Desktop,Referral,1,0.03,5.0,77788.8,1296.48,Gold
1042,3,4330.68,1443.5600000000002,Beauty & Personal Care,Mobile,Email Campaign,89,2.97,1.0101,17497.68,4330.68,Bronze
1044,2,1008.6199999999999,504.30999999999995,Fashion,Desktop,Organic Search,52,1.73,1.1561,6996.39,1008.62,Bronze
1047,1,922.92,922.92,Toys & Baby,Mobile,Social Media,1,0.03,5.0,55375.2,922.92,Silver
1054,1,2322.16,2322.16,Books,Mobile,Referral,1,0.03,5.0,139329.6,2322.16,Platinum
1056,1,345.71,345.71,Grocery,Desktop,Direct,1,0.03,5.0,20742.6,345.71,Silver
1058,2,6257.73,3128.865,Beauty & Personal Care,Desktop,Direct,103,3.43,0.5831,21893.29,6257.73,Silver
1062,2,5304.35,2652.175,Grocery,Desktop,Organic Search,190,6.33,0.316,10057.05,5304.35,Bronze
1065,1,7889.36,7889.36,Home & Kitchen,Desktop,Paid Ads,1,0.03,5.0,473361.6,7889.36,Platinum
1066,1,3654.18,3654.18,Home & Kitchen,Mobile,Direct,1,0.03,5.0,219250.8,3654.18,Platinum
1067,1,2032.07,2032.07,Electronics,Mobile,Social Media,1,0.03,5.0,121924.2,2032.07,Gold
1071,1,1331.9,1331.9,Toys & Baby,Desktop,Social Media,1,0.03,5.0,79914.0,1331.9,Gold
1076,1,1449.62,1449.62,Grocery,Desktop,Organic Search,1,0.03,5.0,86977.2,1449.62,Gold
1077,1,1959.6,1959.6,Grocery,Mobile,Social Media,1,0.03,5.0,117576.0,1959.6,Gold
1078,1,490.0,490.0,Electronics,Mobile,Social Media,1,0.03,5.0,29400.0,490.0,Silver
1079,1,4252.77,4252.77,Books,Mobile,Email Campaign,1,0.03,5.0,255166.2,4252.77,Platinum
1080,1,2111.96,2111.96,Fashion,Desktop,Social Media,1,0.03,5.0,126717.6,2111.96,Platinum
1082,1,1601.42,1601.42,Electronics,Mobile,Paid Ads,1,0.03,5.0,96085.2,1601.42,Gold
1083,1,1056.76,1056.76,Beauty & Personal Care,Desktop,Email Campaign,1,0.03,5.0,63405.6,1056.76,Gold
1084,1,3648.04,3648.04,Grocery,Mobile,Direct,1,0.03,5.0,218882.4,3648.04,Platinum
1086,1,1236.24,1236.24,Fashion,Desktop,Referral,1,0.03,5.0,74174.4,1236.24,Gold
1087,1,222.61,222.61,Sports & Fitness,Mobile,Referral,1,0.03,5.0,13356.6,222.61,Bronze
1089,1,2169.46,2169.46,Toys & Baby,Desktop,Referral,1,0.03,5.0,130167.6,2169.46,Platinum
1090,1,3331.6,3331.6,Home & Kitchen,Desktop,Email Campaign,1,0.03,5.0,199896.0,3331.6,Platinum
1092,1,2987.93,2987.93,Books,Desktop,Social Media,1,0.03,5.0,179275.8,2987.93,Platinum
1095,2,3681.54,1840.77,Books,Desktop,Direct,114,3.8,0.5263,11625.57,3681.54,Bronze
1096,2,4912.93,2456.465,Beauty & Personal Care,Desktop,Email Campaign,123,4.1,0.4878,14379.16,4912.93,Bronze
1099,1,2717.82,2717.82,Grocery,Mobile,Social Media,1,0.03,5.0,163069.2,2717.82,Platinum
1100,2,788.77,394.385,Fashion,Desktop,Direct,203,6.77,0.2954,1398.02,788.77,Bronze
1101,1,1339.45,1339.45,Fashion,Tablet,Paid Ads,1,0.03,5.0,80367.0,1339.45,Gold
1105,1,1244.58,1244.58,Electronics,Desktop,Organic Search,1,0.03,5.0,74674.8,1244.58,Gold
1110,1,2098.22,2098.22,Toys & Baby,Mobile,Email Campaign,1,0.03,5.0,125893.2,2098.22,Platinum
1111,1,1839.86,1839.86,Beauty & Personal Care,Desktop,Paid Ads,1,0.03,5.0,110391.6,1839.86,Gold
1112,1,2540.56,2540.56,Home & Kitchen,Mobile,Organic Search,1,0.03,5.0,152433.6,2540.56,Platinum
1115,1,1763.68,1763.68,Grocery,Desktop,Organic Search,1,0.03,5.0,105820.8,1763.68,Gold
1118,1,4522.5,4522.5,Home & Kitchen,Desktop,Organic Search,1,0.03,5.0,271350.0,4522.5,Platinum
1121,1,1894.59,1894.59,Books,Desktop,Social Media,1,0.03,5.0,113675.4,1894.59,Gold
1124,2,1684.02,842.01,Electronics,Desktop,Organic Search,265,8.83,0.2265,2288.58,1684.02,Bronze
1126,2,2051.36,1025.68,Sports & Fitness,Desktop,Referral,97,3.23,0.6192,7621.21,2051.36,Bronze
1130,1,1026.78,1026.78,Fashion,Mobile,Social Media,1,0.03,5.0,61606.8,1026.78,Gold
1131,1,1150.86,1150.86,Sports & Fitness,Desktop,Referral,1,0.03,5.0,69051.6,1150.86,Gold
1132,2,3476.2200000000003,1738.1100000000001,Books,Desktop,Referral,100,3.33,0.6006,12526.91,3476.22,Bronze
1134,3,7061.16,2353.72,Fashion,Desktop,Email Campaign,214,7.13,0.4208,11885.34,7061.16,Bronze
1138,1,924.05,924.05,Grocery,Mobile,Paid Ads,1,0.03,5.0,55443.0,924.05,Silver
1145,1,997.25,997.25,Beauty & Personal Care,Desktop,Referral,1,0.03,5.0,59835.0,997.25,Gold
1146,1,2950.09,2950.09,Home & Kitchen,Desktop,Email Campaign,1,0.03,5.0,177005.4,2950.09,Platinum
1148,1,843.58,843.58,Fashion,Desktop,Direct,1,0.03,5.0,50614.8,843.58,Silver
1150,1,2340.49,2340.49,Beauty & Personal Care,Tablet,Social Media,1,0.03,5.0,140429.4,2340.49,Platinum
1151,1,673.69,673.69,Books,Mobile,Email Campaign,1,0.03,5.0,40421.4,673.69,Silver
1152,1,772.78,772.78,Books,Mobile,Paid Ads,1,0.03,5.0,46366.8,772.78,Silver
1153,1,1069.29,1069.29,Grocery,Mobile,Paid Ads,1,0.03,5.0,64157.4,1069.29,Gold
1155,2,4908.51,2454.255,Beauty & Personal Care,Mobile,Organic Search,87,2.9,0.6897,20312.4,4908.51,Silver
1158,1,2864.37,2864.37,Home & Kitchen,Desktop,Referral,1,0.03,5.0,171862.2,2864.37,Platinum
1159,1,5605.16,5605.16,Toys & Baby,Desktop,Paid Ads,1,0.03,5.0,336309.6,5605.16,Platinum
1160,1,2058.0,2058.0,Beauty & Personal Care,Mobile,Email Campaign,1,0.03,5.0,123480.0,2058.0,Gold
1162,1,1483.14,1483.14,Electronics,Desktop,Social Media,1,0.03,5.0,88988.4,1483.14,Gold
1163,1,403.7,403.7,Home & Kitchen,Mobile,Organic Search,1,0.03,5.0,24222.0,403.7,Silver
1164,1,1126.58,1126.58,Toys & Baby,Tablet,Direct,1,0.03,5.0,67594.8,1126.58,Gold
1165,2,1357.8700000000001,678.9350000000001,Fashion,Mobile,Direct,189,6.3,0.3175,2586.74,1357.87,Bronze
1167,2,3059.2,1529.6,Beauty & Personal Care,Mobile,Direct,205,6.83,0.2928,5374.4,3059.2,Bronze
1169,2,947.29,473.645,Fashion,Desktop,Email Campaign,85,2.83,0.7067,4016.7,947.29,Bronze
1172,1,332.26,332.26,Fashion,Desktop,Organic Search,1,0.03,5.0,19935.6,332.26,Silver
1174,1,1507.02,1507.02,Grocery,Mobile,Organic Search,1,0.03,5.0,90421.2,1507.02,Gold
1175,2,2666.8900000000003,1333.4450000000002,Beauty & Personal Care,Mobile,Email Campaign,36,1.2,1.6667,26669.43,2666.89,Silver
1177,1,756.39,756.39,Electronics,Tablet,Email Campaign,1,0.03,5.0,45383.4,756.39,Silver
1183,1,5294.04,5294.04,Home & Kitchen,Tablet,Direct,1,0.03,5.0,317642.4,5294.04,Platinum
1184,2,3314.81,1657.405,Beauty & Personal Care,Desktop,Paid Ads,141,4.7,0.4255,8462.71,3314.81,Bronze
1187,2,9145.76,4572.88,Electronics,Mobile,Paid Ads,18,0.6,3.3333,182913.37,9145.76,Platinum
1188,3,1550.69,516.8966666666666,Electronics,Desktop,Paid Ads,237,7.9,0.3797,2355.19,1550.69,Bronze
1190,2,1456.45,728.225,Grocery,Desktop,Social Media,130,4.33,0.4619,4036.41,1456.45,Bronze
1193,1,1818.94,1818.94,Beauty & Personal Care,Desktop,Organic Search,1,0.03,5.0,109136.4,1818.94,Gold
1195,1,1219.67,1219.67,Books,Desktop,Organic Search,1,0.03,5.0,73180.2,1219.67,Gold
1196,2,5634.82,2817.41,Electronics,Mobile,Organic Search,95,3.17,0.6309,21330.05,5634.82,Silver
1197,1,4518.88,4518.88,Toys & Baby,Mobile,Organic Search,1,0.03,5.0,271132.8,4518.88,Platinum
1198,1,973.3,973.3,Books,Mobile,Email Campaign,1,0.03,5.0,58398.0,973.3,Gold
1200,1,1897.32,1897.32,Electronics,Mobile,Paid Ads,1,0.03,5.0,113839.2,1897.32,Gold
1202,1,1248.59,1248.59,Beauty & Personal Care,Desktop,Referral,1,0.03,5.0,74915.4,1248.59,Gold
1203,2,3619.66,1809.83,Books,Mobile,Organic Search,1,0.03,5.0,108589.8,3619.66,Gold
1204,1,969.32,969.32,Fashion,Mobile,Social Media,1,0.03,5.0,58159.2,969.32,Gold
1206,1,3324.51,3324.51,Toys & Baby,Mobile,Social Media,1,0.03,5.0,199470.6,3324.51,Platinum
1208,1,1136.65,1136.65,Books,Desktop,Organic Search,1,0.03,5.0,68199.0,1136.65,Gold
1209,1,816.6,816.6,Electronics,Tablet,Direct,1,0.03,5.0,48996.0,816.6,Silver
1212,3,2666.46,888.82,Fashion,Desktop,Social Media,239,7.97,0.3764,4014.62,2666.46,Bronze
1213,1,744.78,744.78,Electronics,Mobile,Organic Search,1,0.03,5.0,44686.8,744.78,Silver
1214,1,3055.83,3055.83,Toys & Baby,Desktop,Social Media,1,0.03,5.0,183349.8,3055.83,Platinum
1215,1,1328.42,1328.42,Fashion,Mobile,Email Campaign,1,0.03,5.0,79705.2,1328.42,Gold
1218,2,3526.43,1763.215,Grocery,Desktop,Email Campaign,54,1.8,1.1111,23509.3,3526.43,Silver
1220,1,1765.86,1765.86,Books,Desktop,Paid Ads,1,0.03,5.0,105951.6,1765.86,Gold
1222,1,898.63,898.63,Books,Tablet,Referral,1,0.03,5.0,53917.8,898.63,Silver
1223,1,522.78,522.78,Home & Kitchen,Desktop,Referral,1,0.03,5.0,31366.8,522.78,Silver
1225,1,268.76,268.76,Sports & Fitness,Desktop,Referral,1,0.03,5.0,16125.6,268.76,Bronze
1226,1,1203.09,1203.09,Electronics,Mobile,Social Media,1,0.03,5.0,72185.4,1203.09,Gold
1227,1,4039.92,4039.92,Home & Kitchen,Mobile,Referral,1,0.03,5.0,242395.2,4039.92,Platinum
1228,1,829.75,829.75,Books,Mobile,Social Media,1,0.03,5.0,49785.0,829.75,Silver
1229,1,651.56,651.56,Sports & Fitness,Mobile,Organic Search,1,0.03,5.0,39093.6,651.56,Silver
1231,1,741.57,741.57,Toys & Baby,Desktop,Paid Ads,1,0.03,5.0,44494.2,741.57,Silver
1234,1,377.35,377.35,Sports & Fitness,Desktop,Direct,1,0.03,5.0,22641.0,377.35,Silver
1240,1,1882.12,1882.12,Grocery,Desktop,Social Media,1,0.03,5.0,112927.2,1882.12,Gold
1241,2,3617.15,1808.575,Books,Desktop,Direct,46,1.53,1.3072,28370.03,3617.15,Silver
1243,1,3898.5,3898.5,Toys & Baby,Desktop,Organic Search,1,0.03,5.0,233910.0,3898.5,Platinum
1244,2,3078.65,1539.325,Sports & Fitness,Mobile,Direct,15,0.5,4.0,73887.6,3078.65,Gold
1252,2,7790.94,3895.47,Books,Desktop,Direct,271,9.03,0.2215,10354.16,7790.94,Bronze
1253,1,2191.33,2191.33,Books,Desktop,Email Campaign,1,0.03,5.0,131479.8,2191.33,Platinum
1262,1,797.16,797.16,Sports & Fitness,Desktop,Direct,1,0.03,5.0,47829.6,797.16,Silver
1264,1,1712.22,1712.22,Books,Desktop,Email Campaign,1,0.03,5.0,102733.2,1712.22,Gold
1268,1,1455.21,1455.21,Home & Kitchen,Tablet,Referral,1,0.03,5.0,87312.6,1455.21,Gold
1269,1,1787.02,1787.02,Books,Mobile,Referral,1,0.03,5.0,107221.2,1787.02,Gold
1270,2,3845.93,1922.965,Beauty & Personal Care,Desktop,Organic Search,144,4.8,0.4167,9615.59,3845.93,Bronze
1271,1,1130.35,1130.35,Beauty & Personal Care,Desktop,Direct,1,0.03,5.0,67821.0,1130.35,Gold
1274,1,2065.7,2065.7,Toys & Baby,Mobile,Paid Ads,1,0.03,5.0,123942.0,2065.7,Gold
1275,2,7788.92,3894.46,Books,Desktop,Referral,13,0.43,4.6512,217366.95,7788.92,Platinum
1277,1,414.36,414.36,Sports & Fitness,Desktop,Email Campaign,1,0.03,5.0,24861.6,414.36,Silver
1278,2,4367.72,2183.86,Fashion,Mobile,Direct,241,8.03,0.2491,6527.99,4367.72,Bronze
1279,1,3180.17,3180.17,Home & Kitchen,Mobile,Referral,1,0.03,5.0,190810.2,3180.17,Platinum
1282,1,281.46,281.46,Sports & Fitness,Desktop,Organic Search,1,0.03,5.0,16887.6,281.46,Bronze
1283,1,3166.32,3166.32,Grocery,Desktop,Social Media,1,0.03,5.0,189979.2,3166.32,Platinum
1284,1,6649.04,6649.04,Home & Kitchen,Desktop,Paid Ads,1,0.03,5.0,398942.4,6649.04,Platinum
1285,1,2942.34,2942.34,Fashion,Desktop,Email Campaign,1,0.03,5.0,176540.4,2942.34,Platinum
1290,2,1015.6500000000001,507.82500000000005,Beauty & Personal Care,Desktop,Direct,67,2.23,0.8969,5465.62,1015.65,Bronze
1291,1,2457.68,2457.68,Fashion,Tablet,Direct,1,0.03,5.0,147460.8,2457.68,Platinum
1292,2,3075.91,1537.955,Beauty & Personal Care,Desktop,Direct,28,0.93,2.1505,39688.47,3075.91,Silver
1295,1,267.34,267.34,Toys & Baby,Mobile,Direct,1,0.03,5.0,16040.4,267.34,Bronze
1298,1,285.16,285.16,Beauty & Personal Care,Desktop,Direct,1,0.03,5.0,17109.6,285.16,Bronze
1302,1,821.62,821.62,Home & Kitchen,Desktop,Social Media,1,0.03,5.0,49297.2,821.62,Silver
1303,1,989.88,989.88,Beauty & Personal Care,Mobile,Email Campaign,1,0.03,5.0,59392.8,989.88,Gold
1304,1,529.27,529.27,Beauty & Personal Care,Mobile,Referral,1,0.03,5.0,31756.2,529.27,Silver
1307,1,553.52,553.52,Sports & Fitness,Mobile,Referral,1,0.03,5.0,33211.2,553.52,Silver
1308,1,566.61,566.61,Electronics,Tablet,Social Media,1,0.03,5.0,33996.6,566.61,Silver
1312,2,6037.98,3018.99,Grocery,Mobile,Direct,23,0.77,2.5974,94098.3,6037.98,Gold
1315,1,1937.57,1937.57,Books,Desktop,Email Campaign,1,0.03,5.0,116254.2,1937.57,Gold
1316,5,9432.31,1886.462,Grocery,Desktop,Direct,259,8.63,0.5794,13116.19,9432.31,Bronze
1317,4,8119.4400000000005,2029.8600000000001,Books,Mobile,Direct,335,11.17,0.3581,8722.71,8119.44,Bronze
1318,2,1692.53,846.265,Electronics,Desktop,Referral,118,3.93,0.5089,5167.97,1692.53,Bronze
1319,2,3602.98,1801.49,Grocery,Desktop,Referral,160,5.33,0.3752,8111.03,3602.98,Bronze
1322,2,2239.44,1119.72,Books,Mobile,Email Campaign,143,4.77,0.4193,5633.98,2239.44,Bronze
1323,1,3132.29,3132.29,Beauty & Personal Care,Mobile,Paid Ads,1,0.03,5.0,187937.4,3132.29,Platinum
1324,1,3519.68,3519.68,Home & Kitchen,Tablet,Social Media,1,0.03,5.0,211180.8,3519.68,Platinum
1327,2,4069.45,2034.725,Fashion,Desktop,Email Campaign,248,8.27,0.2418,5903.96,4069.45,Bronze
1329,1,443.01,443.01,Sports & Fitness,Mobile,Organic Search,1,0.03,5.0,26580.6,443.01,Silver
1331,1,4930.51,4930.51,Toys & Baby,Desktop,Email Campaign,1,0.03,5.0,295830.6,4930.51,Platinum
1332,1,3016.32,3016.32,Grocery,Mobile,Email Campaign,1,0.03,5.0,180979.2,3016.32,Platinum
1334,5,12203.21,2440.642,Electronics,Desktop,Direct,278,9.27,0.5394,15797.79,12203.21,Bronze
1335,3,3522.92,1174.3066666666666,Fashion,Desktop,Paid Ads,184,6.13,0.4894,6896.47,3522.92,Bronze
1336,1,3797.19,3797.19,Beauty & Personal Care,Desktop,Social Media,1,0.03,5.0,227831.4,3797.19,Platinum
1337,1,783.06,783.06,Home & Kitchen,Desktop,Paid Ads,1,0.03,5.0,46983.6,783.06,Silver
1339,1,530.31,530.31,Grocery,Mobile,Paid Ads,1,0.03,5.0,31818.6,530.31,Silver
1343,1,3053.36,3053.36,Home & Kitchen,Mobile,Paid Ads,1,0.03,5.0,183201.6,3053.36,Platinum
1345,1,256.67,256.67,Sports & Fitness,Desktop,Email Campaign,1,0.03,5.0,15400.2,256.67,Bronze
1347,1,3357.67,3357.67,Electronics,Desktop,Paid Ads,1,0.03,5.0,201460.2,3357.67,Platinum
1348,1,4789.77,4789.77,Toys & Baby,Desktop,Email Campaign,1,0.03,5.0,287386.2,4789.77,Platinum
1349,1,307.29,307.29,Grocery,Mobile,Paid Ads,1,0.03,5.0,18437.4,307.29,Bronze
1350,3,1480.29,493.43,Sports & Fitness,Mobile,Social Media,49,1.63,1.8405,10897.89,1480.29,Bronze
1351,1,4652.64,4652.64,Books,Mobile,Organic Search,1,0.03,5.0,279158.4,4652.64,Platinum
1352,2,1316.79,658.395,Grocery,Mobile,Paid Ads,52,1.73,1.1561,9134.05,1316.79,Bronze
1356,1,2397.1,2397.1,Beauty & Personal Care,Mobile,Direct,1,0.03,5.0,143826.0,2397.1,Platinum
1357,1,1199.55,1199.55,Beauty & Personal Care,Desktop,Email Campaign,1,0.03,5.0,71973.0,1199.55,Gold
1360,3,3696.46,1232.1533333333334,Grocery,Desktop,Email Campaign,169,5.63,0.5329,7879.37,3696.46,Bronze
1361,3,4596.29,1532.0966666666666,Books,Desktop,Social Media,302,10.07,0.2979,5476.94,4596.29,Bronze
1362,1,3356.54,3356.54,Beauty & Personal Care,Desktop,Referral,1,0.03,5.0,201392.4,3356.54,Platinum
1363,2,181.93,90.965,Sports & Fitness,Desktop,Email Campaign,123,4.1,0.4878,532.47,181.93,Bronze
1365,2,3247.63,1623.815,Books,Desktop,Direct,288,9.6,0.2083,4058.89,3247.63,Bronze
1366,1,4299.17,4299.17,Home & Kitchen,Mobile,Social Media,1,0.03,5.0,257950.2,4299.17,Platinum
1368,2,4747.9400000000005,2373.9700000000003,Grocery,Desktop,Direct,13,0.43,4.6512,132501.71,4747.94,Platinum
1370,1,1920.92,1920.92,Grocery,Desktop,Paid Ads,1,0.03,5.0,115255.2,1920.92,Gold
1372,2,7627.08,3813.54,Home & Kitchen,Mobile,Direct,31,1.03,1.9417,88857.01,7627.08,Gold
1378,3,2604.1,868.0333333333333,Electronics,Desktop,Email Campaign,235,7.83,0.3831,3990.52,2604.1,Bronze
1379,1,863.94,863.94,Fashion,Desktop,Direct,1,0.03,5.0,51836.4,863.94,Silver
1380,1,700.35,700.35,Fashion,Mobile,Paid Ads,1,0.03,5.0,42021.0,700.35,Silver
1381,1,566.3,566.3,Home & Kitchen,Mobile,Organic Search,1,0.03,5.0,33978.0,566.3,Silver
1382,2,4061.77,2030.885,Books,Desktop,Email Campaign,61,2.03,0.9852,24009.93,4061.77,Silver
1385,1,3694.52,3694.52,Books,Desktop,Social Media,1,0.03,5.0,221671.2,3694.52,Platinum
1386,2,3064.78,1532.39,Beauty & Personal Care,Desktop,Direct,222,7.4,0.2703,4970.46,3064.78,Bronze
1387,2,1111.73,555.865,Books,Mobile,Email Campaign,217,7.23,0.2766,1845.03,1111.73,Bronze
1388,1,3964.28,3964.28,Beauty & Personal Care,Tablet,Social Media,1,0.03,5.0,237856.8,3964.28,Platinum
1395,2,2703.44,1351.72,Books,Desktop,Email Campaign,94,3.13,0.639,10364.99,2703.44,Bronze
1397,1,2856.24,2856.24,Beauty & Personal Care,Mobile,Referral,1,0.03,5.0,171374.4,2856.24,Platinum
1398,1,663.37,663.37,Grocery,Tablet,Paid Ads,1,0.03,5.0,39802.2,663.37,Silver
1400,1,527.51,527.51,Electronics,Desktop,Direct,1,0.03,5.0,31650.6,527.51,Silver
1403,2,2038.8500000000001,1019.4250000000001,Books,Desktop,Direct,237,7.9,0.2532,3097.42,2038.85,Bronze
1404,2,1646.99,823.495,Books,Desktop,Direct,115,3.83,0.5222,5160.35,1646.99,Bronze
1405,1,1296.62,1296.62,Fashion,Desktop,Organic Search,1,0.03,5.0,77797.2,1296.62,Gold
1410,1,162.49,162.49,Sports & Fitness,Desktop,Social Media,1,0.03,5.0,9749.4,162.49,Bronze
1412,1,698.61,698.61,Sports & Fitness,Desktop,Direct,1,0.03,5.0,41916.6,698.61,Silver
1418,1,829.86,829.86,Grocery,Desktop,Organic Search,1,0.03,5.0,49791.6,829.86,Silver
1419,2,5203.04,2601.52,Beauty & Personal Care,Mobile,Direct,108,3.6,0.5556,17344.85,5203.04,Bronze
1420,1,4219.62,4219.62,Home & Kitchen,Desktop,Email Campaign,1,0.03,5.0,253177.2,4219.62,Platinum
1422,1,2685.78,2685.78,Beauty & Personal Care,Desktop,Email Campaign,1,0.03,5.0,161146.8,2685.78,Platinum
1423,1,1066.1,1066.1,Toys & Baby,Tablet,Direct,1,0.03,5.0,63966.0,1066.1,Gold
1424,1,513.7,513.7,Sports & Fitness,Mobile,Direct,1,0.03,5.0,30822.0,513.7,Silver
1425,1,518.32,518.32,Toys & Baby,Desktop,Direct,1,0.03,5.0,31099.2,518.32,Silver
1427,1,2279.68,2279.68,Beauty & Personal Care,Mobile,Direct,1,0.03,5.0,136780.8,2279.68,Platinum
1430,1,3753.0,3753.0,Home & Kitchen,Mobile,Direct,1,0.03,5.0,225180.0,3753.0,Platinum
1433,2,8307.94,4153.97,Fashion,Desktop,Direct,107,3.57,0.5602,27924.65,8307.94,Silver
1434,1,2580.84,2580.84,Electronics,Desktop,Direct,1,0.03,5.0,154850.4,2580.84,Platinum
1436,1,3005.46,3005.46,Beauty & Personal Care,Desktop,Direct,1,0.03,5.0,180327.6,3005.46,Platinum
1437,2,1919.23,959.615,Sports & Fitness,Desktop,Organic Search,288,9.6,0.2083,2398.65,1919.23,Bronze
1438,1,313.88,313.88,Beauty & Personal Care,Mobile,Organic Search,1,0.03,5.0,18832.8,313.88,Bronze
1440,1,5960.25,5960.25,Home & Kitchen,Mobile,Direct,1,0.03,5.0,357615.0,5960.25,Platinum
1441,1,503.92,503.92,Fashion,Mobile,Referral,1,0.03,5.0,30235.2,503.92,Silver
1445,2,2774.91,1387.455,Grocery,Desktop,Email Campaign,257,8.57,0.2334,3885.98,2774.91,Bronze
1447,2,2317.7200000000003,1158.8600000000001,Fashion,Mobile,Direct,216,7.2,0.2778,3863.18,2317.72,Bronze
1450,1,2384.76,2384.76,Electronics,Desktop,Social Media,1,0.03,5.0,143085.6,2384.76,Platinum
1451,1,471.13,471.13,Electronics,Desktop,Social Media,1,0.03,5.0,28267.8,471.13,Silver
1454,1,2611.03,2611.03,Toys & Baby,Desktop,Referral,1,0.03,5.0,156661.8,2611.03,Platinum
1455,1,254.85,254.85,Fashion,Desktop,Social Media,1,0.03,5.0,15291.0,254.85,Bronze
1456,2,2899.21,1449.605,Beauty & Personal Care,Desktop,Direct,82,2.73,0.7326,12743.77,2899.21,Bronze
1458,2,2026.27,1013.135,Books,Desktop,Email Campaign,142,4.73,0.4228,5140.24,2026.27,Bronze
1461,1,579.51,579.51,Toys & Baby,Mobile,Direct,1,0.03,5.0,34770.6,579.51,Silver
1462,2,1191.03,595.515,Electronics,Mobile,Direct,281,9.37,0.2134,1524.99,1191.03,Bronze
1463,1,4949.6,4949.6,Books,Mobile,Social Media,1,0.03,5.0,296976.0,4949.6,Platinum
1464,2,1238.58,619.29,Fashion,Desktop,Direct,73,2.43,0.823,6116.11,1238.58,Bronze
1466,1,1417.23,1417.23,Grocery,Desktop,Email Campaign,1,0.03,5.0,85033.8,1417.23,Gold
1467,2,1121.45,560.725,Grocery,Mobile,Direct,190,6.33,0.316,2126.27,1121.45,Bronze
1471,1,1161.18,1161.18,Electronics,Mobile,Paid Ads,1,0.03,5.0,69670.8,1161.18,Gold
1472,1,220.52,220.52,Electronics,Mobile,Paid Ads,1,0.03,5.0,13231.2,220.52,Bronze
1473,1,1213.67,1213.67,Sports & Fitness,Mobile,Email Campaign,1,0.03,5.0,72820.2,1213.67,Gold
1477,1,2809.28,2809.28,Home & Kitchen,Mobile,Email Campaign,1,0.03,5.0,168556.8,2809.28,Platinum
1478,1,656.62,656.62,Sports & Fitness,Desktop,Referral,1,0.03,5.0,39397.2,656.62,Silver
1479,1,2925.48,2925.48,Books,Desktop,Organic Search,1,0.03,5.0,175528.8,2925.48,Platinum
1483,2,4226.91,2113.455,Grocery,Desktop,Email Campaign,306,10.2,0.1961,4973.38,4226.91,Bronze
1484,2,4044.9100000000003,2022.4550000000002,Electronics,Desktop,Email Campaign,78,2.6,0.7692,18668.07,4044.91,Bronze
1486,1,2089.06,2089.06,Home & Kitchen,Tablet,Direct,1,0.03,5.0,125343.6,2089.06,Platinum
1487,1,5778.76,5778.76,Books,Mobile,Organic Search,1,0.03,5.0,346725.6,5778.76,Platinum
1489,2,730.27,365.135,Beauty & Personal Care,Desktop,Paid Ads,32,1.07,1.8692,8190.12,730.27,Bronze
1490,1,1211.39,1211.39,Fashion,Desktop,Direct,1,0.03,5.0,72683.4,1211.39,Gold
1492,2,2307.77,1153.885,Beauty & Personal Care,Desktop,Email Campaign,166,5.53,0.3617,5008.32,2307.77,Bronze
1493,1,416.59,416.59,Beauty & Personal Care,Desktop,Email Campaign,1,0.03,5.0,24995.4,416.59,Silver
1496,2,2929.2999999999997,1464.6499999999999,Electronics,Mobile,Email Campaign,198,6.6,0.303,5325.47,2929.3,Bronze
1497,1,5020.5,5020.5,Home & Kitchen,Mobile,Paid Ads,1,0.03,5.0,301230.0,5020.5,Platinum
1498,1,5302.37,5302.37,Home & Kitchen,Mobile,Email Campaign,1,0.03,5.0,318142.2,5302.37,Platinum
1499,1,131.96,131.96,Sports & Fitness,Mobile,Email Campaign,1,0.03,5.0,7917.6,131.96,Bronze
1501,1,6016.54,6016.54,Home & Kitchen,Desktop,Social Media,1,0.03,5.0,360992.4,6016.54,Platinum
1503,1,4151.74,4151.74,Books,Tablet,Social Media,1,0.03,5.0,249104.4,4151.74,Platinum
1505,1,574.4,574.4,Sports & Fitness,Desktop,Paid Ads,1,0.03,5.0,34464.0,574.4,Silver
1506,4,11867.1,2966.775,Books,Mobile,Referral,93,3.1,1.2903,45936.36,11867.1,Silver
1509,1,963.2,963.2,Toys & Baby,Desktop,Referral,1,0.03,5.0,57792.0,963.2,Gold
1510,1,4993.48,4993.48,Beauty & Personal Care,Mobile,Direct,1,0.03,5.0,299608.8,4993.48,Platinum
1513,1,165.17,165.17,Fashion,Mobile,Paid Ads,1,0.03,5.0,9910.2,165.17,Bronze
1515,3,1602.91,534.3033333333334,Sports & Fitness,Desktop,Referral,337,11.23,0.2671,1712.55,1602.91,Bronze
1517,1,2029.92,2029.92,Electronics,Mobile,Organic Search,1,0.03,5.0,121795.2,2029.92,Gold
1518,3,6890.76,2296.92,Fashion,Desktop,Email Campaign,335,11.17,0.2686,7403.43,6890.76,Bronze
1521,1,334.46,334.46,Sports & Fitness,Mobile,Email Campaign,1,0.03,5.0,20067.6,334.46,Silver
1523,1,5576.1,5576.1,Home & Kitchen,Mobile,Email Campaign,1,0.03,5.0,334566.0,5576.1,Platinum
1524,1,972.99,972.99,Fashion,Desktop,Organic Search,1,0.03,5.0,58379.4,972.99,Gold
1527,1,476.82,476.82,Books,Tablet,Direct,1,0.03,5.0,28609.2,476.82,Silver
1529,2,4588.91,2294.455,Grocery,Mobile,Direct,118,3.93,0.5089,14011.78,4588.91,Bronze
1530,2,1126.92,563.46,Grocery,Desktop,Paid Ads,26,0.87,2.2989,15544.06,1126.92,Bronze
1531,1,2598.35,2598.35,Toys & Baby,Mobile,Referral,1,0.03,5.0,155901.0,2598.35,Platinum
1532,1,3212.5,3212.5,Home & Kitchen,Mobile,Email Campaign,1,0.03,5.0,192750.0,3212.5,Platinum
1533,1,1858.18,1858.18,Fashion,Mobile,Organic Search,1,0.03,5.0,111490.8,1858.18,Gold
1538,1,1661.69,1661.69,Grocery,Tablet,Direct,1,0.03,5.0,99701.4,1661.69,Gold
1539,2,4421.79,2210.895,Electronics,Desktop,Organic Search,249,8.3,0.241,6393.91,4421.79,Bronze
1543,1,4321.89,4321.89,Home & Kitchen,Mobile,Direct,1,0.03,5.0,259313.4,4321.89,Platinum
1545,2,1395.81,697.905,Sports & Fitness,Desktop,Organic Search,217,7.23,0.2766,2316.49,1395.81,Bronze
1548,1,2348.55,2348.55,Home & Kitchen,Desktop,Direct,1,0.03,5.0,140913.0,2348.55,Platinum
1550,2,7921.13,3960.565,Books,Desktop,Email Campaign,200,6.67,0.2999,14253.28,7921.13,Bronze
1551,1,641.61,641.61,Fashion,Desktop,Paid Ads,1,0.03,5.0,38496.6,641.61,Silver
1555,1,2601.76,2601.76,Beauty & Personal Care,Tablet,Social Media,1,0.03,5.0,156105.6,2601.76,Platinum
1557,1,1890.24,1890.24,Fashion,Mobile,Social Media,1,0.03,5.0,113414.4,1890.24,Gold
1560,1,1852.44,1852.44,Electronics,Tablet,Referral,1,0.03,5.0,111146.4,1852.44,Gold
1564,1,1536.96,1536.96,Fashion,Desktop,Email Campaign,1,0.03,5.0,92217.6,1536.96,Gold
1566,1,589.15,589.15,Toys & Baby,Desktop,Paid Ads,1,0.03,5.0,35349.0,589.15,Silver
1569,1,2879.92,2879.92,Grocery,Mobile,Organic Search,1,0.03,5.0,172795.2,2879.92,Platinum
1570,1,3623.82,3623.82,Beauty & Personal Care,Desktop,Organic Search,1,0.03,5.0,217429.2,3623.82,Platinum
1571,1,2562.31,2562.31,Beauty & Personal Care,Mobile,Organic Search,1,0.03,5.0,153738.6,2562.31,Platinum
1577,1,1887.37,1887.37,Toys & Baby,Mobile,Social Media,1,0.03,5.0,113242.2,1887.37,Gold
1581,1,956.08,956.08,Electronics,Desktop,Organic Search,1,0.03,5.0,57364.8,956.08,Gold
1585,1,4847.17,4847.17,Toys & Baby,Mobile,Direct,1,0.03,5.0,290830.2,4847.17,Platinum
1589,1,1146.6,1146.6,Beauty & Personal Care,Desktop,Referral,1,0.03,5.0,68796.0,1146.6,Gold
1595,1,253.56,253.56,Sports & Fitness,Desktop,Paid Ads,1,0.03,5.0,15213.6,253.56,Bronze
1599,2,3167.7400000000002,1583.8700000000001,Grocery,Desktop,Direct,59,1.97,1.0152,19295.34,3167.74,Silver
1600,1,970.88,970.88,Sports & Fitness,Mobile,Direct,1,0.03,5.0,58252.8,970.88,Gold
1601,1,1166.22,1166.22,Grocery,Mobile,Direct,1,0.03,5.0,69973.2,1166.22,Gold
1604,1,425.65,425.65,Beauty & Personal Care,Desktop,Referral,1,0.03,5.0,25539.0,425.65,Silver
1607,1,766.55,766.55,Grocery,Desktop,Paid Ads,1,0.03,5.0,45993.0,766.55,Silver
1608,4,8634.02,2158.505,Sports & Fitness,Desktop,Referral,239,7.97,0.5019,13000.24,8634.02,Bronze
1612,1,2539.1,2539.1,Fashion,Mobile,Organic Search,1,0.03,5.0,152346.0,2539.1,Platinum
1613,2,2440.56,1220.28,Books,Desktop,Email Campaign,216,7.2,0.2778,4067.93,2440.56,Bronze
1615,1,2330.22,2330.22,Toys & Baby,Desktop,Paid Ads,1,0.03,5.0,139813.2,2330.22,Platinum
1618,2,1529.82,764.91,Fashion,Desktop,Organic Search,139,4.63,0.432,3965.29,1529.82,Bronze
1620,1,4390.95,4390.95,Home & Kitchen,Mobile,Email Campaign,1,0.03,5.0,263457.0,4390.95,Platinum
1622,1,1951.13,1951.13,Toys & Baby,Mobile,Email Campaign,1,0.03,5.0,117067.8,1951.13,Gold
1624,2,1483.5700000000002,741.7850000000001,Books,Desktop,Email Campaign,79,2.63,0.7605,6769.53,1483.57,Bronze
1627,1,1327.0,1327.0,Home & Kitchen,Desktop,Email Campaign,1,0.03,5.0,79620.0,1327.0,Gold
1629,1,432.01,432.01,Electronics,Mobile,Organic Search,1,0.03,5.0,25920.6,432.01,Silver
1631,1,2336.52,2336.52,Fashion,Mobile,Paid Ads,1,0.03,5.0,140191.2,2336.52,Platinum
1632,2,1683.5900000000001,841.7950000000001,Electronics,Desktop,Email Campaign,101,3.37,0.5935,5995.26,1683.59,Bronze
1635,2,1696.4,848.2,Beauty & Personal Care,Desktop,Organic Search,163,5.43,0.3683,3748.7,1696.4,Bronze
1640,1,765.98,765.98,Fashion,Mobile,Direct,1,0.03,5.0,45958.8,765.98,Silver
1641,1,1094.88,1094.88,Books,Mobile,Email Campaign,1,0.03,5.0,65692.8,1094.88,Gold
1644,2,1552.99,776.495,Grocery,Desktop,Paid Ads,62,2.07,0.9662,9002.99,1552.99,Bronze
1645,1,3067.74,3067.74,Beauty & Personal Care,Desktop,Social Media,1,0.03,5.0,184064.4,3067.74,Platinum
1646,2,5386.24,2693.12,Home & Kitchen,Desktop,Direct,35,1.17,1.7094,55243.43,5386.24,Silver
1647,2,3613.1000000000004,1806.5500000000002,Beauty & Personal Care,Desktop,Direct,188,6.27,0.319,6915.47,3613.1,Bronze
1649,1,1929.76,1929.76,Home & Kitchen,Mobile,Direct,1,0.03,5.0,115785.6,1929.76,Gold
1657,2,1068.19,534.095,Electronics,Desktop,Referral,95,3.17,0.6309,4043.53,1068.19,Bronze
1658,1,1048.12,1048.12,Electronics,Tablet,Social Media,1,0.03,5.0,62887.2,1048.12,Gold
1659,1,809.91,809.91,Grocery,Desktop,Direct,1,0.03,5.0,48594.6,809.91,Silver
1661,3,10152.52,3384.1733333333336,Electronics,Desktop,Direct,225,7.5,0.4,16244.03,10152.52,Bronze
1667,1,3170.98,3170.98,Home & Kitchen,Mobile,Email Campaign,1,0.03,5.0,190258.8,3170.98,Platinum
1668,1,722.8,722.8,Sports & Fitness,Desktop,Direct,1,0.03,5.0,43368.0,722.8,Silver
1672,1,807.22,807.22,Electronics,Tablet,Paid Ads,1,0.03,5.0,48433.2,807.22,Silver
1673,1,1104.84,1104.84,Electronics,Desktop,Social Media,1,0.03,5.0,66290.4,1104.84,Gold
1675,2,5207.360000000001,2603.6800000000003,Beauty & Personal Care,Desktop,Direct,86,2.87,0.6969,21774.06,5207.36,Silver
1676,2,3942.9700000000003,1971.4850000000001,Electronics,Desktop,Referral,119,3.97,0.5038,11918.81,3942.97,Bronze
1681,1,407.71,407.71,Electronics,Mobile,Email Campaign,1,0.03,5.0,24462.6,407.71,Silver
1682,1,2536.28,2536.28,Home & Kitchen,Desktop,Direct,1,0.03,5.0,152176.8,2536.28,Platinum
1683,1,1929.0,1929.0,Home & Kitchen,Desktop,Paid Ads,1,0.03,5.0,115740.0,1929.0,Gold
1687,1,1318.78,1318.78,Books,Tablet,Paid Ads,1,0.03,5.0,79126.8,1318.78,Gold
1688,1,1141.31,1141.31,Toys & Baby,Mobile,Paid Ads,1,0.03,5.0,68478.6,1141.31,Gold
1690,2,3004.06,1502.03,Books,Desktop,Referral,198,6.6,0.303,5461.38,3004.06,Bronze
1694,1,3849.17,3849.17,Grocery,Desktop,Direct,1,0.03,5.0,230950.2,3849.17,Platinum
1695,1,725.39,725.39,Fashion,Tablet,Direct,1,0.03,5.0,43523.4,725.39,Silver
1697,1,1989.62,1989.62,Home & Kitchen,Desktop,Direct,1,0.03,5.0,119377.2,1989.62,Gold
1698,2,4020.0,2010.0,Fashion,Desktop,Social Media,62,2.07,0.9662,23304.74,4020.0,Silver
1699,1,1136.57,1136.57,Grocery,Tablet,Email Campaign,1,0.03,5.0,68194.2,1136.57,Gold
1702,2,805.1700000000001,402.58500000000004,Books,Mobile,Paid Ads,8,0.27,5.0,24155.1,805.17,Silver
1703,1,2702.64,2702.64,Fashion,Desktop,Referral,1,0.03,5.0,162158.4,2702.64,Platinum
1706,1,1735.8,1735.8,Fashion,Desktop,Social Media,1,0.03,5.0,104148.0,1735.8,Gold
1708,2,1565.29,782.645,Beauty & Personal Care,Desktop,Direct,121,4.03,0.4963,4661.12,1565.29,Bronze
1709,1,1876.09,1876.09,Home & Kitchen,Desktop,Direct,1,0.03,5.0,112565.4,1876.09,Gold
1710,1,6703.32,6703.32,Books,Desktop,Email Campaign,1,0.03,5.0,402199.2,6703.32,Platinum
1711,3,1730.48,576.8266666666667,Electronics,Desktop,Email Campaign,161,5.37,0.5587,3867.28,1730.48,Bronze
1712,1,3794.86,3794.86,Toys & Baby,Mobile,Email Campaign,1,0.03,5.0,227691.6,3794.86,Platinum
1713,1,1641.2,1641.2,Books,Mobile,Organic Search,1,0.03,5.0,98472.0,1641.2,Gold
1719,2,4606.89,2303.445,Electronics,Desktop,Organic Search,75,2.5,0.8,22113.07,4606.89,Silver
1720,1,2791.04,2791.04,Beauty & Personal Care,Mobile,Social Media,1,0.03,5.0,167462.4,2791.04,Platinum
1722,2,2146.9700000000003,1073.4850000000001,Electronics,Desktop,Email Campaign,271,9.03,0.2215,2853.32,2146.97,Bronze
1723,1,365.57,365.57,Books,Mobile,Paid Ads,1,0.03,5.0,21934.2,365.57,Silver
1728,1,4775.0,4775.0,Home & Kitchen,Desktop,Email Campaign,1,0.03,5.0,286500.0,4775.0,Platinum
1730,1,681.53,681.53,Home & Kitchen,Mobile,Paid Ads,1,0.03,5.0,40891.8,681.53,Silver
1731,1,1130.1,1130.1,Sports & Fitness,Mobile,Organic Search,1,0.03,5.0,67806.0,1130.1,Gold
1732,1,415.91,415.91,Toys & Baby,Desktop,Referral,1,0.03,5.0,24954.6,415.91,Silver
1733,1,688.34,688.34,Home & Kitchen,Desktop,Direct,1,0.03,5.0,41300.4,688.34,Silver
1736,1,2510.82,2510.82,Home & Kitchen,Desktop,Paid Ads,1,0.03,5.0,150649.2,2510.82,Platinum
1738,3,13800.96,4600.32,Toys & Baby,Mobile,Paid Ads,269,8.97,0.3344,18460.16,13800.96,Bronze
1742,1,1286.8,1286.8,Beauty & Personal Care,Tablet,Organic Search,1,0.03,5.0,77208.0,1286.8,Gold
1745,2,1012.98,506.49,Electronics,Desktop,Email Campaign,31,1.03,1.9417,11801.42,1012.98,Bronze
1746,1,288.04,288.04,Grocery,Desktop,Organic Search,1,0.03,5.0,17282.4,288.04,Bronze
1747,3,5489.889999999999,1829.9633333333331,Fashion,Mobile,Direct,268,8.93,0.3359,7376.22,5489.89,Bronze
1749,1,882.81,882.81,Books,Tablet,Direct,1,0.03,5.0,52968.6,882.81,Silver
1751,1,1128.93,1128.93,Grocery,Mobile,Paid Ads,1,0.03,5.0,67735.8,1128.93,Gold
1756,1,666.3,666.3,Sports & Fitness,Mobile,Social Media,1,0.03,5.0,39978.0,666.3,Silver
1757,1,794.94,794.94,Home & Kitchen,Mobile,Paid Ads,1,0.03,5.0,47696.4,794.94,Silver
1759,1,922.11,922.11,Fashion,Desktop,Referral,1,0.03,5.0,55326.6,922.11,Silver
1762,1,4314.87,4314.87,Toys & Baby,Desktop,Organic Search,1,0.03,5.0,258892.2,4314.87,Platinum
1763,1,5219.03,5219.03,Home & Kitchen,Mobile,Organic Search,1,0.03,5.0,313141.8,5219.03,Platinum
1764,1,1182.76,1182.76,Fashion,Desktop,Organic Search,1,0.03,5.0,70965.6,1182.76,Gold
1765,3,6114.2,2038.0666666666666,Beauty & Personal Care,Desktop,Direct,93,3.1,0.9677,23666.85,6114.2,Silver
1766,1,606.83,606.83,Fashion,Mobile,Email Campaign,1,0.03,5.0,36409.8,606.83,Silver
1767,1,537.62,537.62,Sports & Fitness,Desktop,Referral,1,0.03,5.0,32257.2,537.62,Silver
1770,1,678.33,678.33,Fashion,Mobile,Social Media,1,0.03,5.0,40699.8,678.33,Silver
1773,4,4761.9400000000005,1190.4850000000001,Electronics,Mobile,Email Campaign,283,9.43,0.4242,6060.04,4761.94,Bronze
1777,1,150.84,150.84,Sports & Fitness,Mobile,Referral,1,0.03,5.0,9050.4,150.84,Bronze
1778,1,1006.0,1006.0,Electronics,Tablet,Social Media,1,0.03,5.0,60360.0,1006.0,Gold
1780,1,3213.85,3213.85,Home & Kitchen,Mobile,Paid Ads,1,0.03,5.0,192831.0,3213.85,Platinum
1781,1,752.89,752.89,Toys & Baby,Desktop,Paid Ads,1,0.03,5.0,45173.4,752.89,Silver
1783,1,958.94,958.94,Fashion,Mobile,Organic Search,1,0.03,5.0,57536.4,958.94,Gold
1786,2,2626.37,1313.185,Books,Mobile,Email Campaign,14,0.47,4.2553,67055.95,2626.37,Gold
1787,1,1424.09,1424.09,Beauty & Personal Care,Mobile,Email Campaign,1,0.03,5.0,85445.4,1424.09,Gold
1788,1,632.04,632.04,Electronics,Tablet,Referral,1,0.03,5.0,37922.4,632.04,Silver
1789,1,4764.74,4764.74,Books,Desktop,Direct,1,0.03,5.0,285884.4,4764.74,Platinum
1795,1,527.61,527.61,Fashion,Desktop,Organic Search,1,0.03,5.0,31656.6,527.61,Silver
1797,1,2043.63,2043.63,Toys & Baby,Mobile,Email Campaign,1,0.03,5.0,122617.8,2043.63,Gold
1798,1,3230.25,3230.25,Grocery,Desktop,Social Media,1,0.03,5.0,193815.0,3230.25,Platinum
1800,1,1153.65,1153.65,Grocery,Desktop,Direct,1,0.03,5.0,69219.0,1153.65,Gold
1801,1,2547.22,2547.22,Beauty & Personal Care,Mobile,Email Campaign,1,0.03,5.0,152833.2,2547.22,Platinum
1802,1,1337.24,1337.24,Beauty & Personal Care,Tablet,Social Media,1,0.03,5.0,80234.4,1337.24,Gold
1803,1,2206.11,2206.11,Fashion,Mobile,Social Media,1,0.03,5.0,132366.6,2206.11,Platinum
1808,1,506.2,506.2,Toys & Baby,Desktop,Email Campaign,1,0.03,5.0,30372.0,506.2,Silver
1811,2,2675.0099999999998,1337.5049999999999,Grocery,Mobile,Direct,189,6.3,0.3175,5095.89,2675.01,Bronze
1812,1,1980.48,1980.48,Fashion,Desktop,Social Media,1,0.03,5.0,118828.8,1980.48,Gold
1814,2,2276.38,1138.19,Beauty & Personal Care,Desktop,Direct,21,0.7,2.8571,39023.07,2276.38,Silver
1815,1,1156.8,1156.8,Sports & Fitness,Desktop,Direct,1,0.03,5.0,69408.0,1156.8,Gold
1819,1,3192.12,3192.12,Home & Kitchen,Desktop,Organic Search,1,0.03,5.0,191527.2,3192.12,Platinum
1823,2,2421.66,1210.83,Books,Desktop,Organic Search,150,5.0,0.4,5811.98,2421.66,Bronze
1825,2,2864.42,1432.21,Books,Desktop,Organic Search,29,0.97,2.0619,35436.89,2864.42,Silver
1829,1,1398.4,1398.4,Sports & Fitness,Desktop,Paid Ads,1,0.03,5.0,83904.0,1398.4,Gold
1830,2,1788.8899999999999,894.4449999999999,Sports & Fitness,Desktop,Referral,200,6.67,0.2999,3218.93,1788.89,Bronze
1832,1,1846.82,1846.82,Grocery,Desktop,Direct,1,0.03,5.0,110809.2,1846.82,Gold
1834,2,1904.63,952.315,Beauty & Personal Care,Mobile,Email Campaign,197,6.57,0.3044,3478.62,1904.63,Bronze
1835,1,177.68,177.68,Electronics,Desktop,Social Media,1,0.03,5.0,10660.8,177.68,Bronze
1837,1,343.86,343.86,Toys & Baby,Mobile,Paid Ads,1,0.03,5.0,20631.6,343.86,Silver
1839,1,756.53,756.53,Books,Desktop,Social Media,1,0.03,5.0,45391.8,756.53,Silver
1840,2,6283.03,3141.515,Beauty & Personal Care,Desktop,Referral,123,4.1,0.4878,18389.17,6283.03,Bronze
1841,1,689.02,689.02,Beauty & Personal Care,Mobile,Social Media,1,0.03,5.0,41341.2,689.02,Silver
1842,2,2288.83,1144.415,Beauty & Personal Care,Desktop,Paid Ads,110,3.67,0.545,7484.47,2288.83,Bronze
1846,1,2908.1,2908.1,Home & Kitchen,Mobile,Paid Ads,1,0.03,5.0,174486.0,2908.1,Platinum
1851,1,5448.2,5448.2,Toys & Baby,Mobile,Organic Search,1,0.03,5.0,326892.0,5448.2,Platinum
1853,2,3799.8199999999997,1899.9099999999999,Beauty & Personal Care,Desktop,Paid Ads,198,6.6,0.303,6908.07,3799.82,Bronze
1854,2,4694.13,2347.065,Books,Desktop,Organic Search,217,7.23,0.2766,7790.38,4694.13,Bronze
1856,1,1251.12,1251.12,Home & Kitchen,Desktop,Paid Ads,1,0.03,5.0,75067.2,1251.12,Gold
1861,2,6969.4400000000005,3484.7200000000003,Beauty & Personal Care,Desktop,Direct,53,1.77,1.1299,47248.62,6969.44,Silver
1862,1,787.95,787.95,Electronics,Desktop,Organic Search,1,0.03,5.0,47277.0,787.95,Silver
1865,1,934.29,934.29,Books,Desktop,Organic Search,1,0.03,5.0,56057.4,934.29,Gold
1867,1,1414.74,1414.74,Grocery,Desktop,Referral,1,0.03,5.0,84884.4,1414.74,Gold
1868,1,550.28,550.28,Beauty & Personal Care,Desktop,Organic Search,1,0.03,5.0,33016.8,550.28,Silver
1873,1,4479.51,4479.51,Beauty & Personal Care,Desktop,Social Media,1,0.03,5.0,268770.6,4479.51,Platinum
1874,1,742.85,742.85,Grocery,Desktop,Direct,1,0.03,5.0,44571.0,742.85,Silver
1880,1,7776.56,7776.56,Toys & Baby,Mobile,Email Campaign,1,0.03,5.0,466593.6,7776.56,Platinum
1881,1,2444.0,2444.0,Books,Mobile,Social Media,1,0.03,5.0,146640.0,2444.0,Platinum
1885,1,773.51,773.51,Electronics,Mobile,Referral,1,0.03,5.0,46410.6,773.51,Silver
1886,1,3758.12,3758.12,Home & Kitchen,Tablet,Email Campaign,1,0.03,5.0,225487.2,3758.12,Platinum
1889,1,3985.24,3985.24,Beauty & Personal Care,Desktop,Paid Ads,1,0.03,5.0,239114.4,3985.24,Platinum
1890,1,1673.45,1673.45,Electronics,Desktop,Email Campaign,1,0.03,5.0,100407.0,1673.45,Gold
1894,1,3616.48,3616.48,Grocery,Desktop,Email Campaign,1,0.03,5.0,216988.8,3616.48,Platinum
1899,1,3473.2,3473.2,Grocery,Tablet,Organic Search,1,0.03,5.0,208392.0,3473.2,Platinum
1903,1,611.98,611.98,Sports & Fitness,Mobile,Direct,1,0.03,5.0,36718.8,611.98,Silver
1908,1,619.54,619.54,Books,Tablet,Organic Search,1,0.03,5.0,37172.4,619.54,Silver
1914,1,337.89,337.89,Electronics,Desktop,Direct,1,0.03,5.0,20273.4,337.89,Silver
1915,1,1722.87,1722.87,Home & Kitchen,Mobile,Organic Search,1,0.03,5.0,103372.2,1722.87,Gold
1916,1,211.63,211.63,Fashion,Desktop,Referral,1,0.03,5.0,12697.8,211.63,Bronze
1922,1,742.32,742.32,Sports & Fitness,Desktop,Organic Search,1,0.03,5.0,44539.2,742.32,Silver
1923,1,2511.84,2511.84,Electronics,Desktop,Organic Search,1,0.03,5.0,150710.4,2511.84,Platinum
1926,3,3901.2299999999996,1300.4099999999999,Grocery,Desktop,Organic Search,259,8.63,0.3476,5424.27,3901.23,Bronze
1927,1,944.91,944.91,Electronics,Mobile,Direct,1,0.03,5.0,56694.6,944.91,Gold
1929,2,2165.5699999999997,1082.7849999999999,Books,Desktop,Email Campaign,262,8.73,0.2291,2976.79,2165.57,Bronze
1930,2,1232.25,616.125,Electronics,Desktop,Paid Ads,50,1.67,1.1976,8854.46,1232.25,Bronze
1934,2,3780.33,1890.165,Beauty & Personal Care,Mobile,Paid Ads,274,9.13,0.2191,4969.62,3780.33,Bronze
1936,1,1525.02,1525.02,Grocery,Desktop,Direct,1,0.03,5.0,91501.2,1525.02,Gold
1937,1,450.44,450.44,Sports & Fitness,Desktop,Referral,1,0.03,5.0,27026.4,450.44,Silver
1941,3,4066.58,1355.5266666666666,Electronics,Desktop,Email Campaign,56,1.87,1.6043,26096.06,4066.58,Silver
1943,2,5817.66,2908.83,Home & Kitchen,Desktop,Email Campaign,12,0.4,5.0,174529.8,5817.66,Platinum
1945,1,740.14,740.14,Beauty & Personal Care,Desktop,Paid Ads,1,0.03,5.0,44408.4,740.14,Silver
1946,1,442.42,442.42,Beauty & Personal Care,Desktop,Email Campaign,1,0.03,5.0,26545.2,442.42,Silver
1947,1,2008.35,2008.35,Grocery,Mobile,Paid Ads,1,0.03,5.0,120501.0,2008.35,Gold
1948,1,3147.14,3147.14,Grocery,Mobile,Organic Search,1,0.03,5.0,188828.4,3147.14,Platinum
1950,1,3595.68,3595.68,Beauty & Personal Care,Desktop,Email Campaign,1,0.03,5.0,215740.8,3595.68,Platinum
1951,4,5702.030000000001,1425.5075000000002,Beauty & Personal Care,Desktop,Paid Ads,166,5.53,0.7233,12372.83,5702.03,Bronze
1953,2,4341.24,2170.62,Books,Desktop,Direct,126,4.2,0.4762,12403.79,4341.24,Bronze
1955,1,2123.25,2123.25,Grocery,Mobile,Email Campaign,1,0.03,5.0,127395.0,2123.25,Platinum
1956,1,1135.6,1135.6,Electronics,Desktop,Referral,1,0.03,5.0,68136.0,1135.6,Gold
1957,2,2259.73,1129.865,Fashion,Desktop,Direct,45,1.5,1.3333,18077.39,2259.73,Bronze
1958,2,3011.63,1505.815,Beauty & Personal Care,Desktop,Organic Search,313,10.43,0.1918,3465.78,3011.63,Bronze
1959,1,825.0,825.0,Fashion,Mobile,Organic Search,1,0.03,5.0,49500.0,825.0,Silver
1960,2,7002.41,3501.205,Beauty & Personal Care,Desktop,Email Campaign,59,1.97,1.0152,42653.08,7002.41,Silver
1963,1,1399.0,1399.0,Sports & Fitness,Desktop,Referral,1,0.03,5.0,83940.0,1399.0,Gold
1965,1,1619.46,1619.46,Toys & Baby,Tablet,Direct,1,0.03,5.0,97167.6,1619.46,Gold
1966,1,2704.6,2704.6,Grocery,Desktop,Social Media,1,0.03,5.0,162276.0,2704.6,Platinum
1969,1,3084.52,3084.52,Electronics,Desktop,Organic Search,1,0.03,5.0,185071.2,3084.52,Platinum
1971,1,1431.76,1431.76,Grocery,Desktop,Paid Ads,1,0.03,5.0,85905.6,1431.76,Gold
1973,2,10467.41,5233.705,Books,Desktop,Email Campaign,31,1.03,1.9417,121947.42,10467.41,Gold
1974,2,1278.26,639.13,Beauty & Personal Care,Desktop,Email Campaign,76,2.53,0.7905,6062.79,1278.26,Bronze
1977,3,6820.77,2273.59,Fashion,Mobile,Social Media,194,6.47,0.4637,12651.16,6820.77,Bronze
1979,1,6200.4,6200.4,Books,Tablet,Direct,1,0.03,5.0,372024.0,6200.4,Platinum
1982,1,1212.63,1212.63,Beauty & Personal Care,Desktop,Referral,1,0.03,5.0,72757.8,1212.63,Gold
1985,1,4485.96,4485.96,Home & Kitchen,Desktop,Referral,1,0.03,5.0,269157.6,4485.96,Platinum
1986,1,723.1,723.1,Electronics,Desktop,Referral,1,0.03,5.0,43386.0,723.1,Silver
1987,1,564.16,564.16,Electronics,Desktop,Direct,1,0.03,5.0,33849.6,564.16,Silver
1990,1,4020.52,4020.52,Toys & Baby,Desktop,Social Media,1,0.03,5.0,241231.2,4020.52,Platinum
1993,2,756.09,378.045,Electronics,Desktop,Direct,131,4.37,0.4577,2076.37,756.09,Bronze
1994,1,355.84,355.84,Fashion,Desktop,Referral,1,0.03,5.0,21350.4,355.84,Silver
1995,1,493.96,493.96,Electronics,Desktop,Direct,1,0.03,5.0,29637.6,493.96,Silver
1996,1,3338.77,3338.77,Grocery,Mobile,Social Media,1,0.03,5.0,200326.2,3338.77,Platinum
1997,1,2431.34,2431.34,Beauty & Personal Care,Mobile,Referral,1,0.03,5.0,145880.4,2431.34,Platinum
2002,2,1472.05,736.025,Grocery,Desktop,Email Campaign,25,0.83,2.4096,21282.31,1472.05,Silver
2004,1,315.81,315.81,Sports & Fitness,Desktop,Social Media,1,0.03,5.0,18948.6,315.81,Bronze
2008,2,2099.9500000000003,1049.9750000000001,Beauty & Personal Care,Desktop,Direct,55,1.83,1.0929,13770.21,2099.95,Bronze
2009,2,4369.6,2184.8,Books,Desktop,Email Campaign,43,1.43,1.3986,36667.94,4369.6,Silver
2013,2,1609.31,804.655,Books,Mobile,Paid Ads,291,9.7,0.2062,1991.04,1609.31,Bronze
2014,1,232.87,232.87,Books,Desktop,Paid Ads,1,0.03,5.0,13972.2,232.87,Bronze
2017,1,325.76,325.76,Grocery,Desktop,Email Campaign,1,0.03,5.0,19545.6,325.76,Silver
2020,1,3592.26,3592.26,Grocery,Desktop,Email Campaign,1,0.03,5.0,215535.6,3592.26,Platinum
2025,1,407.23,407.23,Electronics,Desktop,Paid Ads,1,0.03,5.0,24433.8,407.23,Silver
2026,2,7683.26,3841.63,Books,Desktop,Direct,26,0.87,2.2989,105978.28,7683.26,Gold
2027,1,1507.9,1507.9,Electronics,Mobile,Organic Search,1,0.03,5.0,90474.0,1507.9,Gold
2029,1,970.4,970.4,Grocery,Tablet,Organic Search,1,0.03,5.0,58224.0,970.4,Gold
2030,1,415.02,415.02,Books,Mobile,Social Media,1,0.03,5.0,24901.2,415.02,Silver
2035,1,2652.92,2652.92,Home & Kitchen,Tablet,Email Campaign,1,0.03,5.0,159175.2,2652.92,Platinum
2036,1,522.43,522.43,Books,Tablet,Social Media,1,0.03,5.0,31345.8,522.43,Silver
2037,1,3138.17,3138.17,Home & Kitchen,Desktop,Paid Ads,1,0.03,5.0,188290.2,3138.17,Platinum
2039,2,1490.94,745.47,Books,Desktop,Direct,216,7.2,0.2778,2485.1,1490.94,Bronze
2041,2,8680.05,4340.025,Books,Desktop,Email Campaign,344,11.47,0.1744,9082.8,8680.05,Bronze
2044,1,843.44,843.44,Fashion,Mobile,Referral,1,0.03,5.0,50606.4,843.44,Silver
2046,1,898.84,898.84,Grocery,Desktop,Referral,1,0.03,5.0,53930.4,898.84,Silver
2048,1,1290.46,1290.46,Fashion,Mobile,Email Campaign,1,0.03,5.0,77427.6,1290.46,Gold
2051,1,507.47,507.47,Home & Kitchen,Mobile,Paid Ads,1,0.03,5.0,30448.2,507.47,Silver
2053,2,1988.96,994.48,Electronics,Desktop,Organic Search,90,3.0,0.6667,7956.24,1988.96,Bronze
2054,1,433.5,433.5,Fashion,Desktop,Direct,1,0.03,5.0,26010.0,433.5,Silver
2055,1,213.01,213.01,Sports & Fitness,Mobile,Referral,1,0.03,5.0,12780.6,213.01,Bronze
2057,1,2175.32,2175.32,Books,Desktop,Paid Ads,1,0.03,5.0,130519.2,2175.32,Platinum
2058,1,1955.16,1955.16,Books,Mobile,Paid Ads,1,0.03,5.0,117309.6,1955.16,Gold
2063,1,1665.32,1665.32,Sports & Fitness,Mobile,Referral,1,0.03,5.0,99919.2,1665.32,Gold
2064,1,4722.15,4722.15,Books,Desktop,Organic Search,1,0.03,5.0,283329.0,4722.15,Platinum
2066,2,2298.8,1149.4,Books,Desktop,Referral,150,5.0,0.4,5517.12,2298.8,Bronze
2068,1,319.95,319.95,Grocery,Desktop,Organic Search,1,0.03,5.0,19197.0,319.95,Bronze
2069,2,2338.08,1169.04,Books,Mobile,Direct,221,7.37,0.2714,3807.33,2338.08,Bronze
2072,2,1600.6,800.3,Beauty & Personal Care,Desktop,Paid Ads,188,6.27,0.319,3063.55,1600.6,Bronze
2073,1,3105.8,3105.8,Toys & Baby,Mobile,Social Media,1,0.03,5.0,186348.0,3105.8,Platinum
2074,2,5171.09,2585.545,Beauty & Personal Care,Desktop,Referral,63,2.1,0.9524,29549.68,5171.09,Silver
2076,1,2587.71,2587.71,Beauty & Personal Care,Desktop,Direct,1,0.03,5.0,155262.6,2587.71,Platinum
2077,1,1295.93,1295.93,Home & Kitchen,Desktop,Social Media,1,0.03,5.0,77755.8,1295.93,Gold
2078,1,482.55,482.55,Sports & Fitness,Desktop,Social Media,1,0.03,5.0,28953.0,482.55,Silver
2079,1,863.97,863.97,Fashion,Tablet,Email Campaign,1,0.03,5.0,51838.2,863.97,Silver
2081,1,3992.52,3992.52,Beauty & Personal Care,Desktop,Referral,1,0.03,5.0,239551.2,3992.52,Platinum
2082,2,6424.95,3212.475,Beauty & Personal Care,Desktop,Social Media,42,1.4,1.4286,55072.1,6424.95,Silver
2089,1,679.29,679.29,Sports & Fitness,Desktop,Organic Search,1,0.03,5.0,40757.4,679.29,Silver
2097,3,4193.98,1397.993333333333,Books,Mobile,Direct,176,5.87,0.5111,8574.17,4193.98,Bronze
2106,1,539.16,539.16,Grocery,Mobile,Social Media,1,0.03,5.0,32349.6,539.16,Silver
2107,1,2090.28,2090.28,Toys & Baby,Mobile,Organic Search,1,0.03,5.0,125416.8,2090.28,Platinum
2113,1,1287.54,1287.54,Beauty & Personal Care,Desktop,Direct,1,0.03,5.0,77252.4,1287.54,Gold
2114,1,1299.41,1299.41,Beauty & Personal Care,Desktop,Organic Search,1,0.03,5.0,77964.6,1299.41,Gold
2115,1,1159.48,1159.48,Grocery,Desktop,Referral,1,0.03,5.0,69568.8,1159.48,Gold
2116,1,545.1,545.1,Sports & Fitness,Desktop,Direct,1,0.03,5.0,32706.0,545.1,Silver
2117,1,1873.58,1873.58,Grocery,Mobile,Organic Search,1,0.03,5.0,112414.8,1873.58,Gold
2119,2,1731.77,865.885,Beauty & Personal Care,Mobile,Direct,131,4.37,0.4577,4755.79,1731.77,Bronze
2120,1,4068.52,4068.52,Books,Desktop,Email Campaign,1,0.03,5.0,244111.2,4068.52,Platinum
2121,2,1081.49,540.745,Fashion,Mobile,Referral,116,3.87,0.5168,3353.48,1081.49,Bronze
2123,1,414.46,414.46,Sports & Fitness,Mobile,Direct,1,0.03,5.0,24867.6,414.46,Silver
2130,1,1295.7,1295.7,Sports & Fitness,Mobile,Paid Ads,1,0.03,5.0,77742.0,1295.7,Gold
2131,1,648.46,648.46,Electronics,Mobile,Direct,1,0.03,5.0,38907.6,648.46,Silver
2132,1,1207.19,1207.19,Sports & Fitness,Mobile,Email Campaign,1,0.03,5.0,72431.4,1207.19,Gold
2135,1,390.76,390.76,Toys & Baby,Mobile,Direct,1,0.03,5.0,23445.6,390.76,Silver
2136,1,2507.7,2507.7,Books,Mobile,Organic Search,1,0.03,5.0,150462.0,2507.7,Platinum
2140,1,3053.3,3053.3,Electronics,Tablet,Direct,1,0.03,5.0,183198.0,3053.3,Platinum
2141,1,4993.64,4993.64,Toys & Baby,Mobile,Organic Search,1,0.03,5.0,299618.4,4993.64,Platinum
2143,1,1030.14,1030.14,Beauty & Personal Care,Mobile,Direct,1,0.03,5.0,61808.4,1030.14,Gold
2144,1,251.92,251.92,Books,Desktop,Social Media,1,0.03,5.0,15115.2,251.92,Bronze
2147,1,2638.53,2638.53,Grocery,Mobile,Email Campaign,1,0.03,5.0,158311.8,2638.53,Platinum
2151,3,7503.79,2501.2633333333333,Beauty & Personal Care,Mobile,Organic Search,173,5.77,0.5199,15604.88,7503.79,Bronze
2154,1,304.51,304.51,Sports & Fitness,Mobile,Email Campaign,1,0.03,5.0,18270.6,304.51,Bronze
2155,3,5645.68,1881.8933333333334,Beauty & Personal Care,Desktop,Direct,27,0.9,3.3333,75274.98,5645.68,Gold
2156,2,1314.3600000000001,657.1800000000001,Fashion,Mobile,Email Campaign,20,0.67,2.9851,23540.98,1314.36,Silver
2157,2,1499.4299999999998,749.7149999999999,Electronics,Desktop,Direct,57,1.9,1.0526,9469.8,1499.43,Bronze
2163,2,1255.83,627.915,Electronics,Mobile,Organic Search,142,4.73,0.4228,3185.79,1255.83,Bronze
2164,1,2502.0,2502.0,Grocery,Desktop,Direct,1,0.03,5.0,150120.0,2502.0,Platinum
2165,1,1361.19,1361.19,Sports & Fitness,Mobile,Email Campaign,1,0.03,5.0,81671.4,1361.19,Gold
2167,2,667.13,333.565,Books,Desktop,Email Campaign,79,2.63,0.7605,3044.11,667.13,Bronze
2169,1,633.88,633.88,Electronics,Desktop,Paid Ads,1,0.03,5.0,38032.8,633.88,Silver
2170,2,7742.3,3871.15,Home & Kitchen,Desktop,Referral,115,3.83,0.5222,24258.17,7742.3,Silver
2176,1,563.42,563.42,Grocery,Desktop,Social Media,1,0.03,5.0,33805.2,563.42,Silver
2177,1,427.52,427.52,Fashion,Desktop,Paid Ads,1,0.03,5.0,25651.2,427.52,Silver
2179,1,255.85,255.85,Fashion,Desktop,Organic Search,1,0.03,5.0,15351.0,255.85,Bronze
2180,1,1217.97,1217.97,Sports & Fitness,Desktop,Social Media,1,0.03,5.0,73078.2,1217.97,Gold
2182,1,597.85,597.85,Electronics,Desktop,Social Media,1,0.03,5.0,35871.0,597.85,Silver
2183,1,2957.16,2957.16,Toys & Baby,Desktop,Social Media,1,0.03,5.0,177429.6,2957.16,Platinum
2184,1,1473.0,1473.0,Sports & Fitness,Mobile,Organic Search,1,0.03,5.0,88380.0,1473.0,Gold
2185,1,2041.33,2041.33,Fashion,Desktop,Email Campaign,1,0.03,5.0,122479.8,2041.33,Gold
2189,1,3144.92,3144.92,Home & Kitchen,Tablet,Email Campaign,1,0.03,5.0,188695.2,3144.92,Platinum
2191,1,1446.88,1446.88,Fashion,Mobile,Paid Ads,1,0.03,5.0,86812.8,1446.88,Gold
2192,1,1029.07,1029.07,Toys & Baby,Tablet,Referral,1,0.03,5.0,61744.2,1029.07,Gold
2193,2,2115.64,1057.82,Beauty & Personal Care,Desktop,Direct,39,1.3,1.5385,19529.47,2115.64,Silver
2199,2,4552.85,2276.425,Home & Kitchen,Desktop,Direct,101,3.37,0.5935,16212.7,4552.85,Bronze
2200,2,2584.41,1292.205,Electronics,Desktop,Email Campaign,203,6.77,0.2954,4580.61,2584.41,Bronze
2201,1,2167.5,2167.5,Grocery,Desktop,Email Campaign,1,0.03,5.0,130050.0,2167.5,Platinum
2202,2,2080.6000000000004,1040.3000000000002,Books,Tablet,Email Campaign,195,6.5,0.3077,3841.2,2080.6,Bronze
2205,1,694.49,694.49,Home & Kitchen,Desktop,Direct,1,0.03,5.0,41669.4,694.49,Silver
2207,1,348.62,348.62,Grocery,Mobile,Social Media,1,0.03,5.0,20917.2,348.62,Silver
2210,1,2921.29,2921.29,Fashion,Mobile,Social Media,1,0.03,5.0,175277.4,2921.29,Platinum
2215,2,4814.959999999999,2407.4799999999996,Home & Kitchen,Desktop,Referral,84,2.8,0.7143,20635.96,4814.96,Silver
2223,1,6708.92,6708.92,Home & Kitchen,Mobile,Social Media,1,0.03,5.0,402535.2,6708.92,Platinum
2224,1,888.29,888.29,Toys & Baby,Desktop,Email Campaign,1,0.03,5.0,53297.4,888.29,Silver
2225,1,864.8,864.8,Fashion,Desktop,Social Media,1,0.03,5.0,51888.0,864.8,Silver
2226,1,4514.0,4514.0,Home & Kitchen,Mobile,Paid Ads,1,0.03,5.0,270840.0,4514.0,Platinum
2227,1,508.2,508.2,Toys & Baby,Desktop,Email Campaign,1,0.03,5.0,30492.0,508.2,Silver
2228,1,1168.78,1168.78,Home & Kitchen,Desktop,Social Media,1,0.03,5.0,70126.8,1168.78,Gold
2229,1,1940.76,1940.76,Fashion,Desktop,Paid Ads,1,0.03,5.0,116445.6,1940.76,Gold
2232,1,490.58,490.58,Fashion,Mobile,Paid Ads,1,0.03,5.0,29434.8,490.58,Silver
2234,1,66.76,66.76,Sports & Fitness,Tablet,Direct,1,0.03,5.0,4005.6,66.76,Bronze
2236,1,802.98,802.98,Grocery,Tablet,Referral,1,0.03,5.0,48178.8,802.98,Silver
2237,1,3555.01,3555.01,Books,Mobile,Direct,1,0.03,5.0,213300.6,3555.01,Platinum
2240,1,2536.47,2536.47,Toys & Baby,Mobile,Organic Search,1,0.03,5.0,152188.2,2536.47,Platinum
2244,1,2059.52,2059.52,Books,Desktop,Email Campaign,1,0.03,5.0,123571.2,2059.52,Gold
2247,1,450.13,450.13,Toys & Baby,Desktop,Email Campaign,1,0.03,5.0,27007.8,450.13,Silver
2255,2,3328.34,1664.17,Electronics,Desktop,Email Campaign,139,4.63,0.432,8627.06,3328.34,Bronze
2258,1,617.2,617.2,Electronics,Desktop,Paid Ads,1,0.03,5.0,37032.0,617.2,Silver
2260,2,4882.51,2441.255,Beauty & Personal Care,Mobile,Direct,50,1.67,1.1976,35083.76,4882.51,Silver
2262,1,415.06,415.06,Beauty & Personal Care,Desktop,Referral,1,0.03,5.0,24903.6,415.06,Silver
2266,1,641.5,641.5,Beauty & Personal Care,Desktop,Referral,1,0.03,5.0,38490.0,641.5,Silver
2275,1,767.39,767.39,Fashion,Desktop,Direct,1,0.03,5.0,46043.4,767.39,Silver
2277,1,951.32,951.32,Sports & Fitness,Mobile,Direct,1,0.03,5.0,57079.2,951.32,Gold
2278,1,2229.28,2229.28,Beauty & Personal Care,Mobile,Paid Ads,1,0.03,5.0,133756.8,2229.28,Platinum
2280,1,1117.05,1117.05,Fashion,Desktop,Organic Search,1,0.03,5.0,67023.0,1117.05,Gold
2281,1,1506.42,1506.42,Books,Mobile,Paid Ads,1,0.03,5.0,90385.2,1506.42,Gold
2282,1,2032.3,2032.3,Beauty & Personal Care,Mobile,Paid Ads,1,0.03,5.0,121938.0,2032.3,Gold
2286,2,1859.9899999999998,929.9949999999999,Grocery,Desktop,Referral,129,4.3,0.4651,5190.49,1859.99,Bronze
2287,2,7664.75,3832.375,Grocery,Desktop,Referral,78,2.6,0.7692,35374.35,7664.75,Silver
2288,1,2882.34,2882.34,Home & Kitchen,Desktop,Direct,1,0.03,5.0,172940.4,2882.34,Platinum
2289,1,2204.36,2204.36,Fashion,Tablet,Email Campaign,1,0.03,5.0,132261.6,2204.36,Platinum
2292,1,2318.59,2318.59,Beauty & Personal Care,Desktop,Email Campaign,1,0.03,5.0,139115.4,2318.59,Platinum
2294,2,1449.48,724.74,Electronics,Desktop,Direct,185,6.17,0.3241,2818.66,1449.48,Bronze
2295,1,6400.47,6400.47,Toys & Baby,Tablet,Direct,1,0.03,5.0,384028.2,6400.47,Platinum
2296,2,2406.66,1203.33,Fashion,Desktop,Direct,49,1.63,1.227,17717.83,2406.66,Bronze
2297,2,2106.12,1053.06,Grocery,Mobile,Email Campaign,238,7.93,0.2522,3186.98,2106.12,Bronze
2303,1,403.28,403.28,Sports & Fitness,Mobile,Referral,1,0.03,5.0,24196.8,403.28,Silver
2307,1,1828.44,1828.44,Books,Desktop,Paid Ads,1,0.03,5.0,109706.4,1828.44,Gold
2308,1,1523.48,1523.48,Books,Mobile,Organic Search,1,0.03,5.0,91408.8,1523.48,Gold
2312,1,5409.68,5409.68,Toys & Baby,Desktop,Direct,1,0.03,5.0,324580.8,5409.68,Platinum
2314,2,2389.71,1194.855,Fashion,Desktop,Direct,207,6.9,0.2899,4156.66,2389.71,Bronze
2319,1,799.92,799.92,Electronics,Mobile,Organic Search,1,0.03,5.0,47995.2,799.92,Silver
2324,1,632.77,632.77,Toys & Baby,Desktop,Referral,1,0.03,5.0,37966.2,632.77,Silver
2325,1,5234.01,5234.01,Books,Desktop,Organic Search,1,0.03,5.0,314040.6,5234.01,Platinum
2327,1,354.06,354.06,Sports & Fitness,Desktop,Direct,1,0.03,5.0,21243.6,354.06,Silver
2329,2,2434.0,1217.0,Fashion,Desktop,Direct,33,1.1,1.8182,26552.99,2434.0,Silver
2335,2,3961.23,1980.615,Grocery,Desktop,Email Campaign,94,3.13,0.639,15187.36,3961.23,Bronze
2344,2,2970.8500000000004,1485.4250000000002,Electronics,Desktop,Referral,71,2.37,0.8439,15042.6,2970.85,Bronze
2347,2,3007.0,1503.5,Electronics,Mobile,Organic Search,159,5.3,0.3774,6809.05,3007.0,Bronze
2349,2,4454.2300000000005,2227.1150000000002,Fashion,Desktop,Referral,10,0.33,5.0,133626.9,4454.23,Platinum
2350,1,1769.0,1769.0,Electronics,Desktop,Referral,1,0.03,5.0,106140.0,1769.0,Gold
2355,2,2391.05,1195.525,Electronics,Desktop,Email Campaign,250,8.33,0.2401,3444.55,2391.05,Bronze
2357,1,484.42,484.42,Fashion,Desktop,Referral,1,0.03,5.0,29065.2,484.42,Silver
2359,3,10788.55,3596.183333333333,Books,Desktop,Social Media,124,4.13,0.7264,31347.21,10788.55,Silver
2361,1,1184.9,1184.9,Sports & Fitness,Desktop,Referral,1,0.03,5.0,71094.0,1184.9,Gold
2363,1,423.72,423.72,Fashion,Mobile,Paid Ads,1,0.03,5.0,25423.2,423.72,Silver
2364,1,4331.28,4331.28,Books,Desktop,Direct,1,0.03,5.0,259876.8,4331.28,Platinum
2365,1,495.65,495.65,Toys & Baby,Desktop,Organic Search,1,0.03,5.0,29739.0,495.65,Silver
2367,1,1637.1,1637.1,Grocery,Desktop,Email Campaign,1,0.03,5.0,98226.0,1637.1,Gold
2368,1,793.74,793.74,Beauty & Personal Care,Tablet,Organic Search,1,0.03,5.0,47624.4,793.74,Silver
2370,1,540.62,540.62,Sports & Fitness,Desktop,Social Media,1,0.03,5.0,32437.2,540.62,Silver
2375,1,3161.86,3161.86,Books,Desktop,Social Media,1,0.03,5.0,189711.6,3161.86,Platinum
2376,1,1353.56,1353.56,Books,Desktop,Referral,1,0.03,5.0,81213.6,1353.56,Gold
2378,2,5497.6,2748.8,Beauty & Personal Care,Mobile,Direct,12,0.4,5.0,164928.0,5497.6,Platinum
2381,1,869.54,869.54,Beauty & Personal Care,Mobile,Social Media,1,0.03,5.0,52172.4,869.54,Silver
2385,1,2476.74,2476.74,Grocery,Mobile,Direct,1,0.03,5.0,148604.4,2476.74,Platinum
2387,1,643.25,643.25,Home & Kitchen,Desktop,Direct,1,0.03,5.0,38595.0,643.25,Silver
2388,1,1168.64,1168.64,Beauty & Personal Care,Mobile,Direct,1,0.03,5.0,70118.4,1168.64,Gold
2390,1,1128.06,1128.06,Grocery,Desktop,Referral,1,0.03,5.0,67683.6,1128.06,Gold
2394,1,2244.2,2244.2,Fashion,Desktop,Organic Search,1,0.03,5.0,134652.0,2244.2,Platinum
2395,1,963.64,963.64,Grocery,Mobile,Email Campaign,1,0.03,5.0,57818.4,963.64,Gold
2396,2,3426.21,1713.105,Beauty & Personal Care,Mobile,Organic Search,164,5.47,0.3656,7515.73,3426.21,Bronze
2398,2,7151.139999999999,3575.5699999999997,Fashion,Desktop,Direct,75,2.5,0.8,34325.47,7151.14,Silver
2399,1,256.94,256.94,Electronics,Mobile,Organic Search,1,0.03,5.0,15416.4,256.94,Bronze
2402,2,4831.389999999999,2415.6949999999997,Beauty & Personal Care,Mobile,Email Campaign,193,6.43,0.311,9015.37,4831.39,Bronze
2405,1,1034.52,1034.52,Beauty & Personal Care,Mobile,Paid Ads,1,0.03,5.0,62071.2,1034.52,Gold
2406,1,2242.92,2242.92,Fashion,Desktop,Email Campaign,1,0.03,5.0,134575.2,2242.92,Platinum
2407,1,242.01,242.01,Electronics,Desktop,Email Campaign,1,0.03,5.0,14520.6,242.01,Bronze
2410,1,1982.73,1982.73,Beauty & Personal Care,Tablet,Direct,1,0.03,5.0,118963.8,1982.73,Gold
2412,2,842.66,421.33,Fashion,Desktop,Direct,246,8.2,0.2439,1233.15,842.66,Bronze
2415,1,2792.32,2792.32,Books,Mobile,Email Campaign,1,0.03,5.0,167539.2,2792.32,Platinum
2417,3,7266.429999999999,2422.143333333333,Books,Desktop,Email Campaign,106,3.53,0.8499,24702.96,7266.43,Silver
2418,3,3150.91,1050.3033333333333,Sports & Fitness,Desktop,Paid Ads,60,2.0,1.5,18905.46,3150.91,Bronze
2419,1,262.53,262.53,Fashion,Mobile,Direct,1,0.03,5.0,15751.8,262.53,Bronze
2421,2,4790.17,2395.085,Toys & Baby,Desktop,Referral,113,3.77,0.5305,15247.11,4790.17,Bronze
2422,3,2554.2200000000003,851.4066666666668,Grocery,Desktop,Paid Ads,210,7.0,0.4286,4378.95,2554.22,Bronze
2423,2,1721.88,860.94,Fashion,Mobile,Paid Ads,197,6.57,0.3044,3144.84,1721.88,Bronze
2424,1,3172.36,3172.36,Grocery,Tablet,Email Campaign,1,0.03,5.0,190341.6,3172.36,Platinum
2425,1,1592.51,1592.51,Fashion,Tablet,Direct,1,0.03,5.0,95550.6,1592.51,Gold
2429,1,3957.48,3957.48,Home & Kitchen,Desktop,Organic Search,1,0.03,5.0,237448.8,3957.48,Platinum
2430,1,641.88,641.88,Sports & Fitness,Desktop,Email Campaign,1,0.03,5.0,38512.8,641.88,Silver
2431,2,2341.2799999999997,1170.6399999999999,Fashion,Desktop,Email Campaign,106,3.53,0.5666,7959.42,2341.28,Bronze
2435,2,5916.63,2958.315,Beauty & Personal Care,Mobile,Referral,16,0.53,3.7736,133961.97,5916.63,Platinum
2436,1,1363.24,1363.24,Electronics,Desktop,Paid Ads,1,0.03,5.0,81794.4,1363.24,Gold
2438,1,4495.8,4495.8,Toys & Baby,Mobile,Social Media,1,0.03,5.0,269748.0,4495.8,Platinum
2440,1,1616.89,1616.89,Toys & Baby,Mobile,Paid Ads,1,0.03,5.0,97013.4,1616.89,Gold
2443,2,1095.1399999999999,547.5699999999999,Books,Desktop,Direct,153,5.1,0.3922,2577.08,1095.14,Bronze
2446,1,6305.0,6305.0,Home & Kitchen,Desktop,Social Media,1,0.03,5.0,378300.0,6305.0,Platinum
2448,1,3704.66,3704.66,Books,Desktop,Paid Ads,1,0.03,5.0,222279.6,3704.66,Platinum
2451,2,4754.38,2377.19,Fashion,Desktop,Email Campaign,35,1.17,1.7094,48762.82,4754.38,Silver
2453,2,8017.26,4008.63,Books,Desktop,Social Media,124,4.13,0.4843,23296.55,8017.26,Silver
2455,1,2008.08,2008.08,Fashion,Desktop,Direct,1,0.03,5.0,120484.8,2008.08,Gold
2458,1,1843.14,1843.14,Home & Kitchen,Desktop,Email Campaign,1,0.03,5.0,110588.4,1843.14,Gold
2459,1,1398.81,1398.81,Books,Mobile,Social Media,1,0.03,5.0,83928.6,1398.81,Gold
2460,1,634.56,634.56,Grocery,Tablet,Direct,1,0.03,5.0,38073.6,634.56,Silver
2461,1,3136.9,3136.9,Books,Tablet,Referral,1,0.03,5.0,188214.0,3136.9,Platinum
2462,2,3195.4700000000003,1597.7350000000001,Grocery,Desktop,Direct,15,0.5,4.0,76691.28,3195.47,Gold
2465,2,1060.6599999999999,530.3299999999999,Grocery,Desktop,Direct,130,4.33,0.4619,2939.51,1060.66,Bronze
2466,1,1050.38,1050.38,Electronics,Desktop,Organic Search,1,0.03,5.0,63022.8,1050.38,Gold
2469,2,2834.2,1417.1,Electronics,Desktop,Direct,195,6.5,0.3077,5232.5,2834.2,Bronze
2472,1,2631.31,2631.31,Home & Kitchen,Desktop,Referral,1,0.03,5.0,157878.6,2631.31,Platinum
2474,1,2877.06,2877.06,Books,Mobile,Paid Ads,1,0.03,5.0,172623.6,2877.06,Platinum
2476,1,1014.83,1014.83,Books,Tablet,Paid Ads,1,0.03,5.0,60889.8,1014.83,Gold
2478,1,619.42,619.42,Electronics,Desktop,Email Campaign,1,0.03,5.0,37165.2,619.42,Silver
2484,1,442.98,442.98,Fashion,Mobile,Email Campaign,1,0.03,5.0,26578.8,442.98,Silver
2486,1,986.19,986.19,Home & Kitchen,Mobile,Email Campaign,1,0.03,5.0,59171.4,986.19,Gold
2487,1,3466.22,3466.22,Toys & Baby,Desktop,Direct,1,0.03,5.0,207973.2,3466.22,Platinum
2488,3,2745.75,915.25,Fashion,Desktop,Direct,117,3.9,0.7692,8448.12,2745.75,Bronze
2489,1,384.48,384.48,Sports & Fitness,Mobile,Email Campaign,1,0.03,5.0,23068.8,384.48,Silver
2490,1,1874.09,1874.09,Grocery,Mobile,Social Media,1,0.03,5.0,112445.4,1874.09,Gold
2491,1,1057.06,1057.06,Books,Mobile,Direct,1,0.03,5.0,63423.6,1057.06,Gold
2492,1,1765.4,1765.4,Toys & Baby,Mobile,Email Campaign,1,0.03,5.0,105924.0,1765.4,Gold
2494,1,174.93,174.93,Sports & Fitness,Mobile,Email Campaign,1,0.03,5.0,10495.8,174.93,Bronze
2498,1,2589.03,2589.03,Grocery,Desktop,Paid Ads,1,0.03,5.0,155341.8,2589.03,Platinum
2501,1,289.33,289.33,Electronics,Desktop,Email Campaign,1,0.03,5.0,17359.8,289.33,Bronze
2503,1,1406.12,1406.12,Home & Kitchen,Desktop,Social Media,1,0.03,5.0,84367.2,1406.12,Gold
2506,1,5779.33,5779.33,Toys & Baby,Desktop,Social Media,1,0.03,5.0,346759.8,5779.33,Platinum
2507,1,943.81,943.81,Grocery,Desktop,Email Campaign,1,0.03,5.0,56628.6,943.81,Gold
2509,4,9080.46,2270.115,Toys & Baby,Desktop,Organic Search,300,10.0,0.4,10896.55,9080.46,Bronze
2510,1,655.47,655.47,Sports & Fitness,Desktop,Paid Ads,1,0.03,5.0,39328.2,655.47,Silver
2511,1,3293.65,3293.65,Grocery,Desktop,Paid Ads,1,0.03,5.0,197619.0,3293.65,Platinum
2515,2,2717.28,1358.64,Fashion,Mobile,Direct,179,5.97,0.335,5461.73,2717.28,Bronze
2517,2,4964.02,2482.01,Grocery,Mobile,Email Campaign,63,2.1,0.9524,28366.4,4964.02,Silver
2519,2,1165.01,582.505,Books,Mobile,Email Campaign,233,7.77,0.2574,1799.24,1165.01,Bronze
2522,1,2041.77,2041.77,Fashion,Desktop,Social Media,1,0.03,5.0,122506.2,2041.77,Gold
2524,1,544.2,544.2,Grocery,Mobile,Social Media,1,0.03,5.0,32652.0,544.2,Silver
2526,2,4137.12,2068.56,Beauty & Personal Care,Desktop,Direct,25,0.83,2.4096,59812.83,4137.12,Gold
2527,2,4376.7,2188.35,Electronics,Desktop,Organic Search,131,4.37,0.4577,12019.29,4376.7,Bronze
2528,1,325.58,325.58,Electronics,Desktop,Referral,1,0.03,5.0,19534.8,325.58,Silver
2532,1,2456.1,2456.1,Toys & Baby,Desktop,Social Media,1,0.03,5.0,147366.0,2456.1,Platinum
2533,1,3765.61,3765.61,Home & Kitchen,Mobile,Referral,1,0.03,5.0,225936.6,3765.61,Platinum
2534,1,2291.33,2291.33,Beauty & Personal Care,Mobile,Email Campaign,1,0.03,5.0,137479.8,2291.33,Platinum
2535,1,800.73,800.73,Grocery,Tablet,Email Campaign,1,0.03,5.0,48043.8,800.73,Silver
2543,1,308.43,308.43,Books,Tablet,Referral,1,0.03,5.0,18505.8,308.43,Bronze
2546,1,5820.69,5820.69,Books,Desktop,Referral,1,0.03,5.0,349241.4,5820.69,Platinum
2549,2,4126.59,2063.295,Books,Desktop,Direct,164,5.47,0.3656,9052.09,4126.59,Bronze
2551,2,2166.74,1083.37,Beauty & Personal Care,Desktop,Referral,57,1.9,1.0526,13684.26,2166.74,Bronze
2556,1,4668.81,4668.81,Home & Kitchen,Mobile,Paid Ads,1,0.03,5.0,280128.6,4668.81,Platinum
2557,1,1406.84,1406.84,Fashion,Mobile,Direct,1,0.03,5.0,84410.4,1406.84,Gold
2558,3,7011.08,2337.0266666666666,Home & Kitchen,Tablet,Referral,339,11.3,0.2655,7445.77,7011.08,Bronze
2559,1,3969.94,3969.94,Grocery,Desktop,Email Campaign,1,0.03,5.0,238196.4,3969.94,Platinum
2564,1,3319.36,3319.36,Beauty & Personal Care,Desktop,Organic Search,1,0.03,5.0,199161.6,3319.36,Platinum
2567,1,602.4,602.4,Sports & Fitness,Desktop,Social Media,1,0.03,5.0,36144.0,602.4,Silver
2569,1,217.17,217.17,Fashion,Mobile,Direct,1,0.03,5.0,13030.2,217.17,Bronze
2572,1,1479.39,1479.39,Grocery,Desktop,Email Campaign,1,0.03,5.0,88763.4,1479.39,Gold
2573,1,233.0,233.0,Sports & Fitness,Mobile,Social Media,1,0.03,5.0,13980.0,233.0,Bronze
2574,3,8379.22,2793.0733333333333,Beauty & Personal Care,Mobile,Paid Ads,254,8.47,0.3542,11871.68,8379.22,Bronze
2576,1,1934.76,1934.76,Books,Desktop,Organic Search,1,0.03,5.0,116085.6,1934.76,Gold
2577,1,1496.55,1496.55,Home & Kitchen,Tablet,Referral,1,0.03,5.0,89793.0,1496.55,Gold
2583,1,473.5,473.5,Beauty & Personal Care,Desktop,Paid Ads,1,0.03,5.0,28410.0,473.5,Silver
2584,1,3175.56,3175.56,Toys & Baby,Mobile,Organic Search,1,0.03,5.0,190533.6,3175.56,Platinum
2585,3,10070.72,3356.9066666666663,Home & Kitchen,Desktop,Direct,169,5.63,0.5329,21466.75,10070.72,Silver
2586,1,4102.48,4102.48,Beauty & Personal Care,Desktop,Referral,1,0.03,5.0,246148.8,4102.48,Platinum
2590,2,1663.9,831.95,Fashion,Mobile,Direct,116,3.87,0.5168,5159.42,1663.9,Bronze
2591,1,3883.94,3883.94,Home & Kitchen,Desktop,Email Campaign,1,0.03,5.0,233036.4,3883.94,Platinum
2595,1,822.96,822.96,Toys & Baby,Desktop,Direct,1,0.03,5.0,49377.6,822.96,Silver
2596,1,425.54,425.54,Fashion,Desktop,Social Media,1,0.03,5.0,25532.4,425.54,Silver
2597,1,3559.62,3559.62,Beauty & Personal Care,Desktop,Organic Search,1,0.03,5.0,213577.2,3559.62,Platinum
2599,1,2026.4,2026.4,Fashion,Tablet,Direct,1,0.03,5.0,121584.0,2026.4,Gold
2600,1,819.53,819.53,Electronics,Desktop,Email Campaign,1,0.03,5.0,49171.8,819.53,Silver
2601,3,2820.4300000000003,940.1433333333334,Beauty & Personal Care,Desktop,Email Campaign,253,8.43,0.3559,4015.16,2820.43,Bronze
2602,1,5324.58,5324.58,Toys & Baby,Mobile,Paid Ads,1,0.03,5.0,319474.8,5324.58,Platinum
2607,2,8590.07,4295.035,Beauty & Personal Care,Mobile,Direct,186,6.2,0.3226,16626.94,8590.07,Bronze
2608,1,2632.28,2632.28,Home & Kitchen,Desktop,Paid Ads,1,0.03,5.0,157936.8,2632.28,Platinum
2611,1,868.77,868.77,Beauty & Personal Care,Mobile,Paid Ads,1,0.03,5.0,52126.2,868.77,Silver
2613,1,2156.08,2156.08,Books,Desktop,Paid Ads,1,0.03,5.0,129364.8,2156.08,Platinum
2615,1,1471.45,1471.45,Home & Kitchen,Mobile,Paid Ads,1,0.03,5.0,88287.0,1471.45,Gold
2622,1,236.64,236.64,Grocery,Mobile,Direct,1,0.03,5.0,14198.4,236.64,Bronze
2629,1,372.65,372.65,Beauty & Personal Care,Desktop,Organic Search,1,0.03,5.0,22359.0,372.65,Silver
2631,1,4762.62,4762.62,Home & Kitchen,Desktop,Email Campaign,1,0.03,5.0,285757.2,4762.62,Platinum
2632,1,631.96,631.96,Grocery,Tablet,Email Campaign,1,0.03,5.0,37917.6,631.96,Silver
2633,1,320.26,320.26,Sports & Fitness,Mobile,Organic Search,1,0.03,5.0,19215.6,320.26,Bronze
2636,1,545.95,545.95,Books,Tablet,Direct,1,0.03,5.0,32757.0,545.95,Silver
2644,2,3809.29,1904.645,Grocery,Desktop,Referral,266,8.87,0.2255,5153.97,3809.29,Bronze
2646,2,2113.0499999999997,1056.5249999999999,Grocery,Desktop,Organic Search,190,6.33,0.316,4006.34,2113.05,Bronze
2647,1,2839.53,2839.53,Beauty & Personal Care,Tablet,Email Campaign,1,0.03,5.0,170371.8,2839.53,Platinum
2648,3,6517.379999999999,2172.4599999999996,Fashion,Desktop,Direct,70,2.33,1.2876,33567.11,6517.38,Silver
2649,1,1448.16,1448.16,Grocery,Mobile,Direct,1,0.03,5.0,86889.6,1448.16,Gold
2650,1,752.76,752.76,Grocery,Tablet,Organic Search,1,0.03,5.0,45165.6,752.76,Silver
2656,1,1952.0,1952.0,Electronics,Mobile,Email Campaign,1,0.03,5.0,117120.0,1952.0,Gold
2658,1,783.21,783.21,Electronics,Desktop,Organic Search,1,0.03,5.0,46992.6,783.21,Silver
2659,1,3550.06,3550.06,Home & Kitchen,Desktop,Organic Search,1,0.03,5.0,213003.6,3550.06,Platinum
2663,2,2529.43,1264.715,Grocery,Desktop,Direct,85,2.83,0.7067,10725.29,2529.43,Bronze
2665,1,2962.44,2962.44,Electronics,Mobile,Organic Search,1,0.03,5.0,177746.4,2962.44,Platinum
2666,1,180.92,180.92,Sports & Fitness,Tablet,Direct,1,0.03,5.0,10855.2,180.92,Bronze
2667,2,2895.0600000000004,1447.5300000000002,Electronics,Mobile,Email Campaign,9,0.3,5.0,86851.8,2895.06,Gold
2668,1,749.17,749.17,Fashion,Tablet,Organic Search,1,0.03,5.0,44950.2,749.17,Silver
2669,1,673.05,673.05,Sports & Fitness,Desktop,Direct,1,0.03,5.0,40383.0,673.05,Silver
2671,3,7731.25,2577.0833333333335,Home & Kitchen,Mobile,Direct,218,7.27,0.4127,12762.75,7731.25,Bronze
2678,1,236.89,236.89,Books,Mobile,Email Campaign,1,0.03,5.0,14213.4,236.89,Bronze
2680,2,4179.96,2089.98,Grocery,Desktop,Social Media,50,1.67,1.1976,30035.52,4179.96,Silver
2684,2,3029.67,1514.835,Fashion,Desktop,Direct,172,5.73,0.349,6344.13,3029.67,Bronze
2688,4,4665.7699999999995,1166.4424999999999,Home & Kitchen,Desktop,Organic Search,217,7.23,0.5533,7744.71,4665.77,Bronze
2689,3,3816.79,1272.2633333333333,Electronics,Mobile,Email Campaign,131,4.37,0.6865,10480.91,3816.79,Bronze
2690,1,557.97,557.97,Electronics,Mobile,Direct,1,0.03,5.0,33478.2,557.97,Silver
2691,1,92.11,92.11,Sports & Fitness,Desktop,Paid Ads,1,0.03,5.0,5526.6,92.11,Bronze
2692,1,223.47,223.47,Sports & Fitness,Desktop,Organic Search,1,0.03,5.0,13408.2,223.47,Bronze
2693,1,1687.28,1687.28,Electronics,Desktop,Organic Search,1,0.03,5.0,101236.8,1687.28,Gold
2698,1,296.98,296.98,Electronics,Mobile,Paid Ads,1,0.03,5.0,17818.8,296.98,Bronze
2701,1,3732.45,3732.45,Books,Mobile,Direct,1,0.03,5.0,223947.0,3732.45,Platinum
2703,1,1355.73,1355.73,Toys & Baby,Desktop,Referral,1,0.03,5.0,81343.8,1355.73,Gold
2705,1,5568.58,5568.58,Toys & Baby,Mobile,Paid Ads,1,0.03,5.0,334114.8,5568.58,Platinum
2707,1,731.68,731.68,Fashion,Mobile,Email Campaign,1,0.03,5.0,43900.8,731.68,Silver
2708,1,2952.29,2952.29,Home & Kitchen,Mobile,Direct,1,0.03,5.0,177137.4,2952.29,Platinum
2710,2,1335.5700000000002,667.7850000000001,Books,Desktop,Direct,196,6.53,0.3063,2454.51,1335.57,Bronze
2711,1,1368.76,1368.76,Beauty & Personal Care,Desktop,Email Campaign,1,0.03,5.0,82125.6,1368.76,Gold
2714,1,514.09,514.09,Electronics,Desktop,Email Campaign,1,0.03,5.0,30845.4,514.09,Silver
2716,1,2245.98,2245.98,Fashion,Mobile,Referral,1,0.03,5.0,134758.8,2245.98,Platinum
2717,2,3890.17,1945.085,Electronics,Mobile,Direct,238,7.93,0.2522,5886.61,3890.17,Bronze
2721,1,389.03,389.03,Beauty & Personal Care,Desktop,Paid Ads,1,0.03,5.0,23341.8,389.03,Silver
2722,1,2545.56,2545.56,Electronics,Mobile,Email Campaign,1,0.03,5.0,152733.6,2545.56,Platinum
2726,2,2550.6800000000003,1275.3400000000001,Beauty & Personal Care,Mobile,Organic Search,13,0.43,4.6512,71182.34,2550.68,Gold
2727,1,1124.67,1124.67,Toys & Baby,Desktop,Organic Search,1,0.03,5.0,67480.2,1124.67,Gold
2728,2,2921.7200000000003,1460.8600000000001,Books,Mobile,Organic Search,95,3.17,0.6309,11059.88,2921.72,Bronze
2730,1,518.11,518.11,Fashion,Desktop,Direct,1,0.03,5.0,31086.6,518.11,Silver
2732,1,435.85,435.85,Beauty & Personal Care,Tablet,Social Media,1,0.03,5.0,26151.0,435.85,Silver
2733,1,1231.76,1231.76,Toys & Baby,Mobile,Email Campaign,1,0.03,5.0,73905.6,1231.76,Gold
2735,2,1635.5300000000002,817.7650000000001,Beauty & Personal Care,Desktop,Organic Search,297,9.9,0.202,1982.26,1635.53,Bronze
2736,1,1461.58,1461.58,Toys & Baby,Mobile,Direct,1,0.03,5.0,87694.8,1461.58,Gold
2737,1,1798.58,1798.58,Home & Kitchen,Mobile,Referral,1,0.03,5.0,107914.8,1798.58,Gold
2738,2,2302.67,1151.335,Beauty & Personal Care,Desktop,Paid Ads,130,4.33,0.4619,6381.62,2302.67,Bronze
2739,1,1943.51,1943.51,Electronics,Mobile,Paid Ads,1,0.03,5.0,116610.6,1943.51,Gold
2740,1,476.04,476.04,Electronics,Desktop,Social Media,1,0.03,5.0,28562.4,476.04,Silver
2742,1,1051.26,1051.26,Beauty & Personal Care,Desktop,Paid Ads,1,0.03,5.0,63075.6,1051.26,Gold
2743,1,765.41,765.41,Fashion,Mobile,Referral,1,0.03,5.0,45924.6,765.41,Silver
2745,1,468.55,468.55,Electronics,Mobile,Email Campaign,1,0.03,5.0,28113.0,468.55,Silver
2746,1,1431.67,1431.67,Home & Kitchen,Mobile,Social Media,1,0.03,5.0,85900.2,1431.67,Gold
2748,1,592.78,592.78,Grocery,Desktop,Organic Search,1,0.03,5.0,35566.8,592.78,Silver
2749,1,333.0,333.0,Fashion,Desktop,Social Media,1,0.03,5.0,19980.0,333.0,Silver
2751,2,8097.55,4048.775,Beauty & Personal Care,Desktop,Direct,223,7.43,0.2692,13079.16,8097.55,Bronze
2753,2,3799.09,1899.545,Electronics,Mobile,Direct,46,1.53,1.3072,29797.02,3799.09,Silver
2754,1,1175.41,1175.41,Home & Kitchen,Mobile,Direct,1,0.03,5.0,70524.6,1175.41,Gold
2755,1,1076.95,1076.95,Toys & Baby,Desktop,Social Media,1,0.03,5.0,64617.0,1076.95,Gold
2756,2,1468.6,734.3,Electronics,Mobile,Referral,54,1.8,1.1111,9790.57,1468.6,Bronze
2757,1,3275.71,3275.71,Beauty & Personal Care,Mobile,Paid Ads,1,0.03,5.0,196542.6,3275.71,Platinum
2758,1,587.9,587.9,Fashion,Desktop,Email Campaign,1,0.03,5.0,35274.0,587.9,Silver
2759,1,3785.88,3785.88,Home & Kitchen,Mobile,Referral,1,0.03,5.0,227152.8,3785.88,Platinum
2760,1,2884.8,2884.8,Beauty & Personal Care,Mobile,Social Media,1,0.03,5.0,173088.0,2884.8,Platinum
2761,1,1030.62,1030.62,Fashion,Desktop,Direct,1,0.03,5.0,61837.2,1030.62,Gold
2769,1,343.64,343.64,Electronics,Tablet,Paid Ads,1,0.03,5.0,20618.4,343.64,Silver
2770,2,6422.71,3211.355,Sports & Fitness,Mobile,Direct,74,2.47,0.8097,31202.81,6422.71,Silver
2771,1,762.26,762.26,Grocery,Desktop,Email Campaign,1,0.03,5.0,45735.6,762.26,Silver
2772,1,2171.84,2171.84,Beauty & Personal Care,Desktop,Social Media,1,0.03,5.0,130310.4,2171.84,Platinum
2780,2,6567.049999999999,3283.5249999999996,Grocery,Desktop,Direct,44,1.47,1.3605,53606.83,6567.05,Silver
2783,4,6986.240000000001,1746.5600000000002,Grocery,Mobile,Referral,242,8.07,0.4957,10389.24,6986.24,Bronze
2786,1,1198.02,1198.02,Fashion,Mobile,Social Media,1,0.03,5.0,71881.2,1198.02,Gold
2787,1,1560.73,1560.73,Toys & Baby,Mobile,Email Campaign,1,0.03,5.0,93643.8,1560.73,Gold
2788,1,707.16,707.16,Fashion,Desktop,Direct,1,0.03,5.0,42429.6,707.16,Silver
2790,1,108.44,108.44,Sports & Fitness,Desktop,Email Campaign,1,0.03,5.0,6506.4,108.44,Bronze
2793,1,331.95,331.95,Fashion,Desktop,Social Media,1,0.03,5.0,19917.0,331.95,Silver
2794,1,4580.96,4580.96,Grocery,Desktop,Direct,1,0.03,5.0,274857.6,4580.96,Platinum
2796,1,3518.39,3518.39,Toys & Baby,Mobile,Paid Ads,1,0.03,5.0,211103.4,3518.39,Platinum
2797,1,1169.0,1169.0,Electronics,Tablet,Paid Ads,1,0.03,5.0,70140.0,1169.0,Gold
2798,2,4643.15,2321.575,Beauty & Personal Care,Desktop,Paid Ads,183,6.1,0.3279,9134.93,4643.15,Bronze
2799,3,6504.94,2168.313333333333,Sports & Fitness,Desktop,Organic Search,149,4.97,0.6036,15705.53,6504.94,Bronze
2801,2,1282.23,641.115,Sports & Fitness,Desktop,Email Campaign,129,4.3,0.4651,3578.19,1282.23,Bronze
2802,1,2972.79,2972.79,Toys & Baby,Desktop,Paid Ads,1,0.03,5.0,178367.4,2972.79,Platinum
2804,1,2572.61,2572.61,Beauty & Personal Care,Desktop,Direct,1,0.03,5.0,154356.6,2572.61,Platinum
2810,2,3787.02,1893.51,Fashion,Mobile,Email Campaign,123,4.1,0.4878,11083.85,3787.02,Bronze
2811,1,2227.05,2227.05,Toys & Baby,Mobile,Referral,1,0.03,5.0,133623.0,2227.05,Platinum
2812,1,1791.55,1791.55,Toys & Baby,Mobile,Paid Ads,1,0.03,5.0,107493.0,1791.55,Gold
2813,1,609.45,609.45,Grocery,Desktop,Referral,1,0.03,5.0,36567.0,609.45,Silver
2814,2,6410.81,3205.405,Books,Desktop,Organic Search,191,6.37,0.314,12077.97,6410.81,Bronze
2816,1,2391.37,2391.37,Books,Mobile,Paid Ads,1,0.03,5.0,143482.2,2391.37,Platinum
2817,1,1364.4,1364.4,Fashion,Mobile,Referral,1,0.03,5.0,81864.0,1364.4,Gold
2818,2,6011.61,3005.805,Books,Mobile,Organic Search,159,5.3,0.3774,13612.69,6011.61,Bronze
2819,1,427.93,427.93,Electronics,Tablet,Paid Ads,1,0.03,5.0,25675.8,427.93,Silver
2821,3,8288.779999999999,2762.9266666666663,Books,Desktop,Paid Ads,262,8.73,0.3436,11392.1,8288.78,Bronze
2824,3,7341.73,2447.2433333333333,Beauty & Personal Care,Tablet,Referral,245,8.17,0.3672,10783.53,7341.73,Bronze
2829,1,643.17,643.17,Fashion,Desktop,Direct,1,0.03,5.0,38590.2,643.17,Silver
2831,1,805.68,805.68,Electronics,Desktop,Organic Search,1,0.03,5.0,48340.8,805.68,Silver
2832,1,4980.84,4980.84,Books,Desktop,Referral,1,0.03,5.0,298850.4,4980.84,Platinum
2833,1,2638.71,2638.71,Beauty & Personal Care,Desktop,Email Campaign,1,0.03,5.0,158322.6,2638.71,Platinum
2835,1,941.6,941.6,Books,Desktop,Email Campaign,1,0.03,5.0,56496.0,941.6,Gold
2838,1,2397.51,2397.51,Fashion,Mobile,Social Media,1,0.03,5.0,143850.6,2397.51,Platinum
2840,1,1597.05,1597.05,Books,Desktop,Direct,1,0.03,5.0,95823.0,1597.05,Gold
2841,1,3929.76,3929.76,Grocery,Desktop,Paid Ads,1,0.03,5.0,235785.6,3929.76,Platinum
2842,2,3089.34,1544.67,Fashion,Desktop,Email Campaign,75,2.5,0.8,14828.83,3089.34,Bronze
2845,1,1238.5,1238.5,Sports & Fitness,Desktop,Social Media,1,0.03,5.0,74310.0,1238.5,Gold
2847,1,4613.8,4613.8,Grocery,Mobile,Organic Search,1,0.03,5.0,276828.0,4613.8,Platinum
2848,1,2121.01,2121.01,Toys & Baby,Mobile,Direct,1,0.03,5.0,127260.6,2121.01,Platinum
2855,1,2712.04,2712.04,Home & Kitchen,Tablet,Organic Search,1,0.03,5.0,162722.4,2712.04,Platinum
2858,1,3152.38,3152.38,Beauty & Personal Care,Mobile,Paid Ads,1,0.03,5.0,189142.8,3152.38,Platinum
2859,1,4138.96,4138.96,Grocery,Tablet,Social Media,1,0.03,5.0,248337.6,4138.96,Platinum
2863,1,924.69,924.69,Grocery,Tablet,Paid Ads,1,0.03,5.0,55481.4,924.69,Silver
2865,1,146.24,146.24,Sports & Fitness,Desktop,Paid Ads,1,0.03,5.0,8774.4,146.24,Bronze
2867,1,847.85,847.85,Toys & Baby,Desktop,Organic Search,1,0.03,5.0,50871.0,847.85,Silver
2869,1,454.2,454.2,Grocery,Desktop,Direct,1,0.03,5.0,27252.0,454.2,Silver
2871,2,4114.53,2057.265,Grocery,Desktop,Email Campaign,64,2.13,0.939,23181.26,4114.53,Silver
2875,1,930.17,930.17,Beauty & Personal Care,Mobile,Social Media,1,0.03,5.0,55810.2,930.17,Gold
2882,1,763.25,763.25,Fashion,Mobile,Direct,1,0.03,5.0,45795.0,763.25,Silver
2883,1,478.52,478.52,Books,Mobile,Referral,1,0.03,5.0,28711.2,478.52,Silver
2884,1,617.88,617.88,Electronics,Desktop,Organic Search,1,0.03,5.0,37072.8,617.88,Silver
2886,1,1603.0,1603.0,Electronics,Desktop,Email Campaign,1,0.03,5.0,96180.0,1603.0,Gold
2887,1,1927.85,1927.85,Electronics,Desktop,Email Campaign,1,0.03,5.0,115671.0,1927.85,Gold
2888,1,1966.66,1966.66,Books,Tablet,Referral,1,0.03,5.0,117999.6,1966.66,Gold
2889,2,4884.33,2442.165,Home & Kitchen,Desktop,Direct,54,1.8,1.1111,32561.87,4884.33,Silver
2891,1,1406.27,1406.27,Grocery,Desktop,Referral,1,0.03,5.0,84376.2,1406.27,Gold
2892,1,342.8,342.8,Electronics,Tablet,Direct,1,0.03,5.0,20568.0,342.8,Silver
2894,1,2382.92,2382.92,Beauty & Personal Care,Desktop,Email Campaign,1,0.03,5.0,142975.2,2382.92,Platinum
2896,1,3365.4,3365.4,Electronics,Mobile,Direct,1,0.03,5.0,201924.0,3365.4,Platinum
2897,1,823.77,823.77,Beauty & Personal Care,Desktop,Referral,1,0.03,5.0,49426.2,823.77,Silver
2903,1,1175.54,1175.54,Home & Kitchen,Mobile,Email Campaign,1,0.03,5.0,70532.4,1175.54,Gold
2905,1,1739.54,1739.54,Electronics,Desktop,Social Media,1,0.03,5.0,104372.4,1739.54,Gold
2908,1,3074.4,3074.4,Grocery,Desktop,Referral,1,0.03,5.0,184464.0,3074.4,Platinum
2909,1,1826.85,1826.85,Fashion,Mobile,Organic Search,1,0.03,5.0,109611.0,1826.85,Gold
2913,2,1228.38,614.19,Sports & Fitness,Mobile,Email Campaign,109,3.63,0.551,4061.02,1228.38,Bronze
2914,1,461.23,461.23,Beauty & Personal Care,Mobile,Social Media,1,0.03,5.0,27673.8,461.23,Silver
2916,2,4901.32,2450.66,Beauty & Personal Care,Mobile,Email Campaign,41,1.37,1.4599,42932.62,4901.32,Silver
2919,2,1208.96,604.48,Electronics,Desktop,Organic Search,200,6.67,0.2999,2175.4,1208.96,Bronze
2920,1,391.61,391.61,Sports & Fitness,Mobile,Paid Ads,1,0.03,5.0,23496.6,391.61,Silver
2924,1,907.07,907.07,Grocery,Mobile,Referral,1,0.03,5.0,54424.2,907.07,Silver
2928,2,372.48,186.24,Fashion,Desktop,Direct,42,1.4,1.4286,3192.75,372.48,Bronze
2930,1,2868.06,2868.06,Toys & Baby,Desktop,Paid Ads,1,0.03,5.0,172083.6,2868.06,Platinum
2931,1,4104.24,4104.24,Beauty & Personal Care,Mobile,Social Media,1,0.03,5.0,246254.4,4104.24,Platinum
2932,1,790.8,790.8,Grocery,Desktop,Direct,1,0.03,5.0,47448.0,790.8,Silver
2933,1,255.36,255.36,Sports & Fitness,Mobile,Email Campaign,1,0.03,5.0,15321.6,255.36,Bronze
2934,1,873.0,873.0,Sports & Fitness,Desktop,Social Media,1,0.03,5.0,52380.0,873.0,Silver
2935,1,2615.72,2615.72,Home & Kitchen,Desktop,Paid Ads,1,0.03,5.0,156943.2,2615.72,Platinum
2936,3,3655.1000000000004,1218.3666666666668,Beauty & Personal Care,Desktop,Direct,67,2.23,1.3453,19668.82,3655.1,Silver
2938,1,1864.33,1864.33,Grocery,Mobile,Email Campaign,1,0.03,5.0,111859.8,1864.33,Gold
2939,5,10970.79,2194.1580000000004,Electronics,Mobile,Paid Ads,350,11.67,0.4284,11279.73,10970.79,Bronze
2940,1,262.75,262.75,Toys & Baby,Mobile,Paid Ads,1,0.03,5.0,15765.0,262.75,Bronze
2941,1,1301.2,1301.2,Toys & Baby,Mobile,Referral,1,0.03,5.0,78072.0,1301.2,Gold
2944,1,629.29,629.29,Grocery,Desktop,Direct,1,0.03,5.0,37757.4,629.29,Silver
2949,2,3033.5,1516.75,Fashion,Desktop,Referral,140,4.67,0.4283,7795.49,3033.5,Bronze
2950,1,7273.84,7273.84,Home & Kitchen,Desktop,Direct,1,0.03,5.0,436430.4,7273.84,Platinum
2952,1,251.28,251.28,Sports & Fitness,Desktop,Referral,1,0.03,5.0,15076.8,251.28,Bronze
2955,2,5796.3,2898.15,Books,Mobile,Paid Ads,201,6.7,0.2985,10381.17,5796.3,Bronze
2957,1,584.86,584.86,Fashion,Mobile,Referral,1,0.03,5.0,35091.6,584.86,Silver
2960,1,1527.31,1527.31,Home & Kitchen,Tablet,Direct,1,0.03,5.0,91638.6,1527.31,Gold
2962,1,2069.36,2069.36,Toys & Baby,Desktop,Direct,1,0.03,5.0,124161.6,2069.36,Gold
2964,1,1198.49,1198.49,Beauty & Personal Care,Desktop,Direct,1,0.03,5.0,71909.4,1198.49,Gold
2967,1,821.97,821.97,Sports & Fitness,Desktop,Referral,1,0.03,5.0,49318.2,821.97,Silver
2970,1,3120.36,3120.36,Fashion,Desktop,Social Media,1,0.03,5.0,187221.6,3120.36,Platinum
2971,1,2426.64,2426.64,Books,Mobile,Direct,1,0.03,5.0,145598.4,2426.64,Platinum
2972,1,363.71,363.71,Fashion,Desktop,Email Campaign,1,0.03,5.0,21822.6,363.71,Silver
2973,3,5777.7,1925.8999999999999,Beauty & Personal Care,Mobile,Email Campaign,346,11.53,0.2602,6013.43,5777.7,Bronze
2974,1,890.53,890.53,Beauty & Personal Care,Desktop,Paid Ads,1,0.03,5.0,53431.8,890.53,Silver
2976,1,1399.04,1399.04,Electronics,Desktop,Social Media,1,0.03,5.0,83942.4,1399.04,Gold
2977,1,2622.92,2622.92,Toys & Baby,Desktop,Email Campaign,1,0.03,5.0,157375.2,2622.92,Platinum
2978,1,395.35,395.35,Sports & Fitness,Desktop,Organic Search,1,0.03,5.0,23721.0,395.35,Silver
2980,2,2601.2,1300.6,Electronics,Desktop,Email Campaign,93,3.1,0.6452,10069.77,2601.2,Bronze
2986,1,569.71,569.71,Electronics,Tablet,Social Media,1,0.03,5.0,34182.6,569.71,Silver
2988,2,537.24,268.62,Beauty & Personal Care,Desktop,Paid Ads,22,0.73,2.7397,8831.26,537.24,Bronze
2990,1,299.85,299.85,Sports & Fitness,Desktop,Email Campaign,1,0.03,5.0,17991.0,299.85,Bronze
2992,2,1485.57,742.785,Beauty & Personal Care,Desktop,Email Campaign,130,4.33,0.4619,4117.11,1485.57,Bronze
2993,1,934.68,934.68,Beauty & Personal Care,Tablet,Referral,1,0.03,5.0,56080.8,934.68,Gold
2994,3,12989.279999999999,4329.759999999999,Home & Kitchen,Desktop,Direct,80,2.67,1.1236,58379.02,12989.28,Gold
2995,1,736.83,736.83,Sports & Fitness,Desktop,Social Media,1,0.03,5.0,44209.8,736.83,Silver
3000,2,2312.56,1156.28,Books,Mobile,Organic Search,88,2.93,0.6826,9471.32,2312.56,Bronze
3002,1,1464.6,1464.6,Beauty & Personal Care,Mobile,Organic Search,1,0.03,5.0,87876.0,1464.6,Gold
3005,1,720.4,720.4,Sports & Fitness,Desktop,Organic Search,1,0.03,5.0,43224.0,720.4,Silver
3009,1,1952.78,1952.78,Toys & Baby,Mobile,Email Campaign,1,0.03,5.0,117166.8,1952.78,Gold
3013,1,180.62,180.62,Grocery,Mobile,Paid Ads,1,0.03,5.0,10837.2,180.62,Bronze
3015,2,3544.8,1772.4,Electronics,Desktop,Email Campaign,328,10.93,0.183,3892.19,3544.8,Bronze
3019,1,805.68,805.68,Books,Desktop,Organic Search,1,0.03,5.0,48340.8,805.68,Silver
3020,1,707.3,707.3,Toys & Baby,Tablet,Direct,1,0.03,5.0,42438.0,707.3,Silver
3021,2,3663.0899999999997,1831.5449999999998,Sports & Fitness,Desktop,Direct,23,0.77,2.5974,57087.06,3663.09,Gold
3022,1,3718.5,3718.5,Home & Kitchen,Desktop,Email Campaign,1,0.03,5.0,223110.0,3718.5,Platinum
3024,2,2757.8900000000003,1378.9450000000002,Electronics,Desktop,Email Campaign,144,4.8,0.4167,6895.28,2757.89,Bronze
3027,1,1859.91,1859.91,Toys & Baby,Mobile,Organic Search,1,0.03,5.0,111594.6,1859.91,Gold
3029,1,3623.36,3623.36,Home & Kitchen,Mobile,Email Campaign,1,0.03,5.0,217401.6,3623.36,Platinum
3030,1,836.96,836.96,Electronics,Desktop,Direct,1,0.03,5.0,50217.6,836.96,Silver
3036,2,3871.66,1935.83,Toys & Baby,Desktop,Direct,346,11.53,0.1735,4030.4,3871.66,Bronze
3038,1,1149.52,1149.52,Fashion,Desktop,Referral,1,0.03,5.0,68971.2,1149.52,Gold
3045,1,1281.66,1281.66,Home & Kitchen,Desktop,Paid Ads,1,0.03,5.0,76899.6,1281.66,Gold
3046,1,1960.17,1960.17,Home & Kitchen,Mobile,Referral,1,0.03,5.0,117610.2,1960.17,Gold
3048,1,354.54,354.54,Electronics,Desktop,Direct,1,0.03,5.0,21272.4,354.54,Silver
3049,2,2610.6,1305.3,Electronics,Desktop,Direct,155,5.17,0.3868,6058.68,2610.6,Bronze
3052,3,6955.42,2318.4733333333334,Beauty & Personal Care,Mobile,Organic Search,80,2.67,1.1236,31260.44,6955.42,Silver
3057,1,2733.19,2733.19,Home & Kitchen,Mobile,Referral,1,0.03,5.0,163991.4,2733.19,Platinum
3059,1,913.98,913.98,Books,Desktop,Email Campaign,1,0.03,5.0,54838.8,913.98,Silver
3061,1,3134.76,3134.76,Home & Kitchen,Mobile,Social Media,1,0.03,5.0,188085.6,3134.76,Platinum
3065,1,1164.46,1164.46,Toys & Baby,Mobile,Direct,1,0.03,5.0,69867.6,1164.46,Gold
3067,1,1071.75,1071.75,Beauty & Personal Care,Mobile,Paid Ads,1,0.03,5.0,64305.0,1071.75,Gold
3068,1,887.56,887.56,Sports & Fitness,Desktop,Paid Ads,1,0.03,5.0,53253.6,887.56,Silver
3069,1,676.4,676.4,Sports & Fitness,Mobile,Paid Ads,1,0.03,5.0,40584.0,676.4,Silver
3071,1,1649.41,1649.41,Electronics,Desktop,Paid Ads,1,0.03,5.0,98964.6,1649.41,Gold
3072,2,4101.24,2050.62,Home & Kitchen,Desktop,Organic Search,61,2.03,0.9852,24243.25,4101.24,Silver
3073,1,4979.55,4979.55,Home & Kitchen,Desktop,Direct,1,0.03,5.0,298773.0,4979.55,Platinum
3077,1,2031.59,2031.59,Books,Mobile,Email Campaign,1,0.03,5.0,121895.4,2031.59,Gold
3078,1,224.83,224.83,Fashion,Desktop,Paid Ads,1,0.03,5.0,13489.8,224.83,Bronze
3079,1,3527.74,3527.74,Books,Tablet,Referral,1,0.03,5.0,211664.4,3527.74,Platinum
3081,1,1658.87,1658.87,Books,Desktop,Social Media,1,0.03,5.0,99532.2,1658.87,Gold
3087,2,967.83,483.915,Electronics,Desktop,Referral,152,5.07,0.3945,2290.85,967.83,Bronze
3088,1,246.29,246.29,Fashion,Tablet,Paid Ads,1,0.03,5.0,14777.4,246.29,Bronze
3090,1,734.66,734.66,Books,Desktop,Organic Search,1,0.03,5.0,44079.6,734.66,Silver
3092,2,7062.030000000001,3531.0150000000003,Beauty & Personal Care,Desktop,Direct,224,7.47,0.2677,11343.03,7062.03,Bronze
3094,1,2375.11,2375.11,Books,Mobile,Paid Ads,1,0.03,5.0,142506.6,2375.11,Platinum
3101,1,1956.67,1956.67,Fashion,Desktop,Email Campaign,1,0.03,5.0,117400.2,1956.67,Gold
3105,1,821.18,821.18,Beauty & Personal Care,Desktop,Direct,1,0.03,5.0,49270.8,821.18,Silver
3106,1,2749.36,2749.36,Toys & Baby,Mobile,Referral,1,0.03,5.0,164961.6,2749.36,Platinum
3107,1,1754.48,1754.48,Sports & Fitness,Desktop,Paid Ads,1,0.03,5.0,105268.8,1754.48,Gold
3111,1,169.29,169.29,Electronics,Desktop,Paid Ads,1,0.03,5.0,10157.4,169.29,Bronze
3113,1,1879.1,1879.1,Home & Kitchen,Desktop,Paid Ads,1,0.03,5.0,112746.0,1879.1,Gold
3116,2,2318.0699999999997,1159.0349999999999,Beauty & Personal Care,Tablet,Email Campaign,5,0.17,5.0,69542.1,2318.07,Gold
3117,1,1065.5,1065.5,Books,Desktop,Direct,1,0.03,5.0,63930.0,1065.5,Gold
3118,2,2332.74,1166.37,Home & Kitchen,Desktop,Referral,121,4.03,0.4963,6946.43,2332.74,Bronze
3119,2,4961.79,2480.895,Sports & Fitness,Mobile,Paid Ads,51,1.7,1.1765,35025.28,4961.79,Silver
3121,2,4383.87,2191.935,Grocery,Desktop,Referral,17,0.57,3.5088,92292.74,4383.87,Gold
3122,1,2434.09,2434.09,Beauty & Personal Care,Desktop,Organic Search,1,0.03,5.0,146045.4,2434.09,Platinum
3123,1,403.01,403.01,Sports & Fitness,Mobile,Referral,1,0.03,5.0,24180.6,403.01,Silver
3124,1,240.26,240.26,Sports & Fitness,Desktop,Referral,1,0.03,5.0,14415.6,240.26,Bronze
3126,1,724.99,724.99,Grocery,Desktop,Social Media,1,0.03,5.0,43499.4,724.99,Silver
3128,3,2478.08,826.0266666666666,Sports & Fitness,Desktop,Email Campaign,112,3.73,0.8043,7972.48,2478.08,Bronze
3129,1,2074.68,2074.68,Grocery,Tablet,Organic Search,1,0.03,5.0,124480.8,2074.68,Platinum
3131,1,881.86,881.86,Grocery,Desktop,Social Media,1,0.03,5.0,52911.6,881.86,Silver
3133,1,1733.53,1733.53,Home & Kitchen,Desktop,Email Campaign,1,0.03,5.0,104011.8,1733.53,Gold
3134,1,604.0,604.0,Fashion,Mobile,Direct,1,0.03,5.0,36240.0,604.0,Silver
3135,2,1976.2,988.1,Books,Desktop,Direct,119,3.97,0.5038,5973.66,1976.2,Bronze
3137,1,3071.68,3071.68,Fashion,Desktop,Social Media,1,0.03,5.0,184300.8,3071.68,Platinum
3139,1,2161.92,2161.92,Electronics,Desktop,Referral,1,0.03,5.0,129715.2,2161.92,Platinum
3140,2,3433.88,1716.94,Home & Kitchen,Desktop,Direct,207,6.9,0.2899,5972.89,3433.88,Bronze
3141,1,893.18,893.18,Toys & Baby,Mobile,Email Campaign,1,0.03,5.0,53590.8,893.18,Silver
3142,2,965.03,482.515,Fashion,Desktop,Direct,149,4.97,0.4024,2329.97,965.03,Bronze
3144,1,2964.06,2964.06,Electronics,Desktop,Referral,1,0.03,5.0,177843.6,2964.06,Platinum
3145,1,2348.29,2348.29,Fashion,Mobile,Email Campaign,1,0.03,5.0,140897.4,2348.29,Platinum
3150,1,351.11,351.11,Fashion,Desktop,Paid Ads,1,0.03,5.0,21066.6,351.11,Silver
3151,1,3652.0,3652.0,Home & Kitchen,Desktop,Email Campaign,1,0.03,5.0,219120.0,3652.0,Platinum
3155,1,257.28,257.28,Grocery,Tablet,Direct,1,0.03,5.0,15436.8,257.28,Bronze
3160,1,825.21,825.21,Sports & Fitness,Desktop,Referral,1,0.03,5.0,49512.6,825.21,Silver
3162,2,5189.4400000000005,2594.7200000000003,Grocery,Desktop,Email Campaign,133,4.43,0.4515,14058.19,5189.44,Bronze
3166,1,165.26,165.26,Sports & Fitness,Desktop,Email Campaign,1,0.03,5.0,9915.6,165.26,Bronze
3170,1,1152.64,1152.64,Fashion,Desktop,Organic Search,1,0.03,5.0,69158.4,1152.64,Gold
3173,1,1159.81,1159.81,Electronics,Mobile,Social Media,1,0.03,5.0,69588.6,1159.81,Gold
3176,1,1004.96,1004.96,Home & Kitchen,Mobile,Organic Search,1,0.03,5.0,60297.6,1004.96,Gold
3180,1,119.71,119.71,Fashion,Mobile,Email Campaign,1,0.03,5.0,7182.6,119.71,Bronze
3182,1,1050.62,1050.62,Beauty & Personal Care,Desktop,Direct,1,0.03,5.0,63037.2,1050.62,Gold
3183,1,401.2,401.2,Sports & Fitness,Desktop,Organic Search,1,0.03,5.0,24072.0,401.2,Silver
3184,1,1203.93,1203.93,Electronics,Mobile,Organic Search,1,0.03,5.0,72235.8,1203.93,Gold
3188,2,2043.6399999999999,1021.8199999999999,Beauty & Personal Care,Desktop,Email Campaign,208,6.93,0.2886,3538.77,2043.64,Bronze
3189,1,653.14,653.14,Books,Mobile,Direct,1,0.03,5.0,39188.4,653.14,Silver
3191,2,4114.66,2057.33,Fashion,Desktop,Direct,203,6.77,0.2954,7292.82,4114.66,Bronze
3192,2,3772.46,1886.23,Books,Desktop,Referral,23,0.77,2.5974,58791.53,3772.46,Gold
3193,2,6477.18,3238.59,Toys & Baby,Desktop,Referral,56,1.87,1.0695,41564.06,6477.18,Silver
3196,1,796.46,796.46,Books,Mobile,Organic Search,1,0.03,5.0,47787.6,796.46,Silver
3197,1,2187.33,2187.33,Electronics,Mobile,Paid Ads,1,0.03,5.0,131239.8,2187.33,Platinum
3199,1,113.04,113.04,Fashion,Desktop,Email Campaign,1,0.03,5.0,6782.4,113.04,Bronze
3200,3,4233.42,1411.14,Books,Desktop,Paid Ads,144,4.8,0.625,10583.55,4233.42,Bronze
3202,1,1859.47,1859.47,Fashion,Desktop,Social Media,1,0.03,5.0,111568.2,1859.47,Gold
3203,1,438.66,438.66,Sports & Fitness,Desktop,Organic Search,1,0.03,5.0,26319.6,438.66,Silver
3204,1,3017.0,3017.0,Books,Mobile,Email Campaign,1,0.03,5.0,181020.0,3017.0,Platinum
3205,1,2309.84,2309.84,Home & Kitchen,Mobile,Direct,1,0.03,5.0,138590.4,2309.84,Platinum
3206,1,2005.05,2005.05,Books,Desktop,Organic Search,1,0.03,5.0,120303.0,2005.05,Gold
3207,2,7242.75,3621.375,Beauty & Personal Care,Desktop,Organic Search,46,1.53,1.3072,56806.34,7242.75,Gold
3211,1,5794.96,5794.96,Beauty & Personal Care,Desktop,Direct,1,0.03,5.0,347697.6,5794.96,Platinum
3213,2,3030.91,1515.455,Books,Desktop,Organic Search,170,5.67,0.3527,6414.01,3030.91,Bronze
3214,1,634.7,634.7,Books,Desktop,Social Media,1,0.03,5.0,38082.0,634.7,Silver
3216,1,2933.06,2933.06,Home & Kitchen,Mobile,Paid Ads,1,0.03,5.0,175983.6,2933.06,Platinum
3218,1,4502.4,4502.4,Books,Desktop,Referral,1,0.03,5.0,270144.0,4502.4,Platinum
3221,2,3051.3599999999997,1525.6799999999998,Electronics,Mobile,Organic Search,14,0.47,4.2553,77906.71,3051.36,Gold
3222,1,2717.68,2717.68,Home & Kitchen,Desktop,Social Media,1,0.03,5.0,163060.8,2717.68,Platinum
3225,3,4888.14,1629.38,Beauty & Personal Care,Desktop,Organic Search,162,5.4,0.5556,10863.4,4888.14,Bronze
3228,1,1034.3,1034.3,Books,Desktop,Direct,1,0.03,5.0,62058.0,1034.3,Gold
3229,1,2260.08,2260.08,Home & Kitchen,Desktop,Referral,1,0.03,5.0,135604.8,2260.08,Platinum
3237,1,1911.91,1911.91,Toys & Baby,Desktop,Email Campaign,1,0.03,5.0,114714.6,1911.91,Gold
3238,1,3150.44,3150.44,Toys & Baby,Desktop,Social Media,1,0.03,5.0,189026.4,3150.44,Platinum
3239,1,3147.62,3147.62,Books,Desktop,Referral,1,0.03,5.0,188857.2,3147.62,Platinum
3240,2,5949.87,2974.935,Electronics,Desktop,Direct,90,3.0,0.6667,23800.67,5949.87,Silver
3241,1,1005.99,1005.99,Sports & Fitness,Mobile,Organic Search,1,0.03,5.0,60359.4,1005.99,Gold
3243,1,993.0,993.0,Beauty & Personal Care,Mobile,Paid Ads,1,0.03,5.0,59580.0,993.0,Gold
3244,1,1171.08,1171.08,Fashion,Desktop,Referral,1,0.03,5.0,70264.8,1171.08,Gold
3245,2,5923.93,2961.965,Home & Kitchen,Desktop,Direct,158,5.27,0.3795,13488.79,5923.93,Bronze
3247,1,997.77,997.77,Fashion,Desktop,Social Media,1,0.03,5.0,59866.2,997.77,Gold
3251,1,1336.07,1336.07,Books,Desktop,Email Campaign,1,0.03,5.0,80164.2,1336.07,Gold
3252,2,2312.12,1156.06,Electronics,Desktop,Direct,38,1.27,1.5748,21846.76,2312.12,Silver
3253,2,1151.15,575.575,Books,Mobile,Paid Ads,119,3.97,0.5038,3479.7,1151.15,Bronze
3258,1,4411.99,4411.99,Books,Tablet,Social Media,1,0.03,5.0,264719.4,4411.99,Platinum
3259,1,533.81,533.81,Home & Kitchen,Desktop,Email Campaign,1,0.03,5.0,32028.6,533.81,Silver
3263,2,4747.86,2373.93,Electronics,Desktop,Organic Search,127,4.23,0.4728,13468.73,4747.86,Bronze
3267,1,798.8,798.8,Toys & Baby,Mobile,Paid Ads,1,0.03,5.0,47928.0,798.8,Silver
3273,1,423.2,423.2,Fashion,Desktop,Social Media,1,0.03,5.0,25392.0,423.2,Silver
3277,2,2710.45,1355.225,Beauty & Personal Care,Desktop,Email Campaign,70,2.33,0.8584,13959.9,2710.45,Bronze
3279,1,240.42,240.42,Toys & Baby,Mobile,Organic Search,1,0.03,5.0,14425.2,240.42,Bronze
3280,1,386.38,386.38,Grocery,Desktop,Organic Search,1,0.03,5.0,23182.8,386.38,Silver
3281,1,644.69,644.69,Sports & Fitness,Desktop,Organic Search,1,0.03,5.0,38681.4,644.69,Silver
3282,1,2087.93,2087.93,Toys & Baby,Desktop,Paid Ads,1,0.03,5.0,125275.8,2087.93,Platinum
3283,1,4274.84,4274.84,Books,Mobile,Social Media,1,0.03,5.0,256490.4,4274.84,Platinum
3284,1,2739.08,2739.08,Home & Kitchen,Mobile,Paid Ads,1,0.03,5.0,164344.8,2739.08,Platinum
3285,1,1263.83,1263.83,Beauty & Personal Care,Desktop,Paid Ads,1,0.03,5.0,75829.8,1263.83,Gold
3287,1,147.91,147.91,Fashion,Tablet,Social Media,1,0.03,5.0,8874.6,147.91,Bronze
3291,2,5370.21,2685.105,Books,Desktop,Email Campaign,132,4.4,0.4545,14644.56,5370.21,Bronze
3292,1,1468.34,1468.34,Books,Mobile,Direct,1,0.03,5.0,88100.4,1468.34,Gold
3293,1,521.76,521.76,Electronics,Desktop,Social Media,1,0.03,5.0,31305.6,521.76,Silver
3296,1,625.81,625.81,Grocery,Desktop,Direct,1,0.03,5.0,37548.6,625.81,Silver
3300,3,4454.7300000000005,1484.91,Grocery,Desktop,Direct,246,8.2,0.3659,6519.94,4454.73,Bronze
3301,1,3925.78,3925.78,Home & Kitchen,Mobile,Social Media,1,0.03,5.0,235546.8,3925.78,Platinum
3307,1,1220.33,1220.33,Beauty & Personal Care,Mobile,Paid Ads,1,0.03,5.0,73219.8,1220.33,Gold
3310,2,5221.030000000001,2610.5150000000003,Beauty & Personal Care,Desktop,Paid Ads,211,7.03,0.2845,8912.3,5221.03,Bronze
3311,1,685.27,685.27,Beauty & Personal Care,Desktop,Direct,1,0.03,5.0,41116.2,685.27,Silver
3315,1,2191.24,2191.24,Home & Kitchen,Desktop,Paid Ads,1,0.03,5.0,131474.4,2191.24,Platinum
3316,1,137.74,137.74,Sports & Fitness,Mobile,Social Media,1,0.03,5.0,8264.4,137.74,Bronze
3318,1,3604.26,3604.26,Grocery,Desktop,Organic Search,1,0.03,5.0,216255.6,3604.26,Platinum
3320,1,2607.94,2607.94,Fashion,Desktop,Organic Search,1,0.03,5.0,156476.4,2607.94,Platinum
3322,2,1001.37,500.685,Fashion,Mobile,Paid Ads,89,2.97,0.6734,4045.94,1001.37,Bronze
3326,3,3405.75,1135.25,Electronics,Desktop,Email Campaign,155,5.17,0.5803,7905.43,3405.75,Bronze
3332,1,1074.4,1074.4,Sports & Fitness,Desktop,Organic Search,1,0.03,5.0,64464.0,1074.4,Gold
3333,1,1789.48,1789.48,Books,Desktop,Email Campaign,1,0.03,5.0,107368.8,1789.48,Gold
3334,1,59.89,59.89,Sports & Fitness,Desktop,Paid Ads,1,0.03,5.0,3593.4,59.89,Bronze
3336,1,705.1,705.1,Grocery,Mobile,Social Media,1,0.03,5.0,42306.0,705.1,Silver
3338,1,492.48,492.48,Sports & Fitness,Desktop,Paid Ads,1,0.03,5.0,29548.8,492.48,Silver
3339,1,721.76,721.76,Fashion,Desktop,Referral,1,0.03,5.0,43305.6,721.76,Silver
3342,1,5903.34,5903.34,Toys & Baby,Tablet,Email Campaign,1,0.03,5.0,354200.4,5903.34,Platinum
3343,1,910.42,910.42,Books,Mobile,Organic Search,1,0.03,5.0,54625.2,910.42,Silver
3344,1,505.66,505.66,Toys & Baby,Mobile,Social Media,1,0.03,5.0,30339.6,505.66,Silver
3345,1,600.6,600.6,Home & Kitchen,Desktop,Referral,1,0.03,5.0,36036.0,600.6,Silver
3346,1,3470.25,3470.25,Beauty & Personal Care,Desktop,Social Media,1,0.03,5.0,208215.0,3470.25,Platinum
3347,1,1242.62,1242.62,Beauty & Personal Care,Desktop,Referral,1,0.03,5.0,74557.2,1242.62,Gold
3350,2,1715.62,857.81,Home & Kitchen,Desktop,Email Campaign,38,1.27,1.5748,16210.55,1715.62,Bronze
3352,1,3358.76,3358.76,Toys & Baby,Desktop,Paid Ads,1,0.03,5.0,201525.6,3358.76,Platinum
3357,1,1420.48,1420.48,Home & Kitchen,Desktop,Paid Ads,1,0.03,5.0,85228.8,1420.48,Gold
3358,1,4474.89,4474.89,Toys & Baby,Mobile,Paid Ads,1,0.03,5.0,268493.4,4474.89,Platinum
3361,1,2519.24,2519.24,Home & Kitchen,Mobile,Direct,1,0.03,5.0,151154.4,2519.24,Platinum
3362,1,279.9,279.9,Electronics,Mobile,Email Campaign,1,0.03,5.0,16794.0,279.9,Bronze
3366,2,2239.67,1119.835,Grocery,Mobile,Paid Ads,93,3.1,0.6452,8670.21,2239.67,Bronze
3368,1,394.78,394.78,Sports & Fitness,Tablet,Email Campaign,1,0.03,5.0,23686.8,394.78,Silver
3374,2,2421.4700000000003,1210.7350000000001,Electronics,Mobile,Social Media,319,10.63,0.1881,2732.87,2421.47,Bronze
3375,1,856.0,856.0,Books,Desktop,Referral,1,0.03,5.0,51360.0,856.0,Silver
3376,1,1505.65,1505.65,Home & Kitchen,Desktop,Paid Ads,1,0.03,5.0,90339.0,1505.65,Gold
3377,1,6388.2,6388.2,Home & Kitchen,Tablet,Referral,1,0.03,5.0,383292.0,6388.2,Platinum
3381,2,969.0799999999999,484.53999999999996,Electronics,Mobile,Direct,206,6.87,0.2911,1692.6,969.08,Bronze
3382,1,391.84,391.84,Fashion,Desktop,Referral,1,0.03,5.0,23510.4,391.84,Silver
3383,2,5576.62,2788.31,Beauty & Personal Care,Desktop,Referral,110,3.67,0.545,18235.55,5576.62,Bronze
3384,1,251.7,251.7,Electronics,Mobile,Referral,1,0.03,5.0,15102.0,251.7,Bronze
3386,2,4699.51,2349.755,Beauty & Personal Care,Mobile,Paid Ads,180,6.0,0.3333,9398.08,4699.51,Bronze
3387,1,3658.96,3658.96,Beauty & Personal Care,Desktop,Organic Search,1,0.03,5.0,219537.6,3658.96,Platinum
3391,1,2749.4,2749.4,Electronics,Desktop,Email Campaign,1,0.03,5.0,164964.0,2749.4,Platinum
3392,1,372.63,372.63,Sports & Fitness,Mobile,Paid Ads,1,0.03,5.0,22357.8,372.63,Silver
3393,1,3370.34,3370.34,Home & Kitchen,Tablet,Direct,1,0.03,5.0,202220.4,3370.34,Platinum
3394,1,196.74,196.74,Grocery,Desktop,Organic Search,1,0.03,5.0,11804.4,196.74,Bronze
3398,1,3165.84,3165.84,Beauty & Personal Care,Mobile,Social Media,1,0.03,5.0,189950.4,3165.84,Platinum
3402,4,4704.38,1176.095,Books,Mobile,Direct,286,9.53,0.4197,5923.28,4704.38,Bronze
3403,2,6197.36,3098.68,Books,Mobile,Paid Ads,141,4.7,0.4255,15821.86,6197.36,Bronze
3404,1,1355.7,1355.7,Grocery,Desktop,Organic Search,1,0.03,5.0,81342.0,1355.7,Gold
3405,1,1821.53,1821.53,Fashion,Desktop,Organic Search,1,0.03,5.0,109291.8,1821.53,Gold
3406,1,1057.37,1057.37,Beauty & Personal Care,Desktop,Direct,1,0.03,5.0,63442.2,1057.37,Gold
3407,2,1278.8899999999999,639.4449999999999,Electronics,Desktop,Organic Search,54,1.8,1.1111,8525.85,1278.89,Bronze
3409,2,1790.9299999999998,895.4649999999999,Home & Kitchen,Desktop,Email Campaign,34,1.13,1.7699,19018.6,1790.93,Bronze
3412,2,6989.15,3494.575,Home & Kitchen,Desktop,Email Campaign,54,1.8,1.1111,46593.87,6989.15,Silver
3414,1,592.12,592.12,Toys & Baby,Desktop,Organic Search,1,0.03,5.0,35527.2,592.12,Silver
3415,1,961.2,961.2,Toys & Baby,Tablet,Paid Ads,1,0.03,5.0,57672.0,961.2,Gold
3418,1,638.0,638.0,Sports & Fitness,Desktop,Paid Ads,1,0.03,5.0,38280.0,638.0,Silver
3419,2,3938.33,1969.165,Electronics,Desktop,Paid Ads,277,9.23,0.2167,5120.62,3938.33,Bronze
3420,1,2290.18,2290.18,Toys & Baby,Mobile,Direct,1,0.03,5.0,137410.8,2290.18,Platinum
3422,1,1727.88,1727.88,Sports & Fitness,Desktop,Referral,1,0.03,5.0,103672.8,1727.88,Gold
3423,1,207.01,207.01,Sports & Fitness,Desktop,Referral,1,0.03,5.0,12420.6,207.01,Bronze
3424,1,3025.64,3025.64,Home & Kitchen,Tablet,Email Campaign,1,0.03,5.0,181538.4,3025.64,Platinum
3425,2,1945.23,972.615,Electronics,Desktop,Email Campaign,185,6.17,0.3241,3782.69,1945.23,Bronze
3432,2,4211.07,2105.535,Home & Kitchen,Desktop,Organic Search,26,0.87,2.2989,58084.97,4211.07,Gold
3434,1,648.62,648.62,Beauty & Personal Care,Desktop,Direct,1,0.03,5.0,38917.2,648.62,Silver
3435,1,1218.84,1218.84,Toys & Baby,Mobile,Organic Search,1,0.03,5.0,73130.4,1218.84,Gold
3436,2,2152.7,1076.35,Electronics,Desktop,Social Media,46,1.53,1.3072,16884.06,2152.7,Bronze
3437,2,3057.62,1528.81,Books,Mobile,Referral,260,8.67,0.2307,4232.36,3057.62,Bronze
3438,3,4428.71,1476.2366666666667,Beauty & Personal Care,Desktop,Social Media,115,3.83,0.7833,13876.03,4428.71,Bronze
3439,1,920.65,920.65,Electronics,Tablet,Email Campaign,1,0.03,5.0,55239.0,920.65,Silver
3440,1,3063.96,3063.96,Fashion,Desktop,Organic Search,1,0.03,5.0,183837.6,3063.96,Platinum
3441,3,10079.25,3359.75,Grocery,Mobile,Organic Search,318,10.6,0.283,11409.71,10079.25,Bronze
3444,1,356.44,356.44,Fashion,Mobile,Email Campaign,1,0.03,5.0,21386.4,356.44,Silver
3448,1,2963.9,2963.9,Toys & Baby,Desktop,Organic Search,1,0.03,5.0,177834.0,2963.9,Platinum
3449,1,1049.52,1049.52,Toys & Baby,Mobile,Email Campaign,1,0.03,5.0,62971.2,1049.52,Gold
3452,1,886.34,886.34,Home & Kitchen,Mobile,Social Media,1,0.03,5.0,53180.4,886.34,Silver
3453,1,405.05,405.05,Sports & Fitness,Mobile,Direct,1,0.03,5.0,24303.0,405.05,Silver
3456,3,2437.7,812.5666666666666,Beauty & Personal Care,Desktop,Referral,223,7.43,0.4038,3937.37,2437.7,Bronze
3457,1,2720.07,2720.07,Home & Kitchen,Desktop,Email Campaign,1,0.03,5.0,163204.2,2720.07,Platinum
3458,1,3372.98,3372.98,Books,Mobile,Email Campaign,1,0.03,5.0,202378.8,3372.98,Platinum
3460,1,727.54,727.54,Toys & Baby,Desktop,Email Campaign,1,0.03,5.0,43652.4,727.54,Silver
3461,1,442.26,442.26,Grocery,Mobile,Paid Ads,1,0.03,5.0,26535.6,442.26,Silver
3462,2,3136.1400000000003,1568.0700000000002,Home & Kitchen,Desktop,Email Campaign,174,5.8,0.3448,6488.05,3136.14,Bronze
3465,1,2744.0,2744.0,Home & Kitchen,Desktop,Organic Search,1,0.03,5.0,164640.0,2744.0,Platinum
3466,1,4520.0,4520.0,Grocery,Desktop,Email Campaign,1,0.03,5.0,271200.0,4520.0,Platinum
3467,1,3949.23,3949.23,Books,Tablet,Direct,1,0.03,5.0,236953.8,3949.23,Platinum
3473,4,4706.65,1176.6625,Fashion,Mobile,Direct,355,11.83,0.3381,4773.96,4706.65,Bronze
3474,1,1513.84,1513.84,Toys & Baby,Mobile,Paid Ads,1,0.03,5.0,90830.4,1513.84,Gold
3475,1,257.44,257.44,Grocery,Mobile,Paid Ads,1,0.03,5.0,15446.4,257.44,Bronze
3481,1,174.59,174.59,Electronics,Mobile,Email Campaign,1,0.03,5.0,10475.4,174.59,Bronze
3482,1,2203.12,2203.12,Grocery,Desktop,Social Media,1,0.03,5.0,132187.2,2203.12,Platinum
3483,1,3297.71,3297.71,Electronics,Mobile,Social Media,1,0.03,5.0,197862.6,3297.71,Platinum
3486,1,5275.04,5275.04,Books,Tablet,Referral,1,0.03,5.0,316502.4,5275.04,Platinum
3488,1,2360.82,2360.82,Electronics,Desktop,Social Media,1,0.03,5.0,141649.2,2360.82,Platinum
3493,1,1731.48,1731.48,Beauty & Personal Care,Mobile,Organic Search,1,0.03,5.0,103888.8,1731.48,Gold
3499,1,250.58,250.58,Sports & Fitness,Tablet,Direct,1,0.03,5.0,15034.8,250.58,Bronze
3502,1,1859.06,1859.06,Toys & Baby,Mobile,Direct,1,0.03,5.0,111543.6,1859.06,Gold
3503,1,305.54,305.54,Sports & Fitness,Desktop,Direct,1,0.03,5.0,18332.4,305.54,Bronze
3507,1,2470.9,2470.9,Beauty & Personal Care,Desktop,Direct,1,0.03,5.0,148254.0,2470.9,Platinum
3508,1,436.31,436.31,Fashion,Tablet,Direct,1,0.03,5.0,26178.6,436.31,Silver
3510,1,273.54,273.54,Sports & Fitness,Desktop,Organic Search,1,0.03,5.0,16412.4,273.54,Bronze
3513,3,1897.7,632.5666666666667,Beauty & Personal Care,Mobile,Referral,333,11.1,0.2703,2051.79,1897.7,Bronze
3514,1,2836.86,2836.86,Home & Kitchen,Tablet,Organic Search,1,0.03,5.0,170211.6,2836.86,Platinum
3515,1,2332.66,2332.66,Electronics,Desktop,Social Media,1,0.03,5.0,139959.6,2332.66,Platinum
3520,1,2173.56,2173.56,Toys & Baby,Mobile,Social Media,1,0.03,5.0,130413.6,2173.56,Platinum
3521,1,516.03,516.03,Electronics,Mobile,Social Media,1,0.03,5.0,30961.8,516.03,Silver
3523,1,2151.97,2151.97,Beauty & Personal Care,Desktop,Paid Ads,1,0.03,5.0,129118.2,2151.97,Platinum
3524,1,2757.08,2757.08,Books,Desktop,Paid Ads,1,0.03,5.0,165424.8,2757.08,Platinum
3528,1,3108.08,3108.08,Grocery,Desktop,Organic Search,1,0.03,5.0,186484.8,3108.08,Platinum
3531,1,296.31,296.31,Grocery,Desktop,Paid Ads,1,0.03,5.0,17778.6,296.31,Bronze
3534,2,4984.02,2492.01,Beauty & Personal Care,Desktop,Email Campaign,311,10.37,0.1929,5768.5,4984.02,Bronze
3535,2,3622.63,1811.315,Books,Desktop,Paid Ads,24,0.8,2.5,54339.45,3622.63,Silver
3537,2,3244.62,1622.31,Home & Kitchen,Desktop,Organic Search,33,1.1,1.8182,35396.21,3244.62,Silver
3539,1,1041.32,1041.32,Electronics,Mobile,Social Media,1,0.03,5.0,62479.2,1041.32,Gold
3541,1,1572.76,1572.76,Books,Mobile,Social Media,1,0.03,5.0,94365.6,1572.76,Gold
3543,3,6348.01,2116.0033333333336,Electronics,Tablet,Direct,47,1.57,1.9108,48519.11,6348.01,Silver
3544,2,1812.22,906.11,Electronics,Mobile,Email Campaign,38,1.27,1.5748,17123.3,1812.22,Bronze
3545,1,2429.0,2429.0,Beauty & Personal Care,Mobile,Social Media,1,0.03,5.0,145740.0,2429.0,Platinum
3550,1,6604.36,6604.36,Books,Desktop,Referral,1,0.03,5.0,396261.6,6604.36,Platinum
3551,2,5448.4,2724.2,Home & Kitchen,Desktop,Direct,18,0.6,3.3333,108966.91,5448.4,Gold
3555,1,3296.3,3296.3,Books,Mobile,Referral,1,0.03,5.0,197778.0,3296.3,Platinum
3558,2,3705.13,1852.565,Books,Desktop,Organic Search,209,6.97,0.2869,6378.01,3705.13,Bronze
3559,2,5479.88,2739.94,Beauty & Personal Care,Desktop,Organic Search,32,1.07,1.8692,61457.95,5479.88,Gold
3560,1,576.52,576.52,Fashion,Desktop,Paid Ads,1,0.03,5.0,34591.2,576.52,Silver
3561,1,254.86,254.86,Sports & Fitness,Tablet,Paid Ads,1,0.03,5.0,15291.6,254.86,Bronze
3562,1,3824.88,3824.88,Home & Kitchen,Mobile,Paid Ads,1,0.03,5.0,229492.8,3824.88,Platinum
3565,1,848.64,848.64,Electronics,Desktop,Referral,1,0.03,5.0,50918.4,848.64,Silver
3566,1,1955.35,1955.35,Electronics,Desktop,Social Media,1,0.03,5.0,117321.0,1955.35,Gold
3567,1,694.84,694.84,Electronics,Desktop,Direct,1,0.03,5.0,41690.4,694.84,Silver
3571,1,1518.45,1518.45,Toys & Baby,Desktop,Direct,1,0.03,5.0,91107.0,1518.45,Gold
3573,1,2340.42,2340.42,Beauty & Personal Care,Desktop,Social Media,1,0.03,5.0,140425.2,2340.42,Platinum
3575,1,735.45,735.45,Electronics,Desktop,Organic Search,1,0.03,5.0,44127.0,735.45,Silver
3576,1,1079.81,1079.81,Electronics,Desktop,Organic Search,1,0.03,5.0,64788.6,1079.81,Gold
3577,1,2658.4,2658.4,Home & Kitchen,Desktop,Organic Search,1,0.03,5.0,159504.0,2658.4,Platinum
3578,1,1727.02,1727.02,Home & Kitchen,Mobile,Direct,1,0.03,5.0,103621.2,1727.02,Gold
3580,1,1473.45,1473.45,Fashion,Mobile,Social Media,1,0.03,5.0,88407.0,1473.45,Gold
3581,2,2547.36,1273.68,Electronics,Desktop,Direct,172,5.73,0.349,5334.17,2547.36,Bronze
3582,1,1015.69,1015.69,Beauty & Personal Care,Mobile,Email Campaign,1,0.03,5.0,60941.4,1015.69,Gold
3584,1,478.91,478.91,Sports & Fitness,Desktop,Email Campaign,1,0.03,5.0,28734.6,478.91,Silver
3586,1,3007.06,3007.06,Books,Mobile,Referral,1,0.03,5.0,180423.6,3007.06,Platinum
3590,1,996.11,996.11,Sports & Fitness,Mobile,Email Campaign,1,0.03,5.0,59766.6,996.11,Gold
3592,1,263.01,263.01,Fashion,Mobile,Paid Ads,1,0.03,5.0,15780.6,263.01,Bronze
3593,3,3994.54,1331.5133333333333,Beauty & Personal Care,Desktop,Referral,100,3.33,0.9009,14394.72,3994.54,Bronze
3594,1,839.79,839.79,Toys & Baby,Desktop,Social Media,1,0.03,5.0,50387.4,839.79,Silver
3595,1,544.64,544.64,Grocery,Mobile,Social Media,1,0.03,5.0,32678.4,544.64,Silver
3597,2,2591.53,1295.765,Home & Kitchen,Desktop,Email Campaign,90,3.0,0.6667,10366.64,2591.53,Bronze
3598,1,940.04,940.04,Toys & Baby,Desktop,Paid Ads,1,0.03,5.0,56402.4,940.04,Gold
3599,1,187.98,187.98,Electronics,Desktop,Paid Ads,1,0.03,5.0,11278.8,187.98,Bronze
3600,2,1794.19,897.095,Fashion,Desktop,Organic Search,8,0.27,5.0,53825.7,1794.19,Silver
3605,1,341.07,341.07,Electronics,Mobile,Social Media,1,0.03,5.0,20464.2,341.07,Silver
3608,1,620.78,620.78,Grocery,Mobile,Direct,1,0.03,5.0,37246.8,620.78,Silver
3609,2,3116.0299999999997,1558.0149999999999,Home & Kitchen,Desktop,Direct,150,5.0,0.4,7478.47,3116.03,Bronze
3613,2,5662.04,2831.02,Beauty & Personal Care,Mobile,Email Campaign,14,0.47,4.2553,144562.07,5662.04,Platinum
3617,1,2846.45,2846.45,Toys & Baby,Mobile,Referral,1,0.03,5.0,170787.0,2846.45,Platinum
3619,2,3243.06,1621.53,Sports & Fitness,Desktop,Organic Search,229,7.63,0.2621,5100.04,3243.06,Bronze
3621,2,6670.0,3335.0,Beauty & Personal Care,Desktop,Direct,92,3.07,0.6515,26073.03,6670.0,Silver
3622,1,224.89,224.89,Fashion,Tablet,Email Campaign,1,0.03,5.0,13493.4,224.89,Bronze
3623,1,3065.9,3065.9,Home & Kitchen,Desktop,Organic Search,1,0.03,5.0,183954.0,3065.9,Platinum
3624,1,168.82,168.82,Sports & Fitness,Desktop,Direct,1,0.03,5.0,10129.2,168.82,Bronze
3626,1,1101.24,1101.24,Fashion,Desktop,Paid Ads,1,0.03,5.0,66074.4,1101.24,Gold
3627,1,4768.74,4768.74,Beauty & Personal Care,Tablet,Direct,1,0.03,5.0,286124.4,4768.74,Platinum
3629,1,4764.84,4764.84,Toys & Baby,Desktop,Organic Search,1,0.03,5.0,285890.4,4764.84,Platinum
3630,2,9547.78,4773.89,Books,Desktop,Direct,143,4.77,0.4193,24020.3,9547.78,Silver
3632,1,1977.56,1977.56,Electronics,Mobile,Organic Search,1,0.03,5.0,118653.6,1977.56,Gold
3634,1,317.66,317.66,Fashion,Mobile,Paid Ads,1,0.03,5.0,19059.6,317.66,Bronze
3635,1,1303.14,1303.14,Books,Mobile,Paid Ads,1,0.03,5.0,78188.4,1303.14,Gold
3638,3,9572.16,3190.72,Books,Mobile,Direct,37,1.23,2.439,93385.99,9572.16,Gold
3639,2,6934.1900000000005,3467.0950000000003,Grocery,Desktop,Direct,8,0.27,5.0,208025.7,6934.19,Platinum
3640,1,640.66,640.66,Grocery,Desktop,Direct,1,0.03,5.0,38439.6,640.66,Silver
3642,2,3481.49,1740.745,Beauty & Personal Care,Desktop,Email Campaign,194,6.47,0.3091,6456.77,3481.49,Bronze
3645,2,11806.82,5903.41,Beauty & Personal Care,Desktop,Referral,152,5.07,0.3945,27946.74,11806.82,Silver
3647,1,1677.22,1677.22,Toys & Baby,Mobile,Referral,1,0.03,5.0,100633.2,1677.22,Gold
3649,1,3040.89,3040.89,Beauty & Personal Care,Desktop,Paid Ads,1,0.03,5.0,182453.4,3040.89,Platinum
3651,1,317.03,317.03,Electronics,Desktop,Email Campaign,1,0.03,5.0,19021.8,317.03,Bronze
3654,1,3644.12,3644.12,Grocery,Desktop,Direct,1,0.03,5.0,218647.2,3644.12,Platinum
3656,2,2618.1800000000003,1309.0900000000001,Electronics,Desktop,Organic Search,183,6.1,0.3279,5151.01,2618.18,Bronze
3657,1,2605.69,2605.69,Electronics,Desktop,Organic Search,1,0.03,5.0,156341.4,2605.69,Platinum
3658,3,4867.0,1622.3333333333333,Beauty & Personal Care,Desktop,Direct,107,3.57,0.8403,16358.96,4867.0,Bronze
3660,1,747.12,747.12,Sports & Fitness,Mobile,Direct,1,0.03,5.0,44827.2,747.12,Silver
3661,1,947.05,947.05,Fashion,Desktop,Social Media,1,0.03,5.0,56823.0,947.05,Gold
3662,1,6559.04,6559.04,Toys & Baby,Desktop,Referral,1,0.03,5.0,393542.4,6559.04,Platinum
3665,2,7405.12,3702.56,Beauty & Personal Care,Mobile,Direct,27,0.9,2.2222,98733.95,7405.12,Gold
3666,2,1620.78,810.39,Electronics,Mobile,Email Campaign,3,0.1,5.0,48623.4,1620.78,Silver
3667,1,1210.41,1210.41,Beauty & Personal Care,Desktop,Paid Ads,1,0.03,5.0,72624.6,1210.41,Gold
3669,1,962.27,962.27,Beauty & Personal Care,Desktop,Email Campaign,1,0.03,5.0,57736.2,962.27,Gold
3672,1,559.71,559.71,Electronics,Mobile,Organic Search,1,0.03,5.0,33582.6,559.71,Silver
3676,1,1690.0,1690.0,Home & Kitchen,Mobile,Paid Ads,1,0.03,5.0,101400.0,1690.0,Gold
3680,2,3406.58,1703.29,Electronics,Desktop,Direct,24,0.8,2.5,51098.7,3406.58,Silver
3681,1,3297.92,3297.92,Grocery,Mobile,Referral,1,0.03,5.0,197875.2,3297.92,Platinum
3682,1,2922.6,2922.6,Home & Kitchen,Tablet,Referral,1,0.03,5.0,175356.0,2922.6,Platinum
3686,1,1174.43,1174.43,Books,Desktop,Direct,1,0.03,5.0,70465.8,1174.43,Gold
3688,1,504.6,504.6,Electronics,Desktop,Paid Ads,1,0.03,5.0,30276.0,504.6,Silver
3690,1,5307.62,5307.62,Toys & Baby,Desktop,Organic Search,1,0.03,5.0,318457.2,5307.62,Platinum
3691,2,1492.97,746.485,Beauty & Personal Care,Desktop,Direct,97,3.23,0.6192,5546.68,1492.97,Bronze
3693,1,3024.68,3024.68,Home & Kitchen,Mobile,Referral,1,0.03,5.0,181480.8,3024.68,Platinum
3697,1,2325.48,2325.48,Grocery,Desktop,Social Media,1,0.03,5.0,139528.8,2325.48,Platinum
3699,1,318.05,318.05,Sports & Fitness,Mobile,Referral,1,0.03,5.0,19083.0,318.05,Bronze
3701,1,542.49,542.49,Grocery,Mobile,Paid Ads,1,0.03,5.0,32549.4,542.49,Silver
3705,1,232.75,232.75,Electronics,Mobile,Referral,1,0.03,5.0,13965.0,232.75,Bronze
3706,1,1081.96,1081.96,Home & Kitchen,Tablet,Social Media,1,0.03,5.0,64917.6,1081.96,Gold
3711,1,202.3,202.3,Fashion,Desktop,Referral,1,0.03,5.0,12138.0,202.3,Bronze
3713,1,1173.89,1173.89,Grocery,Desktop,Social Media,1,0.03,5.0,70433.4,1173.89,Gold
3715,2,5040.16,2520.08,Beauty & Personal Care,Desktop,Paid Ads,308,10.27,0.1947,5887.91,5040.16,Bronze
3716,1,1167.95,1167.95,Electronics,Desktop,Organic Search,1,0.03,5.0,70077.0,1167.95,Gold
3717,1,701.42,701.42,Sports & Fitness,Desktop,Paid Ads,1,0.03,5.0,42085.2,701.42,Silver
3718,2,1744.21,872.105,Beauty & Personal Care,Desktop,Direct,191,6.37,0.314,3286.09,1744.21,Bronze
3720,2,3747.54,1873.77,Electronics,Desktop,Organic Search,36,1.2,1.6667,37476.15,3747.54,Silver
3722,1,3429.88,3429.88,Books,Desktop,Referral,1,0.03,5.0,205792.8,3429.88,Platinum
3725,1,676.94,676.94,Grocery,Desktop,Organic Search,1,0.03,5.0,40616.4,676.94,Silver
3726,1,6909.44,6909.44,Toys & Baby,Mobile,Organic Search,1,0.03,5.0,414566.4,6909.44,Platinum
3727,1,2799.69,2799.69,Books,Desktop,Direct,1,0.03,5.0,167981.4,2799.69,Platinum
3728,1,254.29,254.29,Fashion,Mobile,Direct,1,0.03,5.0,15257.4,254.29,Bronze
3732,1,1229.92,1229.92,Sports & Fitness,Mobile,Email Campaign,1,0.03,5.0,73795.2,1229.92,Gold
3733,1,807.14,807.14,Beauty & Personal Care,Desktop,Social Media,1,0.03,5.0,48428.4,807.14,Silver
3735,1,110.17,110.17,Fashion,Desktop,Social Media,1,0.03,5.0,6610.2,110.17,Bronze
3741,3,6094.389999999999,2031.4633333333331,Beauty & Personal Care,Mobile,Social Media,51,1.7,1.7647,43019.08,6094.39,Silver
3742,1,1125.14,1125.14,Books,Desktop,Referral,1,0.03,5.0,67508.4,1125.14,Gold
3745,1,896.08,896.08,Fashion,Mobile,Referral,1,0.03,5.0,53764.8,896.08,Silver
3746,2,9284.9,4642.45,Books,Desktop,Direct,64,2.13,0.939,52311.13,9284.9,Silver
3750,1,650.18,650.18,Sports & Fitness,Mobile,Organic Search,1,0.03,5.0,39010.8,650.18,Silver
3751,1,2637.54,2637.54,Grocery,Desktop,Social Media,1,0.03,5.0,158252.4,2637.54,Platinum
3752,2,3028.48,1514.24,Home & Kitchen,Mobile,Organic Search,27,0.9,2.2222,40379.33,3028.48,Silver
3753,1,569.7,569.7,Home & Kitchen,Desktop,Email Campaign,1,0.03,5.0,34182.0,569.7,Silver
3754,1,623.83,623.83,Books,Tablet,Email Campaign,1,0.03,5.0,37429.8,623.83,Silver
3761,2,2952.99,1476.495,Books,Desktop,Referral,14,0.47,4.2553,75395.15,2952.99,Gold
3763,1,915.39,915.39,Fashion,Mobile,Social Media,1,0.03,5.0,54923.4,915.39,Silver
3765,2,2730.73,1365.365,Electronics,Desktop,Direct,145,4.83,0.4141,6784.77,2730.73,Bronze
3767,3,7697.549999999999,2565.85,Books,Mobile,Email Campaign,105,3.5,0.8571,26390.28,7697.55,Silver
3768,1,2236.3,2236.3,Books,Mobile,Social Media,1,0.03,5.0,134178.0,2236.3,Platinum
3769,2,1289.65,644.825,Beauty & Personal Care,Desktop,Organic Search,195,6.5,0.3077,2380.95,1289.65,Bronze
3772,1,674.32,674.32,Sports & Fitness,Desktop,Email Campaign,1,0.03,5.0,40459.2,674.32,Silver
3773,1,437.63,437.63,Electronics,Mobile,Social Media,1,0.03,5.0,26257.8,437.63,Silver
3774,1,2699.41,2699.41,Home & Kitchen,Desktop,Social Media,1,0.03,5.0,161964.6,2699.41,Platinum
3775,2,4084.83,2042.415,Grocery,Desktop,Organic Search,203,6.77,0.2954,7239.95,4084.83,Bronze
3777,2,3038.35,1519.175,Fashion,Desktop,Paid Ads,26,0.87,2.2989,41909.18,3038.35,Silver
3779,1,2386.57,2386.57,Home & Kitchen,Tablet,Social Media,1,0.03,5.0,143194.2,2386.57,Platinum
3783,1,604.38,604.38,Books,Desktop,Email Campaign,1,0.03,5.0,36262.8,604.38,Silver
3784,2,1658.4,829.2,Electronics,Desktop,Email Campaign,81,2.7,0.7407,7370.26,1658.4,Bronze
3788,1,929.44,929.44,Fashion,Desktop,Referral,1,0.03,5.0,55766.4,929.44,Silver
3790,1,1459.87,1459.87,Books,Desktop,Referral,1,0.03,5.0,87592.2,1459.87,Gold
3792,2,3030.7200000000003,1515.3600000000001,Sports & Fitness,Desktop,Direct,178,5.93,0.3373,6133.57,3030.72,Bronze
3793,3,3480.98,1160.3266666666666,Books,Desktop,Direct,150,5.0,0.6,8354.35,3480.98,Bronze
3796,1,2238.27,2238.27,Books,Mobile,Email Campaign,1,0.03,5.0,134296.2,2238.27,Platinum
3798,1,205.98,205.98,Sports & Fitness,Tablet,Direct,1,0.03,5.0,12358.8,205.98,Bronze
3799,2,6810.64,3405.32,Beauty & Personal Care,Desktop,Direct,155,5.17,0.3868,15806.13,6810.64,Bronze
3801,1,821.75,821.75,Electronics,Mobile,Paid Ads,1,0.03,5.0,49305.0,821.75,Silver
3802,1,2927.54,2927.54,Beauty & Personal Care,Desktop,Social Media,1,0.03,5.0,175652.4,2927.54,Platinum
3803,2,3018.73,1509.365,Beauty & Personal Care,Desktop,Direct,173,5.77,0.3466,6277.75,3018.73,Bronze
3804,1,1918.85,1918.85,Grocery,Desktop,Referral,1,0.03,5.0,115131.0,1918.85,Gold
3806,2,3081.5,1540.75,Books,Desktop,Organic Search,19,0.63,3.1746,58695.18,3081.5,Gold
3812,2,2872.67,1436.335,Electronics,Desktop,Email Campaign,73,2.43,0.823,14185.24,2872.67,Bronze
3813,1,744.09,744.09,Electronics,Mobile,Email Campaign,1,0.03,5.0,44645.4,744.09,Silver
3816,1,3193.45,3193.45,Grocery,Desktop,Email Campaign,1,0.03,5.0,191607.0,3193.45,Platinum
3818,1,3395.26,3395.26,Home & Kitchen,Desktop,Referral,1,0.03,5.0,203715.6,3395.26,Platinum
3821,2,2830.43,1415.215,Grocery,Desktop,Organic Search,45,1.5,1.3333,22642.87,2830.43,Silver
3822,1,505.58,505.58,Fashion,Mobile,Paid Ads,1,0.03,5.0,30334.8,505.58,Silver
3823,1,2194.52,2194.52,Grocery,Desktop,Email Campaign,1,0.03,5.0,131671.2,2194.52,Platinum
3824,3,3904.47,1301.49,Electronics,Mobile,Email Campaign,277,9.23,0.325,5075.81,3904.47,Bronze
3827,3,6372.849999999999,2124.2833333333333,Beauty & Personal Care,Desktop,Organic Search,107,3.57,0.8403,21420.42,6372.85,Silver
3828,1,950.18,950.18,Sports & Fitness,Tablet,Organic Search,1,0.03,5.0,57010.8,950.18,Gold
3829,1,564.28,564.28,Fashion,Tablet,Direct,1,0.03,5.0,33856.8,564.28,Silver
3830,1,1358.58,1358.58,Grocery,Mobile,Referral,1,0.03,5.0,81514.8,1358.58,Gold
3831,1,7265.12,7265.12,Toys & Baby,Desktop,Email Campaign,1,0.03,5.0,435907.2,7265.12,Platinum
3832,1,6699.59,6699.59,Books,Desktop,Paid Ads,1,0.03,5.0,401975.4,6699.59,Platinum
3833,1,5109.3,5109.3,Beauty & Personal Care,Desktop,Organic Search,1,0.03,5.0,306558.0,5109.3,Platinum
3834,1,968.5,968.5,Electronics,Mobile,Social Media,1,0.03,5.0,58110.0,968.5,Gold
3835,1,3122.06,3122.06,Books,Desktop,Social Media,1,0.03,5.0,187323.6,3122.06,Platinum
3839,1,903.92,903.92,Electronics,Desktop,Referral,1,0.03,5.0,54235.2,903.92,Silver
3844,1,2859.8,2859.8,Toys & Baby,Desktop,Direct,1,0.03,5.0,171588.0,2859.8,Platinum
3845,2,2819.12,1409.56,Electronics,Desktop,Email Campaign,220,7.33,0.2729,4616.03,2819.12,Bronze
3846,1,1652.19,1652.19,Books,Mobile,Organic Search,1,0.03,5.0,99131.4,1652.19,Gold
3847,1,4909.18,4909.18,Toys & Baby,Tablet,Social Media,1,0.03,5.0,294550.8,4909.18,Platinum
3848,2,5083.42,2541.71,Electronics,Desktop,Organic Search,96,3.2,0.625,19062.82,5083.42,Bronze
3849,1,2315.04,2315.04,Grocery,Desktop,Direct,1,0.03,5.0,138902.4,2315.04,Platinum
3850,1,3675.3,3675.3,Home & Kitchen,Mobile,Email Campaign,1,0.03,5.0,220518.0,3675.3,Platinum
3851,1,2101.57,2101.57,Toys & Baby,Tablet,Organic Search,1,0.03,5.0,126094.2,2101.57,Platinum
3852,1,1110.02,1110.02,Fashion,Desktop,Paid Ads,1,0.03,5.0,66601.2,1110.02,Gold
3854,1,652.25,652.25,Electronics,Mobile,Direct,1,0.03,5.0,39135.0,652.25,Silver
3857,1,2698.49,2698.49,Books,Desktop,Referral,1,0.03,5.0,161909.4,2698.49,Platinum
3858,1,1594.4,1594.4,Beauty & Personal Care,Desktop,Organic Search,1,0.03,5.0,95664.0,1594.4,Gold
3860,1,2441.37,2441.37,Beauty & Personal Care,Desktop,Paid Ads,1,0.03,5.0,146482.2,2441.37,Platinum
3861,1,470.39,470.39,Beauty & Personal Care,Desktop,Direct,1,0.03,5.0,28223.4,470.39,Silver
3862,1,3433.82,3433.82,Toys & Baby,Mobile,Direct,1,0.03,5.0,206029.2,3433.82,Platinum
3863,1,244.54,244.54,Sports & Fitness,Mobile,Social Media,1,0.03,5.0,14672.4,244.54,Bronze
3870,1,6415.09,6415.09,Home & Kitchen,Mobile,Referral,1,0.03,5.0,384905.4,6415.09,Platinum
3872,1,3073.8,3073.8,Toys & Baby,Mobile,Direct,1,0.03,5.0,184428.0,3073.8,Platinum
3874,1,1674.7,1674.7,Beauty & Personal Care,Mobile,Paid Ads,1,0.03,5.0,100482.0,1674.7,Gold
3876,1,4145.45,4145.45,Books,Desktop,Email Campaign,1,0.03,5.0,248727.0,4145.45,Platinum
3880,1,461.33,461.33,Electronics,Desktop,Referral,1,0.03,5.0,27679.8,461.33,Silver
3881,1,4236.88,4236.88,Home & Kitchen,Desktop,Social Media,1,0.03,5.0,254212.8,4236.88,Platinum
3883,2,4394.8,2197.4,Electronics,Mobile,Direct,45,1.5,1.3333,35157.52,4394.8,Silver
3884,1,4545.56,4545.56,Grocery,Mobile,Email Campaign,1,0.03,5.0,272733.6,4545.56,Platinum
3885,1,3134.36,3134.36,Electronics,Mobile,Organic Search,1,0.03,5.0,188061.6,3134.36,Platinum
3886,1,2776.48,2776.48,Books,Desktop,Direct,1,0.03,5.0,166588.8,2776.48,Platinum
3887,1,4259.91,4259.91,Beauty & Personal Care,Desktop,Organic Search,1,0.03,5.0,255594.6,4259.91,Platinum
3888,2,1600.38,800.19,Books,Desktop,Paid Ads,127,4.23,0.4728,4539.96,1600.38,Bronze
3889,1,1150.2,1150.2,Fashion,Mobile,Referral,1,0.03,5.0,69012.0,1150.2,Gold
3890,1,3330.18,3330.18,Toys & Baby,Mobile,Organic Search,1,0.03,5.0,199810.8,3330.18,Platinum
3891,1,1779.52,1779.52,Fashion,Tablet,Referral,1,0.03,5.0,106771.2,1779.52,Gold
3892,2,2469.43,1234.715,Fashion,Desktop,Direct,255,8.5,0.2353,3486.34,2469.43,Bronze
3893,1,413.16,413.16,Sports & Fitness,Mobile,Direct,1,0.03,5.0,24789.6,413.16,Silver
3894,1,4068.51,4068.51,Grocery,Tablet,Direct,1,0.03,5.0,244110.6,4068.51,Platinum
3897,2,1052.3,526.15,Beauty & Personal Care,Desktop,Email Campaign,26,0.87,2.2989,14514.79,1052.3,Bronze
3907,2,2540.27,1270.135,Fashion,Desktop,Direct,29,0.97,2.0619,31426.7,2540.27,Silver
3908,1,1345.32,1345.32,Beauty & Personal Care,Mobile,Organic Search,1,0.03,5.0,80719.2,1345.32,Gold
3909,1,3640.35,3640.35,Books,Desktop,Email Campaign,1,0.03,5.0,218421.0,3640.35,Platinum
3910,2,2581.38,1290.69,Beauty & Personal Care,Mobile,Email Campaign,90,3.0,0.6667,10326.04,2581.38,Bronze
3914,1,4176.51,4176.51,Home & Kitchen,Mobile,Direct,1,0.03,5.0,250590.6,4176.51,Platinum
3915,1,1288.01,1288.01,Books,Mobile,Referral,1,0.03,5.0,77280.6,1288.01,Gold
3916,1,2369.47,2369.47,Books,Mobile,Email Campaign,1,0.03,5.0,142168.2,2369.47,Platinum
3918,1,1907.28,1907.28,Toys & Baby,Mobile,Organic Search,1,0.03,5.0,114436.8,1907.28,Gold
3920,1,1047.76,1047.76,Fashion,Tablet,Paid Ads,1,0.03,5.0,62865.6,1047.76,Gold
3921,1,1324.54,1324.54,Home & Kitchen,Desktop,Paid Ads,1,0.03,5.0,79472.4,1324.54,Gold
3922,1,1124.12,1124.12,Sports & Fitness,Desktop,Paid Ads,1,0.03,5.0,67447.2,1124.12,Gold
3923,1,318.92,318.92,Toys & Baby,Mobile,Email Campaign,1,0.03,5.0,19135.2,318.92,Bronze
3924,2,2837.02,1418.51,Sports & Fitness,Desktop,Direct,307,10.23,0.1955,3327.82,2837.02,Bronze
3927,2,8560.12,4280.06,Fashion,Mobile,Paid Ads,171,5.7,0.3509,18022.48,8560.12,Bronze
3928,1,490.16,490.16,Toys & Baby,Desktop,Social Media,1,0.03,5.0,29409.6,490.16,Silver
3930,1,1088.14,1088.14,Books,Desktop,Referral,1,0.03,5.0,65288.4,1088.14,Gold
3931,1,1234.71,1234.71,Sports & Fitness,Desktop,Direct,1,0.03,5.0,74082.6,1234.71,Gold
3933,1,1443.76,1443.76,Home & Kitchen,Mobile,Email Campaign,1,0.03,5.0,86625.6,1443.76,Gold
3934,3,5505.83,1835.2766666666666,Beauty & Personal Care,Desktop,Email Campaign,107,3.57,0.8403,18506.2,5505.83,Bronze
3935,1,6430.12,6430.12,Toys & Baby,Mobile,Direct,1,0.03,5.0,385807.2,6430.12,Platinum
3936,2,1458.47,729.235,Fashion,Desktop,Email Campaign,92,3.07,0.6515,5701.16,1458.47,Bronze
3937,1,464.54,464.54,Beauty & Personal Care,Desktop,Social Media,1,0.03,5.0,27872.4,464.54,Silver
3938,1,3931.06,3931.06,Grocery,Desktop,Paid Ads,1,0.03,5.0,235863.6,3931.06,Platinum
3939,1,4369.58,4369.58,Books,Desktop,Social Media,1,0.03,5.0,262174.8,4369.58,Platinum
3941,1,1630.36,1630.36,Home & Kitchen,Mobile,Social Media,1,0.03,5.0,97821.6,1630.36,Gold
3942,1,730.25,730.25,Electronics,Tablet,Direct,1,0.03,5.0,43815.0,730.25,Silver
3943,1,1311.95,1311.95,Fashion,Desktop,Referral,1,0.03,5.0,78717.0,1311.95,Gold
3944,1,683.05,683.05,Beauty & Personal Care,Mobile,Direct,1,0.03,5.0,40983.0,683.05,Silver
3945,1,427.77,427.77,Electronics,Mobile,Social Media,1,0.03,5.0,25666.2,427.77,Silver
3947,1,543.58,543.58,Grocery,Tablet,Direct,1,0.03,5.0,32614.8,543.58,Silver
3948,1,2062.9,2062.9,Beauty & Personal Care,Desktop,Direct,1,0.03,5.0,123774.0,2062.9,Gold
3950,2,9031.64,4515.82,Books,Mobile,Direct,99,3.3,0.6061,32844.46,9031.64,Silver
3956,1,378.45,378.45,Sports & Fitness,Desktop,Email Campaign,1,0.03,5.0,22707.0,378.45,Silver
3961,1,862.45,862.45,Sports & Fitness,Tablet,Organic Search,1,0.03,5.0,51747.0,862.45,Silver
3962,2,3816.76,1908.38,Books,Desktop,Email Campaign,168,5.6,0.3571,8177.79,3816.76,Bronze
3964,1,404.17,404.17,Books,Desktop,Email Campaign,1,0.03,5.0,24250.2,404.17,Silver
3966,2,4789.88,2394.94,Home & Kitchen,Desktop,Email Campaign,68,2.27,0.8811,25322.18,4789.88,Silver
3967,1,680.25,680.25,Home & Kitchen,Mobile,Paid Ads,1,0.03,5.0,40815.0,680.25,Silver
3968,1,199.8,199.8,Sports & Fitness,Desktop,Email Campaign,1,0.03,5.0,11988.0,199.8,Bronze
3970,1,1755.35,1755.35,Books,Desktop,Email Campaign,1,0.03,5.0,105321.0,1755.35,Gold
3973,2,1321.01,660.505,Electronics,Desktop,Direct,268,8.93,0.224,1775.44,1321.01,Bronze
3975,1,1413.24,1413.24,Books,Tablet,Referral,1,0.03,5.0,84794.4,1413.24,Gold
3976,2,6368.5599999999995,3184.2799999999997,Electronics,Desktop,Organic Search,53,1.77,1.1299,43175.02,6368.56,Silver
3978,1,1462.08,1462.08,Books,Desktop,Paid Ads,1,0.03,5.0,87724.8,1462.08,Gold
3979,1,1357.1,1357.1,Books,Mobile,Organic Search,1,0.03,5.0,81426.0,1357.1,Gold
3980,2,5666.77,2833.385,Fashion,Mobile,Organic Search,66,2.2,0.9091,30909.96,5666.77,Silver
3982,1,2393.76,2393.76,Beauty & Personal Care,Desktop,Referral,1,0.03,5.0,143625.6,2393.76,Platinum
3985,1,2319.93,2319.93,Grocery,Mobile,Paid Ads,1,0.03,5.0,139195.8,2319.93,Platinum
3988,2,4183.2,2091.6,Grocery,Desktop,Paid Ads,211,7.03,0.2845,7140.72,4183.2,Bronze
3989,2,4387.52,2193.76,Grocery,Desktop,Direct,267,8.9,0.2247,5915.25,4387.52,Bronze
3990,1,911.58,911.58,Grocery,Desktop,Social Media,1,0.03,5.0,54694.8,911.58,Silver
3991,1,2342.56,2342.56,Books,Mobile,Email Campaign,1,0.03,5.0,140553.6,2342.56,Platinum
3992,1,337.88,337.88,Sports & Fitness,Desktop,Email Campaign,1,0.03,5.0,20272.8,337.88,Silver
3999,1,2157.54,2157.54,Home & Kitchen,Mobile,Email Campaign,1,0.03,5.0,129452.4,2157.54,Platinum
4003,1,899.28,899.28,Sports & Fitness,Mobile,Referral,1,0.03,5.0,53956.8,899.28,Silver
4004,3,11708.76,3902.92,Books,Mobile,Direct,20,0.67,4.4776,209708.58,11708.76,Platinum
4007,1,2343.08,2343.08,Books,Tablet,Email Campaign,1,0.03,5.0,140584.8,2343.08,Platinum
4009,1,4003.56,4003.56,Beauty & Personal Care,Mobile,Social Media,1,0.03,5.0,240213.6,4003.56,Platinum
4012,1,3915.48,3915.48,Toys & Baby,Desktop,Social Media,1,0.03,5.0,234928.8,3915.48,Platinum
4013,2,1972.88,986.44,Fashion,Mobile,Referral,186,6.2,0.3226,3818.71,1972.88,Bronze
4015,1,1574.48,1574.48,Books,Desktop,Referral,1,0.03,5.0,94468.8,1574.48,Gold
4017,1,1952.4,1952.4,Books,Mobile,Referral,1,0.03,5.0,117144.0,1952.4,Gold
4018,1,249.86,249.86,Electronics,Desktop,Social Media,1,0.03,5.0,14991.6,249.86,Bronze
4019,3,6437.1900000000005,2145.73,Electronics,Desktop,Direct,268,8.93,0.3359,8649.01,6437.19,Bronze
4021,1,52.83,52.83,Sports & Fitness,Desktop,Direct,1,0.03,5.0,3169.8,52.83,Bronze
4024,1,2207.74,2207.74,Beauty & Personal Care,Mobile,Social Media,1,0.03,5.0,132464.4,2207.74,Platinum
4026,2,1639.45,819.725,Books,Desktop,Email Campaign,15,0.5,4.0,39346.8,1639.45,Silver
4027,1,1179.36,1179.36,Electronics,Desktop,Email Campaign,1,0.03,5.0,70761.6,1179.36,Gold
4028,2,5048.360000000001,2524.1800000000003,Electronics,Desktop,Organic Search,231,7.7,0.2597,7866.35,5048.36,Bronze
4029,1,1469.52,1469.52,Grocery,Desktop,Email Campaign,1,0.03,5.0,88171.2,1469.52,Gold
4034,1,571.17,571.17,Fashion,Desktop,Email Campaign,1,0.03,5.0,34270.2,571.17,Silver
4037,1,664.41,664.41,Electronics,Desktop,Organic Search,1,0.03,5.0,39864.6,664.41,Silver
4043,1,2557.87,2557.87,Toys & Baby,Desktop,Social Media,1,0.03,5.0,153472.2,2557.87,Platinum
4049,1,1857.63,1857.63,Fashion,Mobile,Referral,1,0.03,5.0,111457.8,1857.63,Gold
4050,1,556.25,556.25,Electronics,Desktop,Referral,1,0.03,5.0,33375.0,556.25,Silver
4052,1,1791.86,1791.86,Grocery,Desktop,Referral,1,0.03,5.0,107511.6,1791.86,Gold
4053,1,741.15,741.15,Electronics,Mobile,Paid Ads,1,0.03,5.0,44469.0,741.15,Silver
4054,2,1499.75,749.875,Electronics,Desktop,Direct,200,6.67,0.2999,2698.65,1499.75,Bronze
4056,1,1388.4,1388.4,Fashion,Mobile,Paid Ads,1,0.03,5.0,83304.0,1388.4,Gold
4057,3,1832.0,610.6666666666666,Sports & Fitness,Desktop,Direct,278,9.27,0.3236,2371.34,1832.0,Bronze
4059,2,4818.08,2409.04,Beauty & Personal Care,Mobile,Direct,34,1.13,1.7699,51165.12,4818.08,Silver
4060,1,1658.27,1658.27,Grocery,Desktop,Email Campaign,1,0.03,5.0,99496.2,1658.27,Gold
4061,1,3396.89,3396.89,Electronics,Tablet,Direct,1,0.03,5.0,203813.4,3396.89,Platinum
4062,1,1836.99,1836.99,Beauty & Personal Care,Desktop,Organic Search,1,0.03,5.0,110219.4,1836.99,Gold
4065,1,1786.8,1786.8,Grocery,Desktop,Organic Search,1,0.03,5.0,107208.0,1786.8,Gold
4067,1,3567.62,3567.62,Books,Desktop,Direct,1,0.03,5.0,214057.2,3567.62,Platinum
4070,1,6676.36,6676.36,Books,Mobile,Direct,1,0.03,5.0,400581.6,6676.36,Platinum
4071,2,2540.1,1270.05,Electronics,Desktop,Referral,137,4.57,0.4376,6669.29,2540.1,Bronze
4072,1,3269.61,3269.61,Grocery,Mobile,Paid Ads,1,0.03,5.0,196176.6,3269.61,Platinum
4074,1,1346.17,1346.17,Home & Kitchen,Mobile,Email Campaign,1,0.03,5.0,80770.2,1346.17,Gold
4077,1,210.68,210.68,Fashion,Desktop,Paid Ads,1,0.03,5.0,12640.8,210.68,Bronze
4079,2,3955.5099999999998,1977.7549999999999,Books,Desktop,Paid Ads,183,6.1,0.3279,7782.07,3955.51,Bronze
4080,1,4065.77,4065.77,Home & Kitchen,Desktop,Organic Search,1,0.03,5.0,243946.2,4065.77,Platinum
4083,5,8232.84,1646.568,Beauty & Personal Care,Mobile,Email Campaign,173,5.77,0.8666,17122.99,8232.84,Bronze
4085,1,3217.4,3217.4,Electronics,Mobile,Organic Search,1,0.03,5.0,193044.0,3217.4,Platinum
4087,1,741.99,741.99,Fashion,Desktop,Paid Ads,1,0.03,5.0,44519.4,741.99,Silver
4089,1,5932.46,5932.46,Toys & Baby,Mobile,Referral,1,0.03,5.0,355947.6,5932.46,Platinum
4090,1,1444.09,1444.09,Toys & Baby,Desktop,Direct,1,0.03,5.0,86645.4,1444.09,Gold
4092,1,3916.67,3916.67,Home & Kitchen,Desktop,Paid Ads,1,0.03,5.0,235000.2,3916.67,Platinum
4094,1,588.27,588.27,Fashion,Tablet,Organic Search,1,0.03,5.0,35296.2,588.27,Silver
4096,1,4301.07,4301.07,Toys & Baby,Desktop,Direct,1,0.03,5.0,258064.2,4301.07,Platinum
4098,1,5001.84,5001.84,Home & Kitchen,Tablet,Social Media,1,0.03,5.0,300110.4,5001.84,Platinum
4099,1,2414.06,2414.06,Toys & Baby,Desktop,Direct,1,0.03,5.0,144843.6,2414.06,Platinum
4104,2,4315.97,2157.985,Grocery,Desktop,Email Campaign,3,0.1,5.0,129479.1,4315.97,Platinum
4105,2,4288.38,2144.19,Fashion,Mobile,Email Campaign,163,5.43,0.3683,9476.46,4288.38,Bronze
4108,1,1312.99,1312.99,Electronics,Mobile,Social Media,1,0.03,5.0,78779.4,1312.99,Gold
4118,1,2096.38,2096.38,Toys & Baby,Desktop,Referral,1,0.03,5.0,125782.8,2096.38,Platinum
4122,2,3769.7599999999998,1884.8799999999999,Beauty & Personal Care,Desktop,Organic Search,218,7.27,0.2751,6222.37,3769.76,Bronze
4124,1,1192.32,1192.32,Fashion,Tablet,Paid Ads,1,0.03,5.0,71539.2,1192.32,Gold
4130,2,3697.2200000000003,1848.6100000000001,Beauty & Personal Care,Desktop,Direct,154,5.13,0.3899,8649.28,3697.22,Bronze
4131,1,607.71,607.71,Toys & Baby,Mobile,Social Media,1,0.03,5.0,36462.6,607.71,Silver
4132,1,1157.08,1157.08,Books,Mobile,Social Media,1,0.03,5.0,69424.8,1157.08,Gold
4136,2,1630.75,815.375,Beauty & Personal Care,Desktop,Organic Search,112,3.73,0.5362,5246.45,1630.75,Bronze
4138,2,2299.74,1149.87,Fashion,Desktop,Organic Search,106,3.53,0.5666,7818.2,2299.74,Bronze
4139,1,1271.76,1271.76,Fashion,Mobile,Referral,1,0.03,5.0,76305.6,1271.76,Gold
4140,1,3213.84,3213.84,Books,Mobile,Organic Search,1,0.03,5.0,192830.4,3213.84,Platinum
4143,1,3290.92,3290.92,Books,Mobile,Paid Ads,1,0.03,5.0,197455.2,3290.92,Platinum
4145,1,1245.78,1245.78,Fashion,Desktop,Paid Ads,1,0.03,5.0,74746.8,1245.78,Gold
4146,1,6681.54,6681.54,Books,Desktop,Paid Ads,1,0.03,5.0,400892.4,6681.54,Platinum
4148,1,1473.2,1473.2,Fashion,Desktop,Social Media,1,0.03,5.0,88392.0,1473.2,Gold
4150,1,1815.75,1815.75,Beauty & Personal Care,Mobile,Referral,1,0.03,5.0,108945.0,1815.75,Gold
4152,2,8320.56,4160.28,Home & Kitchen,Desktop,Direct,171,5.7,0.3509,17518.11,8320.56,Bronze
4153,1,1728.76,1728.76,Toys & Baby,Desktop,Paid Ads,1,0.03,5.0,103725.6,1728.76,Gold
4158,1,596.49,596.49,Sports & Fitness,Tablet,Email Campaign,1,0.03,5.0,35789.4,596.49,Silver
4161,1,5184.08,5184.08,Beauty & Personal Care,Mobile,Direct,1,0.03,5.0,311044.8,5184.08,Platinum
4162,3,8425.67,2808.556666666667,Beauty & Personal Care,Desktop,Email Campaign,286,9.53,0.3148,10609.6,8425.67,Bronze
4164,1,542.22,542.22,Grocery,Desktop,Social Media,1,0.03,5.0,32533.2,542.22,Silver
4165,1,3750.87,3750.87,Home & Kitchen,Mobile,Paid Ads,1,0.03,5.0,225052.2,3750.87,Platinum
4167,2,868.72,434.36,Books,Desktop,Direct,277,9.23,0.2167,1129.51,868.72,Bronze
4168,2,6306.76,3153.38,Beauty & Personal Care,Mobile,Organic Search,32,1.07,1.8692,70731.57,6306.76,Gold
4169,3,3673.29,1224.43,Fashion,Desktop,Organic Search,217,7.23,0.4149,6096.19,3673.29,Bronze
4170,1,2308.1,2308.1,Electronics,Mobile,Paid Ads,1,0.03,5.0,138486.0,2308.1,Platinum
4175,1,4287.3,4287.3,Beauty & Personal Care,Mobile,Email Campaign,1,0.03,5.0,257238.0,4287.3,Platinum
4176,1,496.25,496.25,Electronics,Mobile,Email Campaign,1,0.03,5.0,29775.0,496.25,Silver
4177,1,2418.4,2418.4,Fashion,Desktop,Email Campaign,1,0.03,5.0,145104.0,2418.4,Platinum
4178,1,1395.26,1395.26,Books,Desktop,Social Media,1,0.03,5.0,83715.6,1395.26,Gold
4179,2,2921.35,1460.675,Beauty & Personal Care,Mobile,Direct,71,2.37,0.8439,14791.96,2921.35,Bronze
4180,1,1669.84,1669.84,Electronics,Mobile,Email Campaign,1,0.03,5.0,100190.4,1669.84,Gold
4184,1,1930.11,1930.11,Grocery,Desktop,Referral,1,0.03,5.0,115806.6,1930.11,Gold
4185,1,5984.71,5984.71,Books,Mobile,Organic Search,1,0.03,5.0,359082.6,5984.71,Platinum
4187,2,4956.900000000001,2478.4500000000003,Grocery,Mobile,Direct,110,3.67,0.545,16209.06,4956.9,Bronze
4190,2,2516.34,1258.17,Beauty & Personal Care,Mobile,Organic Search,8,0.27,5.0,75490.2,2516.34,Gold
4192,2,2515.1,1257.55,Fashion,Mobile,Direct,48,1.6,1.25,18863.25,2515.1,Bronze
4193,1,2965.89,2965.89,Books,Desktop,Direct,1,0.03,5.0,177953.4,2965.89,Platinum
4195,1,1201.96,1201.96,Sports & Fitness,Desktop,Organic Search,1,0.03,5.0,72117.6,1201.96,Gold
4199,1,7250.68,7250.68,Home & Kitchen,Desktop,Referral,1,0.03,5.0,435040.8,7250.68,Platinum
4203,1,1047.03,1047.03,Toys & Baby,Tablet,Referral,1,0.03,5.0,62821.8,1047.03,Gold
4205,1,926.28,926.28,Home & Kitchen,Desktop,Paid Ads,1,0.03,5.0,55576.8,926.28,Silver
4209,1,1557.32,1557.32,Books,Desktop,Social Media,1,0.03,5.0,93439.2,1557.32,Gold
4210,1,462.73,462.73,Electronics,Mobile,Email Campaign,1,0.03,5.0,27763.8,462.73,Silver
4211,1,2203.68,2203.68,Toys & Baby,Mobile,Email Campaign,1,0.03,5.0,132220.8,2203.68,Platinum
4212,1,1973.96,1973.96,Toys & Baby,Mobile,Paid Ads,1,0.03,5.0,118437.6,1973.96,Gold
4213,1,688.26,688.26,Books,Desktop,Organic Search,1,0.03,5.0,41295.6,688.26,Silver
4215,1,3273.55,3273.55,Grocery,Desktop,Paid Ads,1,0.03,5.0,196413.0,3273.55,Platinum
4218,2,2586.7,1293.35,Beauty & Personal Care,Desktop,Organic Search,214,7.13,0.2805,4353.42,2586.7,Bronze
4219,1,868.6,868.6,Electronics,Desktop,Paid Ads,1,0.03,5.0,52116.0,868.6,Silver
4221,1,1375.28,1375.28,Books,Desktop,Direct,1,0.03,5.0,82516.8,1375.28,Gold
4223,1,302.58,302.58,Electronics,Desktop,Paid Ads,1,0.03,5.0,18154.8,302.58,Bronze
4226,1,3746.3,3746.3,Home & Kitchen,Mobile,Organic Search,1,0.03,5.0,224778.0,3746.3,Platinum
4227,1,3564.21,3564.21,Home & Kitchen,Mobile,Paid Ads,1,0.03,5.0,213852.6,3564.21,Platinum
4228,1,977.43,977.43,Toys & Baby,Mobile,Direct,1,0.03,5.0,58645.8,977.43,Gold
4229,1,1200.71,1200.71,Toys & Baby,Mobile,Organic Search,1,0.03,5.0,72042.6,1200.71,Gold
4234,1,636.91,636.91,Electronics,Desktop,Direct,1,0.03,5.0,38214.6,636.91,Silver
4236,1,3526.62,3526.62,Beauty & Personal Care,Mobile,Direct,1,0.03,5.0,211597.2,3526.62,Platinum
4237,1,509.78,509.78,Grocery,Desktop,Organic Search,1,0.03,5.0,30586.8,509.78,Silver
4238,3,7986.4,2662.133333333333,Books,Desktop,Organic Search,257,8.57,0.3501,11184.15,7986.4,Bronze
4240,1,2616.22,2616.22,Grocery,Desktop,Organic Search,1,0.03,5.0,156973.2,2616.22,Platinum
4242,1,1817.49,1817.49,Toys & Baby,Mobile,Paid Ads,1,0.03,5.0,109049.4,1817.49,Gold
4243,2,4260.97,2130.485,Books,Desktop,Direct,77,2.57,0.7782,19895.32,4260.97,Silver
4244,1,2282.56,2282.56,Home & Kitchen,Mobile,Direct,1,0.03,5.0,136953.6,2282.56,Platinum
4245,3,1619.72,539.9066666666666,Fashion,Desktop,Organic Search,186,6.2,0.4839,3135.13,1619.72,Bronze
4246,1,1663.83,1663.83,Books,Desktop,Referral,1,0.03,5.0,99829.8,1663.83,Gold
4247,1,1152.74,1152.74,Sports & Fitness,Mobile,Paid Ads,1,0.03,5.0,69164.4,1152.74,Gold
4249,1,1963.58,1963.58,Home & Kitchen,Mobile,Organic Search,1,0.03,5.0,117814.8,1963.58,Gold
4251,2,5128.53,2564.265,Home & Kitchen,Desktop,Email Campaign,93,3.1,0.6452,19853.57,5128.53,Silver
4252,1,1997.42,1997.42,Fashion,Mobile,Direct,1,0.03,5.0,119845.2,1997.42,Gold
4254,4,4072.35,1018.0875,Sports & Fitness,Mobile,Direct,176,5.87,0.6814,8324.7,4072.35,Bronze
4258,1,2097.84,2097.84,Books,Desktop,Organic Search,1,0.03,5.0,125870.4,2097.84,Platinum
4262,1,2245.91,2245.91,Books,Desktop,Paid Ads,1,0.03,5.0,134754.6,2245.91,Platinum
4263,1,1729.49,1729.49,Beauty & Personal Care,Mobile,Referral,1,0.03,5.0,103769.4,1729.49,Gold
4265,1,6237.02,6237.02,Toys & Baby,Mobile,Direct,1,0.03,5.0,374221.2,6237.02,Platinum
4268,1,2126.4,2126.4,Books,Desktop,Social Media,1,0.03,5.0,127584.0,2126.4,Platinum
4269,2,823.76,411.88,Sports & Fitness,Desktop,Paid Ads,34,1.13,1.7699,8747.84,823.76,Bronze
4270,1,2175.73,2175.73,Home & Kitchen,Desktop,Paid Ads,1,0.03,5.0,130543.8,2175.73,Platinum
4272,1,1733.94,1733.94,Beauty & Personal Care,Desktop,Organic Search,1,0.03,5.0,104036.4,1733.94,Gold
4273,1,1424.13,1424.13,Electronics,Mobile,Referral,1,0.03,5.0,85447.8,1424.13,Gold
4278,1,1409.9,1409.9,Home & Kitchen,Desktop,Organic Search,1,0.03,5.0,84594.0,1409.9,Gold
4283,2,4764.04,2382.02,Books,Mobile,Email Campaign,101,3.37,0.5935,16964.75,4764.04,Bronze
4285,1,1462.23,1462.23,Books,Mobile,Social Media,1,0.03,5.0,87733.8,1462.23,Gold
4290,1,2518.56,2518.56,Grocery,Desktop,Email Campaign,1,0.03,5.0,151113.6,2518.56,Platinum
4292,1,650.52,650.52,Fashion,Desktop,Social Media,1,0.03,5.0,39031.2,650.52,Silver
4294,1,1101.18,1101.18,Grocery,Mobile,Email Campaign,1,0.03,5.0,66070.8,1101.18,Gold
4295,1,2481.93,2481.93,Fashion,Mobile,Organic Search,1,0.03,5.0,148915.8,2481.93,Platinum
4296,1,4806.65,4806.65,Beauty & Personal Care,Mobile,Paid Ads,1,0.03,5.0,288399.0,4806.65,Platinum
4297,3,6885.57,2295.19,Electronics,Desktop,Email Campaign,212,7.07,0.4243,11686.19,6885.57,Bronze
4299,1,1944.66,1944.66,Grocery,Mobile,Email Campaign,1,0.03,5.0,116679.6,1944.66,Gold
4300,1,2458.92,2458.92,Grocery,Tablet,Social Media,1,0.03,5.0,147535.2,2458.92,Platinum
4301,1,700.53,700.53,Books,Mobile,Referral,1,0.03,5.0,42031.8,700.53,Silver
4304,1,2436.72,2436.72,Grocery,Mobile,Organic Search,1,0.03,5.0,146203.2,2436.72,Platinum
4307,2,2687.38,1343.69,Electronics,Desktop,Organic Search,78,2.6,0.7692,12402.8,2687.38,Bronze
4309,1,1238.01,1238.01,Beauty & Personal Care,Mobile,Social Media,1,0.03,5.0,74280.6,1238.01,Gold
4310,2,5213.93,2606.965,Books,Desktop,Paid Ads,56,1.87,1.0695,33457.79,5213.93,Silver
4311,1,232.62,232.62,Grocery,Mobile,Email Campaign,1,0.03,5.0,13957.2,232.62,Bronze
4314,1,1841.14,1841.14,Beauty & Personal Care,Mobile,Direct,1,0.03,5.0,110468.4,1841.14,Gold
4315,1,1811.52,1811.52,Grocery,Desktop,Paid Ads,1,0.03,5.0,108691.2,1811.52,Gold
4317,3,5285.85,1761.95,Electronics,Desktop,Email Campaign,309,10.3,0.2913,6159.07,5285.85,Bronze
4318,2,4225.06,2112.53,Home & Kitchen,Desktop,Paid Ads,3,0.1,5.0,126751.8,4225.06,Platinum
4319,2,1502.8600000000001,751.4300000000001,Fashion,Mobile,Email Campaign,231,7.7,0.2597,2341.76,1502.86,Bronze
4323,2,1299.37,649.685,Books,Mobile,Organic Search,51,1.7,1.1765,9172.25,1299.37,Bronze
4325,1,2445.17,2445.17,Home & Kitchen,Desktop,Referral,1,0.03,5.0,146710.2,2445.17,Platinum
4327,1,994.55,994.55,Home & Kitchen,Mobile,Organic Search,1,0.03,5.0,59673.0,994.55,Gold
4330,3,6137.64,2045.88,Beauty & Personal Care,Mobile,Email Campaign,256,8.53,0.3517,8634.43,6137.64,Bronze
4332,2,2045.28,1022.64,Electronics,Mobile,Email Campaign,158,5.27,0.3795,4657.1,2045.28,Bronze
4333,2,731.19,365.595,Books,Mobile,Organic Search,65,2.17,0.9217,4043.63,731.19,Bronze
4334,2,6667.530000000001,3333.7650000000003,Books,Desktop,Paid Ads,20,0.67,2.9851,119419.46,6667.53,Gold
4336,1,5997.12,5997.12,Toys & Baby,Desktop,Paid Ads,1,0.03,5.0,359827.2,5997.12,Platinum
4337,2,6784.42,3392.21,Fashion,Desktop,Paid Ads,76,2.53,0.7905,32178.5,6784.42,Silver
4338,2,1376.1299999999999,688.0649999999999,Fashion,Mobile,Organic Search,206,6.87,0.2911,2403.55,1376.13,Bronze
4339,1,1984.44,1984.44,Books,Mobile,Email Campaign,1,0.03,5.0,119066.4,1984.44,Gold
4340,2,2141.76,1070.88,Beauty & Personal Care,Desktop,Direct,65,2.17,0.9217,11844.36,2141.76,Bronze
4341,1,1294.19,1294.19,Toys & Baby,Desktop,Referral,1,0.03,5.0,77651.4,1294.19,Gold
4342,1,2480.58,2480.58,Toys & Baby,Desktop,Direct,1,0.03,5.0,148834.8,2480.58,Platinum
4349,1,4420.73,4420.73,Home & Kitchen,Tablet,Direct,1,0.03,5.0,265243.8,4420.73,Platinum
4350,1,3135.84,3135.84,Toys & Baby,Tablet,Paid Ads,1,0.03,5.0,188150.4,3135.84,Platinum
4351,1,1947.43,1947.43,Electronics,Desktop,Organic Search,1,0.03,5.0,116845.8,1947.43,Gold
4352,1,2243.24,2243.24,Toys & Baby,Desktop,Email Campaign,1,0.03,5.0,134594.4,2243.24,Platinum
4355,1,1341.51,1341.51,Toys & Baby,Mobile,Organic Search,1,0.03,5.0,80490.6,1341.51,Gold
4356,1,844.92,844.92,Sports & Fitness,Desktop,Social Media,1,0.03,5.0,50695.2,844.92,Silver
4359,1,314.25,314.25,Sports & Fitness,Desktop,Organic Search,1,0.03,5.0,18855.0,314.25,Bronze
4360,3,7021.110000000001,2340.3700000000003,Beauty & Personal Care,Desktop,Direct,116,3.87,0.7752,21771.06,7021.11,Silver
4361,1,238.8,238.8,Fashion,Desktop,Social Media,1,0.03,5.0,14328.0,238.8,Bronze
4363,1,1721.16,1721.16,Fashion,Desktop,Paid Ads,1,0.03,5.0,103269.6,1721.16,Gold
4364,2,7837.120000000001,3918.5600000000004,Books,Desktop,Social Media,289,9.63,0.2077,9766.62,7837.12,Bronze
4366,2,881.91,440.955,Beauty & Personal Care,Desktop,Referral,237,7.9,0.2532,1339.8,881.91,Bronze
4374,1,613.03,613.03,Home & Kitchen,Mobile,Referral,1,0.03,5.0,36781.8,613.03,Silver
4378,1,497.05,497.05,Sports & Fitness,Desktop,Referral,1,0.03,5.0,29823.0,497.05,Silver
4379,1,4067.38,4067.38,Books,Mobile,Direct,1,0.03,5.0,244042.8,4067.38,Platinum
4381,1,2339.8,2339.8,Home & Kitchen,Mobile,Organic Search,1,0.03,5.0,140388.0,2339.8,Platinum
4387,1,1003.8,1003.8,Fashion,Desktop,Paid Ads,1,0.03,5.0,60228.0,1003.8,Gold
4388,1,1246.36,1246.36,Toys & Baby,Mobile,Direct,1,0.03,5.0,74781.6,1246.36,Gold
4390,2,1222.6399999999999,611.3199999999999,Books,Desktop,Direct,105,3.5,0.5714,4191.7,1222.64,Bronze
4391,2,3928.09,1964.045,Books,Desktop,Paid Ads,256,8.53,0.2345,5526.82,3928.09,Bronze
4392,3,2719.58,906.5266666666666,Fashion,Desktop,Direct,128,4.27,0.7026,7643.11,2719.58,Bronze
4394,1,980.67,980.67,Sports & Fitness,Desktop,Referral,1,0.03,5.0,58840.2,980.67,Gold
4396,1,2756.07,2756.07,Electronics,Mobile,Email Campaign,1,0.03,5.0,165364.2,2756.07,Platinum
4399,2,2117.3,1058.65,Electronics,Desktop,Organic Search,53,1.77,1.1299,14354.02,2117.3,Bronze
4405,2,4808.39,2404.195,Electronics,Desktop,Direct,123,4.1,0.4878,14073.2,4808.39,Bronze
4406,1,3534.66,3534.66,Beauty & Personal Care,Desktop,Organic Search,1,0.03,5.0,212079.6,3534.66,Platinum
4409,1,6970.42,6970.42,Home & Kitchen,Mobile,Referral,1,0.03,5.0,418225.2,6970.42,Platinum
4410,2,2222.85,1111.425,Books,Mobile,Direct,138,4.6,0.4348,5798.97,2222.85,Bronze
4411,2,1267.95,633.975,Grocery,Desktop,Direct,51,1.7,1.1765,8950.46,1267.95,Bronze
4412,1,2063.49,2063.49,Grocery,Mobile,Email Campaign,1,0.03,5.0,123809.4,2063.49,Gold
4413,1,4710.4,4710.4,Books,Desktop,Email Campaign,1,0.03,5.0,282624.0,4710.4,Platinum
4419,1,1521.7,1521.7,Beauty & Personal Care,Mobile,Organic Search,1,0.03,5.0,91302.0,1521.7,Gold
4426,2,1065.17,532.585,Sports & Fitness,Desktop,Direct,134,4.47,0.4474,2859.34,1065.17,Bronze
4427,1,334.12,334.12,Sports & Fitness,Mobile,Social Media,1,0.03,5.0,20047.2,334.12,Silver
4430,1,1693.71,1693.71,Toys & Baby,Mobile,Paid Ads,1,0.03,5.0,101622.6,1693.71,Gold
4431,3,3672.6099999999997,1224.2033333333331,Books,Desktop,Direct,174,5.8,0.5172,7597.9,3672.61,Bronze
4432,1,1791.32,1791.32,Fashion,Mobile,Email Campaign,1,0.03,5.0,107479.2,1791.32,Gold
4433,3,5489.330000000001,1829.7766666666669,Beauty & Personal Care,Desktop,Social Media,173,5.77,0.5199,11415.61,5489.33,Bronze
4434,1,1345.54,1345.54,Fashion,Desktop,Email Campaign,1,0.03,5.0,80732.4,1345.54,Gold
4438,1,2820.69,2820.69,Grocery,Mobile,Paid Ads,1,0.03,5.0,169241.4,2820.69,Platinum
4442,2,652.86,326.43,Fashion,Desktop,Direct,216,7.2,0.2778,1088.19,652.86,Bronze
4443,4,6934.299999999999,1733.5749999999998,Beauty & Personal Care,Desktop,Organic Search,253,8.43,0.4745,9870.98,6934.3,Bronze
4444,2,6973.95,3486.975,Books,Desktop,Direct,133,4.43,0.4515,18892.43,6973.95,Bronze
4454,1,480.07,480.07,Beauty & Personal Care,Tablet,Direct,1,0.03,5.0,28804.2,480.07,Silver
4459,2,6336.02,3168.01,Electronics,Desktop,Email Campaign,126,4.2,0.4762,18103.28,6336.02,Bronze
4464,1,2895.1,2895.1,Toys & Baby,Tablet,Paid Ads,1,0.03,5.0,173706.0,2895.1,Platinum
4466,1,770.69,770.69,Fashion,Tablet,Paid Ads,1,0.03,5.0,46241.4,770.69,Silver
4469,1,1458.63,1458.63,Home & Kitchen,Mobile,Paid Ads,1,0.03,5.0,87517.8,1458.63,Gold
4472,1,3625.96,3625.96,Home & Kitchen,Mobile,Organic Search,1,0.03,5.0,217557.6,3625.96,Platinum
4473,1,4621.36,4621.36,Beauty & Personal Care,Mobile,Referral,1,0.03,5.0,277281.6,4621.36,Platinum
4474,1,599.22,599.22,Fashion,Mobile,Organic Search,1,0.03,5.0,35953.2,599.22,Silver
4476,2,1663.8899999999999,831.9449999999999,Beauty & Personal Care,Desktop,Referral,97,3.23,0.6192,6181.68,1663.89,Bronze
4477,1,774.38,774.38,Sports & Fitness,Desktop,Paid Ads,1,0.03,5.0,46462.8,774.38,Silver
4478,1,2363.85,2363.85,Home & Kitchen,Mobile,Email Campaign,1,0.03,5.0,141831.0,2363.85,Platinum
4479,2,8329.7,4164.85,Books,Desktop,Paid Ads,357,11.9,0.1681,8401.34,8329.7,Bronze
4486,1,664.62,664.62,Fashion,Desktop,Social Media,1,0.03,5.0,39877.2,664.62,Silver
4487,1,521.72,521.72,Electronics,Desktop,Email Campaign,1,0.03,5.0,31303.2,521.72,Silver
4492,2,2056.43,1028.215,Toys & Baby,Desktop,Direct,69,2.3,0.8696,10729.63,2056.43,Bronze
4493,1,596.07,596.07,Grocery,Mobile,Organic Search,1,0.03,5.0,35764.2,596.07,Silver
4495,1,3321.72,3321.72,Books,Mobile,Social Media,1,0.03,5.0,199303.2,3321.72,Platinum
4496,1,739.44,739.44,Sports & Fitness,Desktop,Social Media,1,0.03,5.0,44366.4,739.44,Silver
4502,1,714.18,714.18,Sports & Fitness,Mobile,Referral,1,0.03,5.0,42850.8,714.18,Silver
4504,1,173.14,173.14,Fashion,Mobile,Email Campaign,1,0.03,5.0,10388.4,173.14,Bronze
4507,1,2014.81,2014.81,Grocery,Desktop,Organic Search,1,0.03,5.0,120888.6,2014.81,Gold
4509,1,2263.75,2263.75,Grocery,Desktop,Email Campaign,1,0.03,5.0,135825.0,2263.75,Platinum
4510,1,1570.05,1570.05,Grocery,Mobile,Paid Ads,1,0.03,5.0,94203.0,1570.05,Gold
4512,1,4512.32,4512.32,Toys & Baby,Desktop,Organic Search,1,0.03,5.0,270739.2,4512.32,Platinum
4514,2,3893.09,1946.545,Electronics,Mobile,Direct,155,5.17,0.3868,9035.08,3893.09,Bronze
4517,2,2295.0299999999997,1147.5149999999999,Electronics,Desktop,Email Campaign,201,6.7,0.2985,4110.4,2295.03,Bronze
4518,1,1527.33,1527.33,Home & Kitchen,Mobile,Social Media,1,0.03,5.0,91639.8,1527.33,Gold
4522,1,4767.7,4767.7,Beauty & Personal Care,Desktop,Email Campaign,1,0.03,5.0,286062.0,4767.7,Platinum
4523,1,5779.32,5779.32,Home & Kitchen,Tablet,Email Campaign,1,0.03,5.0,346759.2,5779.32,Platinum
4527,1,1290.7,1290.7,Home & Kitchen,Mobile,Paid Ads,1,0.03,5.0,77442.0,1290.7,Gold
4529,2,6720.13,3360.065,Beauty & Personal Care,Mobile,Direct,159,5.3,0.3774,15217.06,6720.13,Bronze
4532,1,931.34,931.34,Home & Kitchen,Mobile,Organic Search,1,0.03,5.0,55880.4,931.34,Gold
4538,1,863.99,863.99,Electronics,Mobile,Direct,1,0.03,5.0,51839.4,863.99,Silver
4539,1,961.02,961.02,Sports & Fitness,Desktop,Organic Search,1,0.03,5.0,57661.2,961.02,Gold
4542,3,2648.98,882.9933333333333,Fashion,Mobile,Referral,251,8.37,0.3584,3797.58,2648.98,Bronze
4543,1,800.04,800.04,Toys & Baby,Desktop,Direct,1,0.03,5.0,48002.4,800.04,Silver
4544,1,2742.6,2742.6,Grocery,Tablet,Organic Search,1,0.03,5.0,164556.0,2742.6,Platinum
4546,3,5091.650000000001,1697.216666666667,Electronics,Mobile,Direct,84,2.8,1.0714,21820.78,5091.65,Silver
4548,1,1570.77,1570.77,Books,Desktop,Paid Ads,1,0.03,5.0,94246.2,1570.77,Gold
4554,2,3604.8500000000004,1802.4250000000002,Books,Desktop,Referral,82,2.73,0.7326,15845.48,3604.85,Bronze
4555,1,4871.5,4871.5,Toys & Baby,Mobile,Paid Ads,1,0.03,5.0,292290.0,4871.5,Platinum
4561,1,2660.36,2660.36,Grocery,Desktop,Paid Ads,1,0.03,5.0,159621.6,2660.36,Platinum
4563,1,639.9,639.9,Home & Kitchen,Mobile,Email Campaign,1,0.03,5.0,38394.0,639.9,Silver
4564,3,4397.78,1465.9266666666665,Beauty & Personal Care,Desktop,Direct,139,4.63,0.6479,11397.29,4397.78,Bronze
4569,1,2062.38,2062.38,Grocery,Mobile,Organic Search,1,0.03,5.0,123742.8,2062.38,Gold
4571,2,3554.92,1777.46,Grocery,Desktop,Referral,175,5.83,0.3431,7318.16,3554.92,Bronze
4572,2,2226.78,1113.39,Fashion,Mobile,Direct,229,7.63,0.2621,3501.83,2226.78,Bronze
4575,1,6218.53,6218.53,Home & Kitchen,Mobile,Paid Ads,1,0.03,5.0,373111.8,6218.53,Platinum
4577,2,2289.94,1144.97,Fashion,Desktop,Email Campaign,145,4.83,0.4141,5689.58,2289.94,Bronze
4579,1,1203.75,1203.75,Electronics,Mobile,Social Media,1,0.03,5.0,72225.0,1203.75,Gold
4581,1,3190.78,3190.78,Home & Kitchen,Desktop,Email Campaign,1,0.03,5.0,191446.8,3190.78,Platinum
4582,1,381.47,381.47,Books,Desktop,Paid Ads,1,0.03,5.0,22888.2,381.47,Silver
4584,1,1095.97,1095.97,Grocery,Desktop,Referral,1,0.03,5.0,65758.2,1095.97,Gold
4587,1,3850.44,3850.44,Books,Mobile,Direct,1,0.03,5.0,231026.4,3850.44,Platinum
4589,1,383.64,383.64,Sports & Fitness,Desktop,Organic Search,1,0.03,5.0,23018.4,383.64,Silver
4590,1,6133.61,6133.61,Books,Desktop,Email Campaign,1,0.03,5.0,368016.6,6133.61,Platinum
4591,1,611.71,611.71,Grocery,Desktop,Direct,1,0.03,5.0,36702.6,611.71,Silver
4595,2,4245.41,2122.705,Electronics,Desktop,Paid Ads,152,5.07,0.3945,10048.89,4245.41,Bronze
4596,2,6535.43,3267.715,Beauty & Personal Care,Desktop,Direct,146,4.87,0.4107,16104.61,6535.43,Bronze
4597,1,3567.6,3567.6,Grocery,Mobile,Email Campaign,1,0.03,5.0,214056.0,3567.6,Platinum
4598,1,1289.91,1289.91,Books,Desktop,Direct,1,0.03,5.0,77394.6,1289.91,Gold
4599,1,184.9,184.9,Sports & Fitness,Mobile,Direct,1,0.03,5.0,11094.0,184.9,Bronze
4600,1,259.79,259.79,Fashion,Mobile,Referral,1,0.03,5.0,15587.4,259.79,Bronze
4604,1,305.32,305.32,Books,Tablet,Direct,1,0.03,5.0,18319.2,305.32,Bronze
4605,1,873.84,873.84,Fashion,Desktop,Social Media,1,0.03,5.0,52430.4,873.84,Silver
4608,1,5934.75,5934.75,Home & Kitchen,Desktop,Social Media,1,0.03,5.0,356085.0,5934.75,Platinum
4609,1,1378.16,1378.16,Beauty & Personal Care,Mobile,Email Campaign,1,0.03,5.0,82689.6,1378.16,Gold
4610,1,260.97,260.97,Sports & Fitness,Mobile,Referral,1,0.03,5.0,15658.2,260.97,Bronze
4611,1,3040.3,3040.3,Toys & Baby,Tablet,Paid Ads,1,0.03,5.0,182418.0,3040.3,Platinum
4614,1,2116.93,2116.93,Home & Kitchen,Mobile,Referral,1,0.03,5.0,127015.8,2116.93,Platinum
4618,1,2309.25,2309.25,Fashion,Desktop,Social Media,1,0.03,5.0,138555.0,2309.25,Platinum
4619,1,2335.77,2335.77,Home & Kitchen,Mobile,Organic Search,1,0.03,5.0,140146.2,2335.77,Platinum
4621,1,2842.54,2842.54,Grocery,Desktop,Direct,1,0.03,5.0,170552.4,2842.54,Platinum
4622,2,4269.92,2134.96,Grocery,Mobile,Referral,49,1.63,1.227,31435.15,4269.92,Silver
4623,1,1094.55,1094.55,Grocery,Desktop,Email Campaign,1,0.03,5.0,65673.0,1094.55,Gold
4624,1,2266.72,2266.72,Books,Mobile,Direct,1,0.03,5.0,136003.2,2266.72,Platinum
4625,3,5667.76,1889.2533333333333,Books,Desktop,Direct,197,6.57,0.4566,10351.6,5667.76,Bronze
4629,1,615.47,615.47,Home & Kitchen,Desktop,Social Media,1,0.03,5.0,36928.2,615.47,Silver
4631,4,7725.790000000001,1931.4475000000002,Home & Kitchen,Mobile,Email Campaign,216,7.2,0.5556,12877.35,7725.79,Bronze
4632,1,4713.37,4713.37,Home & Kitchen,Mobile,Direct,1,0.03,5.0,282802.2,4713.37,Platinum
4633,1,1445.38,1445.38,Electronics,Desktop,Email Campaign,1,0.03,5.0,86722.8,1445.38,Gold
4634,1,2452.52,2452.52,Books,Desktop,Direct,1,0.03,5.0,147151.2,2452.52,Platinum
4635,1,6233.48,6233.48,Home & Kitchen,Desktop,Referral,1,0.03,5.0,374008.8,6233.48,Platinum
4636,1,739.65,739.65,Grocery,Mobile,Direct,1,0.03,5.0,44379.0,739.65,Silver
4638,2,1778.41,889.205,Electronics,Desktop,Email Campaign,236,7.87,0.2541,2711.36,1778.41,Bronze
4639,1,975.59,975.59,Beauty & Personal Care,Desktop,Direct,1,0.03,5.0,58535.4,975.59,Gold
4642,1,1548.43,1548.43,Sports & Fitness,Mobile,Direct,1,0.03,5.0,92905.8,1548.43,Gold
4643,1,483.06,483.06,Fashion,Desktop,Paid Ads,1,0.03,5.0,28983.6,483.06,Silver
4647,1,595.87,595.87,Sports & Fitness,Desktop,Organic Search,1,0.03,5.0,35752.2,595.87,Silver
4648,1,2733.66,2733.66,Electronics,Desktop,Email Campaign,1,0.03,5.0,164019.6,2733.66,Platinum
4649,2,1861.74,930.87,Home & Kitchen,Desktop,Email Campaign,2,0.07,5.0,55852.2,1861.74,Gold
4653,1,387.64,387.64,Sports & Fitness,Mobile,Social Media,1,0.03,5.0,23258.4,387.64,Silver
4654,1,921.82,921.82,Beauty & Personal Care,Desktop,Organic Search,1,0.03,5.0,55309.2,921.82,Silver
4657,1,3754.47,3754.47,Toys & Baby,Mobile,Social Media,1,0.03,5.0,225268.2,3754.47,Platinum
4660,1,1366.91,1366.91,Books,Tablet,Referral,1,0.03,5.0,82014.6,1366.91,Gold
4665,1,2427.4,2427.4,Books,Desktop,Social Media,1,0.03,5.0,145644.0,2427.4,Platinum
4670,1,866.48,866.48,Sports & Fitness,Desktop,Referral,1,0.03,5.0,51988.8,866.48,Silver
4674,2,898.15,449.075,Fashion,Mobile,Direct,17,0.57,3.5088,18908.57,898.15,Bronze
4676,1,745.51,745.51,Grocery,Tablet,Email Campaign,1,0.03,5.0,44730.6,745.51,Silver
4677,1,4654.66,4654.66,Home & Kitchen,Desktop,Referral,1,0.03,5.0,279279.6,4654.66,Platinum
4680,1,205.97,205.97,Electronics,Mobile,Social Media,1,0.03,5.0,12358.2,205.97,Bronze
4687,1,914.64,914.64,Grocery,Desktop,Referral,1,0.03,5.0,54878.4,914.64,Silver
4688,2,8653.130000000001,4326.5650000000005,Home & Kitchen,Mobile,Email Campaign,1,0.03,5.0,259593.9,8653.13,Platinum
4692,2,4754.51,2377.255,Beauty & Personal Care,Desktop,Email Campaign,178,5.93,0.3373,9622.18,4754.51,Bronze
4693,1,164.45,164.45,Sports & Fitness,Desktop,Email Campaign,1,0.03,5.0,9867.0,164.45,Bronze
4694,1,276.81,276.81,Toys & Baby,Desktop,Direct,1,0.03,5.0,16608.6,276.81,Bronze
4703,1,1713.57,1713.57,Electronics,Mobile,Organic Search,1,0.03,5.0,102814.2,1713.57,Gold
4704,1,2722.9,2722.9,Beauty & Personal Care,Desktop,Social Media,1,0.03,5.0,163374.0,2722.9,Platinum
4705,1,2530.89,2530.89,Beauty & Personal Care,Mobile,Referral,1,0.03,5.0,151853.4,2530.89,Platinum
4706,1,1093.93,1093.93,Toys & Baby,Mobile,Organic Search,1,0.03,5.0,65635.8,1093.93,Gold
4707,1,1013.44,1013.44,Toys & Baby,Desktop,Referral,1,0.03,5.0,60806.4,1013.44,Gold
4709,1,2622.78,2622.78,Books,Desktop,Paid Ads,1,0.03,5.0,157366.8,2622.78,Platinum
4710,1,794.66,794.66,Home & Kitchen,Desktop,Organic Search,1,0.03,5.0,47679.6,794.66,Silver
4711,1,244.78,244.78,Electronics,Mobile,Direct,1,0.03,5.0,14686.8,244.78,Bronze
4714,2,4254.76,2127.38,Home & Kitchen,Desktop,Direct,70,2.33,0.8584,21913.72,4254.76,Silver
4716,2,1149.72,574.86,Fashion,Desktop,Direct,112,3.73,0.5362,3698.88,1149.72,Bronze
4720,1,858.28,858.28,Electronics,Desktop,Referral,1,0.03,5.0,51496.8,858.28,Silver
4721,2,4242.63,2121.315,Books,Desktop,Organic Search,100,3.33,0.6006,15288.74,4242.63,Bronze
4725,2,6865.23,3432.615,Home & Kitchen,Desktop,Email Campaign,87,2.9,0.6897,28409.69,6865.23,Silver
4726,1,1633.54,1633.54,Beauty & Personal Care,Mobile,Organic Search,1,0.03,5.0,98012.4,1633.54,Gold
4727,1,998.24,998.24,Fashion,Desktop,Direct,1,0.03,5.0,59894.4,998.24,Gold
4728,1,6321.76,6321.76,Toys & Baby,Mobile,Paid Ads,1,0.03,5.0,379305.6,6321.76,Platinum
4730,1,902.54,902.54,Sports & Fitness,Tablet,Direct,1,0.03,5.0,54152.4,902.54,Silver
4731,1,1767.68,1767.68,Toys & Baby,Mobile,Organic Search,1,0.03,5.0,106060.8,1767.68,Gold
4732,1,1245.51,1245.51,Beauty & Personal Care,Mobile,Referral,1,0.03,5.0,74730.6,1245.51,Gold
4733,1,2331.11,2331.11,Electronics,Mobile,Direct,1,0.03,5.0,139866.6,2331.11,Platinum
4735,1,1084.0,1084.0,Beauty & Personal Care,Tablet,Paid Ads,1,0.03,5.0,65040.0,1084.0,Gold
4740,1,1905.8,1905.8,Books,Desktop,Organic Search,1,0.03,5.0,114348.0,1905.8,Gold
4741,1,2471.74,2471.74,Books,Tablet,Organic Search,1,0.03,5.0,148304.4,2471.74,Platinum
4744,1,1725.16,1725.16,Toys & Baby,Mobile,Paid Ads,1,0.03,5.0,103509.6,1725.16,Gold
4745,1,183.36,183.36,Sports & Fitness,Mobile,Organic Search,1,0.03,5.0,11001.6,183.36,Bronze
4747,2,2332.3900000000003,1166.1950000000002,Beauty & Personal Care,Desktop,Organic Search,6,0.2,5.0,69971.7,2332.39,Gold
4749,2,1955.46,977.73,Electronics,Mobile,Email Campaign,47,1.57,1.2739,14946.36,1955.46,Bronze
4750,1,4305.24,4305.24,Books,Desktop,Paid Ads,1,0.03,5.0,258314.4,4305.24,Platinum
4752,1,2768.64,2768.64,Fashion,Mobile,Organic Search,1,0.03,5.0,166118.4,2768.64,Platinum
4753,1,3126.12,3126.12,Books,Mobile,Referral,1,0.03,5.0,187567.2,3126.12,Platinum
4764,1,751.09,751.09,Toys & Baby,Mobile,Email Campaign,1,0.03,5.0,45065.4,751.09,Silver
4766,2,885.63,442.815,Electronics,Desktop,Organic Search,227,7.57,0.2642,1403.9,885.63,Bronze
4770,2,942.8,471.4,Electronics,Desktop,Direct,68,2.27,0.8811,4984.21,942.8,Bronze
4774,1,786.74,786.74,Sports & Fitness,Mobile,Direct,1,0.03,5.0,47204.4,786.74,Silver
4780,2,3309.3,1654.65,Books,Desktop,Email Campaign,236,7.87,0.2541,5045.36,3309.3,Bronze
4786,3,5536.85,1845.6166666666668,Beauty & Personal Care,Mobile,Direct,142,4.73,0.6342,14045.88,5536.85,Bronze
4787,1,7657.8,7657.8,Toys & Baby,Desktop,Referral,1,0.03,5.0,459468.0,7657.8,Platinum
4789,1,273.35,273.35,Electronics,Desktop,Direct,1,0.03,5.0,16401.0,273.35,Bronze
4796,1,735.32,735.32,Sports & Fitness,Desktop,Referral,1,0.03,5.0,44119.2,735.32,Silver
4797,1,1116.86,1116.86,Electronics,Mobile,Direct,1,0.03,5.0,67011.6,1116.86,Gold
4798,2,9076.93,4538.465,Home & Kitchen,Tablet,Social Media,95,3.17,0.6309,34359.81,9076.93,Silver
4800,1,1995.76,1995.76,Fashion,Mobile,Social Media,1,0.03,5.0,119745.6,1995.76,Gold
4804,2,1535.82,767.91,Beauty & Personal Care,Desktop,Email Campaign,42,1.4,1.4286,13164.43,1535.82,Bronze
4805,1,792.16,792.16,Sports & Fitness,Desktop,Social Media,1,0.03,5.0,47529.6,792.16,Silver
4809,1,3851.35,3851.35,Books,Mobile,Social Media,1,0.03,5.0,231081.0,3851.35,Platinum
4810,2,1880.1,940.05,Fashion,Desktop,Direct,76,2.53,0.7905,8917.31,1880.1,Bronze
4811,1,1429.28,1429.28,Electronics,Desktop,Referral,1,0.03,5.0,85756.8,1429.28,Gold
4813,1,3862.44,3862.44,Beauty & Personal Care,Tablet,Referral,1,0.03,5.0,231746.4,3862.44,Platinum
4814,1,1264.95,1264.95,Beauty & Personal Care,Desktop,Paid Ads,1,0.03,5.0,75897.0,1264.95,Gold
4816,1,6170.93,6170.93,Toys & Baby,Mobile,Organic Search,1,0.03,5.0,370255.8,6170.93,Platinum
4818,4,6372.86,1593.215,Books,Desktop,Email Campaign,294,9.8,0.4082,7804.2,6372.86,Bronze
4819,1,1279.72,1279.72,Sports & Fitness,Tablet,Referral,1,0.03,5.0,76783.2,1279.72,Gold
4820,1,2950.38,2950.38,Grocery,Mobile,Email Campaign,1,0.03,5.0,177022.8,2950.38,Platinum
4821,1,1836.24,1836.24,Sports & Fitness,Mobile,Email Campaign,1,0.03,5.0,110174.4,1836.24,Gold
4822,2,8346.199999999999,4173.099999999999,Books,Desktop,Direct,110,3.67,0.545,27292.07,8346.2,Silver
4825,2,1490.6,745.3,Grocery,Desktop,Organic Search,121,4.03,0.4963,4438.71,1490.6,Bronze
4827,1,2221.98,2221.98,Books,Tablet,Referral,1,0.03,5.0,133318.8,2221.98,Platinum
4829,1,568.17,568.17,Sports & Fitness,Mobile,Direct,1,0.03,5.0,34090.2,568.17,Silver
4830,2,1547.7,773.85,Fashion,Mobile,Email Campaign,88,2.93,0.6826,6338.76,1547.7,Bronze
4832,2,1990.24,995.12,Electronics,Desktop,Direct,20,0.67,2.9851,35646.39,1990.24,Silver
4833,3,3596.5999999999995,1198.8666666666666,Fashion,Desktop,Email Campaign,350,11.67,0.2571,3698.74,3596.6,Bronze
4836,2,666.77,333.385,Electronics,Desktop,Direct,218,7.27,0.2751,1100.57,666.77,Bronze
4841,2,2304.5699999999997,1152.2849999999999,Books,Mobile,Organic Search,26,0.87,2.2989,31787.86,2304.57,Silver
4842,1,676.41,676.41,Grocery,Mobile,Organic Search,1,0.03,5.0,40584.6,676.41,Silver
4846,2,4914.88,2457.44,Electronics,Desktop,Paid Ads,218,7.27,0.2751,8112.5,4914.88,Bronze
4847,1,4287.6,4287.6,Beauty & Personal Care,Mobile,Direct,1,0.03,5.0,257256.0,4287.6,Platinum
4850,1,1923.75,1923.75,Toys & Baby,Desktop,Paid Ads,1,0.03,5.0,115425.0,1923.75,Gold
4851,2,2957.42,1478.71,Fashion,Desktop,Paid Ads,52,1.73,1.1561,20514.44,2957.42,Silver
4852,1,1511.68,1511.68,Electronics,Desktop,Email Campaign,1,0.03,5.0,90700.8,1511.68,Gold
4853,1,1440.87,1440.87,Home & Kitchen,Desktop,Email Campaign,1,0.03,5.0,86452.2,1440.87,Gold
4854,1,1240.29,1240.29,Sports & Fitness,Mobile,Paid Ads,1,0.03,5.0,74417.4,1240.29,Gold
4856,1,1059.04,1059.04,Sports & Fitness,Desktop,Referral,1,0.03,5.0,63542.4,1059.04,Gold
4857,1,5463.21,5463.21,Toys & Baby,Mobile,Social Media,1,0.03,5.0,327792.6,5463.21,Platinum
4858,1,404.22,404.22,Fashion,Mobile,Referral,1,0.03,5.0,24253.2,404.22,Silver
4860,1,1047.66,1047.66,Home & Kitchen,Desktop,Referral,1,0.03,5.0,62859.6,1047.66,Gold
4861,2,2796.2,1398.1,Grocery,Mobile,Direct,204,6.8,0.2941,4934.17,2796.2,Bronze
4862,1,488.26,488.26,Fashion,Desktop,Direct,1,0.03,5.0,29295.6,488.26,Silver
4863,2,4157.91,2078.955,Sports & Fitness,Desktop,Paid Ads,52,1.73,1.1561,28841.76,4157.91,Silver
4864,2,2406.74,1203.37,Fashion,Desktop,Email Campaign,61,2.03,0.9852,14226.72,2406.74,Bronze
4865,1,1068.18,1068.18,Books,Desktop,Organic Search,1,0.03,5.0,64090.8,1068.18,Gold
4866,2,6544.44,3272.22,Beauty & Personal Care,Desktop,Social Media,147,4.9,0.4082,16028.64,6544.44,Bronze
4869,1,2169.25,2169.25,Home & Kitchen,Desktop,Email Campaign,1,0.03,5.0,130155.0,2169.25,Platinum
4870,1,898.68,898.68,Books,Desktop,Email Campaign,1,0.03,5.0,53920.8,898.68,Silver
4875,1,2180.9,2180.9,Books,Mobile,Social Media,1,0.03,5.0,130854.0,2180.9,Platinum
4876,2,1527.08,763.54,Books,Desktop,Email Campaign,142,4.73,0.4228,3873.9,1527.08,Bronze
4877,1,2775.81,2775.81,Books,Desktop,Referral,1,0.03,5.0,166548.6,2775.81,Platinum
4879,2,8158.59,4079.295,Beauty & Personal Care,Desktop,Organic Search,251,8.37,0.2389,11694.52,8158.59,Bronze
4882,1,1967.73,1967.73,Home & Kitchen,Desktop,Paid Ads,1,0.03,5.0,118063.8,1967.73,Gold
4883,2,2364.35,1182.175,Electronics,Desktop,Direct,90,3.0,0.6667,9457.87,2364.35,Bronze
4884,4,3392.8900000000003,848.2225000000001,Sports & Fitness,Mobile,Direct,200,6.67,0.5997,6104.15,3392.89,Bronze
4886,2,1225.46,612.73,Electronics,Desktop,Referral,27,0.9,2.2222,16339.3,1225.46,Bronze
4887,2,3840.1899999999996,1920.0949999999998,Books,Mobile,Organic Search,62,2.07,0.9662,22262.35,3840.19,Silver
4890,1,568.79,568.79,Sports & Fitness,Mobile,Referral,1,0.03,5.0,34127.4,568.79,Silver
4891,1,1709.76,1709.76,Sports & Fitness,Mobile,Email Campaign,1,0.03,5.0,102585.6,1709.76,Gold
4892,1,1010.33,1010.33,Grocery,Mobile,Email Campaign,1,0.03,5.0,60619.8,1010.33,Gold
4896,1,1024.17,1024.17,Home & Kitchen,Tablet,Direct,1,0.03,5.0,61450.2,1024.17,Gold
4897,1,551.66,551.66,Grocery,Desktop,Email Campaign,1,0.03,5.0,33099.6,551.66,Silver
4899,1,600.81,600.81,Fashion,Mobile,Paid Ads,1,0.03,5.0,36048.6,600.81,Silver
4900,2,1777.66,888.83,Electronics,Desktop,Paid Ads,148,4.93,0.4057,4327.18,1777.66,Bronze
4901,1,3558.64,3558.64,Beauty & Personal Care,Mobile,Email Campaign,1,0.03,5.0,213518.4,3558.64,Platinum
4903,2,4042.13,2021.065,Beauty & Personal Care,Mobile,Organic Search,117,3.9,0.5128,12436.83,4042.13,Bronze
4904,1,1223.08,1223.08,Beauty & Personal Care,Mobile,Direct,1,0.03,5.0,73384.8,1223.08,Gold
4906,2,1877.35,938.675,Home & Kitchen,Desktop,Paid Ads,80,2.67,0.7491,8437.94,1877.35,Bronze
4907,1,1197.76,1197.76,Sports & Fitness,Mobile,Direct,1,0.03,5.0,71865.6,1197.76,Gold
4908,3,1773.8400000000001,591.2800000000001,Electronics,Desktop,Email Campaign,257,8.57,0.3501,2484.09,1773.84,Bronze
4910,1,1676.0,1676.0,Electronics,Desktop,Email Campaign,1,0.03,5.0,100560.0,1676.0,Gold
4912,2,5631.179999999999,2815.5899999999997,Electronics,Desktop,Referral,261,8.7,0.2299,7767.65,5631.18,Bronze
4915,2,3262.0,1631.0,Beauty & Personal Care,Desktop,Email Campaign,73,2.43,0.823,16107.76,3262.0,Bronze
4920,1,1679.13,1679.13,Beauty & Personal Care,Mobile,Paid Ads,1,0.03,5.0,100747.8,1679.13,Gold
4922,1,483.1,483.1,Home & Kitchen,Mobile,Organic Search,1,0.03,5.0,28986.0,483.1,Silver
4925,1,484.65,484.65,Sports & Fitness,Desktop,Referral,1,0.03,5.0,29079.0,484.65,Silver
4927,2,3224.07,1612.035,Grocery,Mobile,Direct,214,7.13,0.2805,5426.11,3224.07,Bronze
4929,1,687.46,687.46,Electronics,Desktop,Organic Search,1,0.03,5.0,41247.6,687.46,Silver
4930,1,2446.4,2446.4,Home & Kitchen,Mobile,Referral,1,0.03,5.0,146784.0,2446.4,Platinum
4933,1,2719.84,2719.84,Beauty & Personal Care,Mobile,Social Media,1,0.03,5.0,163190.4,2719.84,Platinum
4937,1,3209.76,3209.76,Beauty & Personal Care,Desktop,Direct,1,0.03,5.0,192585.6,3209.76,Platinum
4938,1,1386.1,1386.1,Toys & Baby,Desktop,Organic Search,1,0.03,5.0,83166.0,1386.1,Gold
4939,2,6339.5,3169.75,Books,Mobile,Direct,162,5.4,0.3704,14088.9,6339.5,Bronze
4940,1,1604.26,1604.26,Electronics,Desktop,Direct,1,0.03,5.0,96255.6,1604.26,Gold
4941,2,1640.37,820.185,Fashion,Desktop,Direct,135,4.5,0.4444,4373.88,1640.37,Bronze
4943,1,2549.12,2549.12,Electronics,Desktop,Direct,1,0.03,5.0,152947.2,2549.12,Platinum
4944,2,1870.42,935.21,Electronics,Desktop,Email Campaign,281,9.37,0.2134,2394.89,1870.42,Bronze
4949,2,8753.49,4376.745,Beauty & Personal Care,Desktop,Social Media,316,10.53,0.1899,9973.73,8753.49,Bronze
4950,2,5362.47,2681.235,Home & Kitchen,Desktop,Direct,113,3.77,0.5305,17068.74,5362.47,Bronze
4952,1,1834.4,1834.4,Toys & Baby,Desktop,Email Campaign,1,0.03,5.0,110064.0,1834.4,Gold
4953,1,3283.82,3283.82,Toys & Baby,Desktop,Direct,1,0.03,5.0,197029.2,3283.82,Platinum
4956,1,1199.66,1199.66,Beauty & Personal Care,Mobile,Paid Ads,1,0.03,5.0,71979.6,1199.66,Gold
4959,2,7128.1900000000005,3564.0950000000003,Books,Desktop,Direct,274,9.13,0.2191,9370.72,7128.19,Bronze
4960,2,2946.5,1473.25,Electronics,Desktop,Direct,251,8.37,0.2389,4223.51,2946.5,Bronze
4964,1,772.32,772.32,Electronics,Mobile,Email Campaign,1,0.03,5.0,46339.2,772.32,Silver
4965,1,5348.71,5348.71,Home & Kitchen,Desktop,Social Media,1,0.03,5.0,320922.6,5348.71,Platinum
4972,1,150.38,150.38,Sports & Fitness,Mobile,Referral,1,0.03,5.0,9022.8,150.38,Bronze
4980,1,1369.58,1369.58,Toys & Baby,Mobile,Referral,1,0.03,5.0,82174.8,1369.58,Gold
4981,1,458.07,458.07,Sports & Fitness,Mobile,Referral,1,0.03,5.0,27484.2,458.07,Silver
4982,1,3112.16,3112.16,Home & Kitchen,Desktop,Direct,1,0.03,5.0,186729.6,3112.16,Platinum
4983,1,79.71,79.71,Sports & Fitness,Desktop,Social Media,1,0.03,5.0,4782.6,79.71,Bronze
4984,2,5128.49,2564.245,Grocery,Desktop,Organic Search,213,7.1,0.2817,8668.17,5128.49,Bronze
4985,1,1006.89,1006.89,Books,Mobile,Email Campaign,1,0.03,5.0,60413.4,1006.89,Gold
4986,2,6459.74,3229.87,Electronics,Mobile,Direct,32,1.07,1.8692,72447.28,6459.74,Gold
4993,1,3796.27,3796.27,Toys & Baby,Mobile,Direct,1,0.03,5.0,227776.2,3796.27,Platinum
4995,1,1183.12,1183.12,Toys & Baby,Mobile,Direct,1,0.03,5.0,70987.2,1183.12,Gold
4998,1,1850.24,1850.24,Books,Desktop,Referral,1,0.03,5.0,111014.4,1850.24,Gold
4999,1,3064.19,3064.19,Grocery,Desktop,Email Campaign,1,0.03,5.0,183851.4,3064.19,Platinum
5001,1,1028.84,1028.84,Electronics,Desktop,Direct,1,0.03,5.0,61730.4,1028.84,Gold
5004,2,8443.94,4221.97,Books,Desktop,Direct,64,2.13,0.939,47573.16,8443.94,Silver
5010,2,4216.62,2108.31,Beauty & Personal Care,Desktop,Referral,223,7.43,0.2692,6810.68,4216.62,Bronze
5012,1,333.74,333.74,Sports & Fitness,Desktop,Paid Ads,1,0.03,5.0,20024.4,333.74,Silver
5013,2,4122.15,2061.075,Sports & Fitness,Desktop,Referral,203,6.77,0.2954,7306.1,4122.15,Bronze
5014,1,152.16,152.16,Sports & Fitness,Desktop,Direct,1,0.03,5.0,9129.6,152.16,Bronze
5015,1,529.96,529.96,Electronics,Desktop,Organic Search,1,0.03,5.0,31797.6,529.96,Silver
5018,2,4148.03,2074.015,Books,Mobile,Email Campaign,118,3.93,0.5089,12665.59,4148.03,Bronze
5022,1,474.8,474.8,Electronics,Mobile,Organic Search,1,0.03,5.0,28488.0,474.8,Silver
5026,2,2539.03,1269.515,Electronics,Desktop,Direct,134,4.47,0.4474,6815.77,2539.03,Bronze
5028,1,2863.78,2863.78,Toys & Baby,Mobile,Social Media,1,0.03,5.0,171826.8,2863.78,Platinum
5030,1,2261.92,2261.92,Home & Kitchen,Desktop,Social Media,1,0.03,5.0,135715.2,2261.92,Platinum
5032,2,5641.2699999999995,2820.6349999999998,Books,Desktop,Organic Search,29,0.97,2.0619,69790.41,5641.27,Gold
5033,1,868.47,868.47,Grocery,Tablet,Email Campaign,1,0.03,5.0,52108.2,868.47,Silver
5034,1,784.35,784.35,Fashion,Desktop,Organic Search,1,0.03,5.0,47061.0,784.35,Silver
5037,2,1138.6,569.3,Sports & Fitness,Mobile,Direct,358,11.93,0.1676,1144.98,1138.6,Bronze
5038,2,2512.57,1256.285,Beauty & Personal Care,Desktop,Email Campaign,330,11.0,0.1818,2740.71,2512.57,Bronze
5039,1,5867.1,5867.1,Home & Kitchen,Desktop,Social Media,1,0.03,5.0,352026.0,5867.1,Platinum
5045,1,1715.42,1715.42,Grocery,Tablet,Referral,1,0.03,5.0,102925.2,1715.42,Gold
5046,1,3983.36,3983.36,Beauty & Personal Care,Desktop,Paid Ads,1,0.03,5.0,239001.6,3983.36,Platinum
5047,1,2393.85,2393.85,Beauty & Personal Care,Mobile,Email Campaign,1,0.03,5.0,143631.0,2393.85,Platinum
5048,2,3428.31,1714.155,Books,Desktop,Direct,115,3.83,0.5222,10741.58,3428.31,Bronze
5050,1,2751.56,2751.56,Beauty & Personal Care,Desktop,Organic Search,1,0.03,5.0,165093.6,2751.56,Platinum
5054,1,335.14,335.14,Sports & Fitness,Desktop,Organic Search,1,0.03,5.0,20108.4,335.14,Silver
5055,1,356.62,356.62,Sports & Fitness,Desktop,Direct,1,0.03,5.0,21397.2,356.62,Silver
5056,1,1225.19,1225.19,Electronics,Desktop,Paid Ads,1,0.03,5.0,73511.4,1225.19,Gold
5059,3,3399.3100000000004,1133.1033333333335,Beauty & Personal Care,Desktop,Direct,208,6.93,0.4329,5886.25,3399.31,Bronze
5060,1,5304.18,5304.18,Books,Mobile,Referral,1,0.03,5.0,318250.8,5304.18,Platinum
5061,1,1104.81,1104.81,Grocery,Desktop,Paid Ads,1,0.03,5.0,66288.6,1104.81,Gold
5064,1,685.66,685.66,Electronics,Desktop,Organic Search,1,0.03,5.0,41139.6,685.66,Silver
5066,1,6746.0,6746.0,Home & Kitchen,Mobile,Email Campaign,1,0.03,5.0,404760.0,6746.0,Platinum
5067,1,1183.0,1183.0,Books,Desktop,Email Campaign,1,0.03,5.0,70980.0,1183.0,Gold
5069,1,1020.28,1020.28,Grocery,Mobile,Social Media,1,0.03,5.0,61216.8,1020.28,Gold
5071,1,1725.08,1725.08,Grocery,Mobile,Organic Search,1,0.03,5.0,103504.8,1725.08,Gold
5074,1,105.26,105.26,Fashion,Desktop,Organic Search,1,0.03,5.0,6315.6,105.26,Bronze
5075,1,1648.8,1648.8,Sports & Fitness,Mobile,Referral,1,0.03,5.0,98928.0,1648.8,Gold
5079,2,1421.5500000000002,710.7750000000001,Electronics,Desktop,Referral,196,6.53,0.3063,2612.52,1421.55,Bronze
5081,1,2189.33,2189.33,Home & Kitchen,Desktop,Organic Search,1,0.03,5.0,131359.8,2189.33,Platinum
5082,2,2299.04,1149.52,Books,Desktop,Organic Search,8,0.27,5.0,68971.2,2299.04,Gold
5083,1,286.18,286.18,Sports & Fitness,Mobile,Paid Ads,1,0.03,5.0,17170.8,286.18,Bronze
5087,1,2965.56,2965.56,Beauty & Personal Care,Mobile,Referral,1,0.03,5.0,177933.6,2965.56,Platinum
5088,1,1046.38,1046.38,Electronics,Mobile,Email Campaign,1,0.03,5.0,62782.8,1046.38,Gold
5090,1,1895.4,1895.4,Books,Desktop,Organic Search,1,0.03,5.0,113724.0,1895.4,Gold
5091,1,912.44,912.44,Grocery,Desktop,Direct,1,0.03,5.0,54746.4,912.44,Silver
5092,2,5768.9,2884.45,Books,Desktop,Organic Search,33,1.1,1.8182,62934.08,5768.9,Gold
5093,1,4636.12,4636.12,Home & Kitchen,Mobile,Paid Ads,1,0.03,5.0,278167.2,4636.12,Platinum
5098,1,757.4,757.4,Fashion,Desktop,Email Campaign,1,0.03,5.0,45444.0,757.4,Silver
5103,1,285.07,285.07,Beauty & Personal Care,Desktop,Direct,1,0.03,5.0,17104.2,285.07,Bronze
5105,1,407.7,407.7,Sports & Fitness,Desktop,Email Campaign,1,0.03,5.0,24462.0,407.7,Silver
5107,1,1424.89,1424.89,Fashion,Desktop,Social Media,1,0.03,5.0,85493.4,1424.89,Gold
5108,1,1140.74,1140.74,Home & Kitchen,Desktop,Direct,1,0.03,5.0,68444.4,1140.74,Gold
5109,2,3145.08,1572.54,Books,Mobile,Direct,153,5.1,0.3922,7401.0,3145.08,Bronze
5111,1,275.99,275.99,Grocery,Mobile,Direct,1,0.03,5.0,16559.4,275.99,Bronze
5113,1,469.93,469.93,Electronics,Mobile,Referral,1,0.03,5.0,28195.8,469.93,Silver
5115,1,3400.42,3400.42,Beauty & Personal Care,Mobile,Paid Ads,1,0.03,5.0,204025.2,3400.42,Platinum
5118,1,1688.7,1688.7,Books,Mobile,Direct,1,0.03,5.0,101322.0,1688.7,Gold
5119,2,3172.1499999999996,1586.0749999999998,Books,Mobile,Paid Ads,9,0.3,5.0,95164.5,3172.15,Gold
5120,2,2992.91,1496.455,Fashion,Desktop,Email Campaign,45,1.5,1.3333,23942.68,2992.91,Silver
5123,1,140.4,140.4,Sports & Fitness,Mobile,Paid Ads,1,0.03,5.0,8424.0,140.4,Bronze
5126,1,4094.21,4094.21,Beauty & Personal Care,Mobile,Organic Search,1,0.03,5.0,245652.6,4094.21,Platinum
5127,1,2613.52,2613.52,Grocery,Tablet,Email Campaign,1,0.03,5.0,156811.2,2613.52,Platinum
5128,1,2595.81,2595.81,Grocery,Desktop,Direct,1,0.03,5.0,155748.6,2595.81,Platinum
5132,1,1352.01,1352.01,Grocery,Tablet,Direct,1,0.03,5.0,81120.6,1352.01,Gold
5133,1,586.87,586.87,Sports & Fitness,Tablet,Organic Search,1,0.03,5.0,35212.2,586.87,Silver
5138,1,2891.82,2891.82,Home & Kitchen,Mobile,Paid Ads,1,0.03,5.0,173509.2,2891.82,Platinum
5140,1,1418.33,1418.33,Books,Desktop,Social Media,1,0.03,5.0,85099.8,1418.33,Gold
5141,1,940.71,940.71,Home & Kitchen,Desktop,Social Media,1,0.03,5.0,56442.6,940.71,Gold
5143,2,1620.7800000000002,810.3900000000001,Beauty & Personal Care,Desktop,Direct,17,0.57,3.5088,34121.96,1620.78,Silver
5144,1,879.59,879.59,Beauty & Personal Care,Desktop,Paid Ads,1,0.03,5.0,52775.4,879.59,Silver
5146,1,1760.28,1760.28,Electronics,Desktop,Organic Search,1,0.03,5.0,105616.8,1760.28,Gold
5147,1,446.38,446.38,Beauty & Personal Care,Desktop,Referral,1,0.03,5.0,26782.8,446.38,Silver
5148,3,6018.0599999999995,2006.0199999999998,Home & Kitchen,Desktop,Social Media,185,6.17,0.4862,11703.92,6018.06,Bronze
5151,1,4337.17,4337.17,Home & Kitchen,Mobile,Direct,1,0.03,5.0,260230.2,4337.17,Platinum
5153,1,1722.1,1722.1,Electronics,Mobile,Email Campaign,1,0.03,5.0,103326.0,1722.1,Gold
5161,1,58.43,58.43,Sports & Fitness,Desktop,Paid Ads,1,0.03,5.0,3505.8,58.43,Bronze
5162,1,1248.08,1248.08,Fashion,Mobile,Paid Ads,1,0.03,5.0,74884.8,1248.08,Gold
5163,1,2251.19,2251.19,Grocery,Mobile,Direct,1,0.03,5.0,135071.4,2251.19,Platinum
5166,1,1061.77,1061.77,Home & Kitchen,Mobile,Email Campaign,1,0.03,5.0,63706.2,1061.77,Gold
5172,1,903.48,903.48,Fashion,Tablet,Referral,1,0.03,5.0,54208.8,903.48,Silver
5174,2,1503.4,751.7,Grocery,Mobile,Referral,59,1.97,1.0152,9157.51,1503.4,Bronze
5176,4,15955.15,3988.7875,Home & Kitchen,Mobile,Social Media,41,1.37,2.9197,139752.75,15955.15,Platinum
5179,1,1319.44,1319.44,Grocery,Mobile,Direct,1,0.03,5.0,79166.4,1319.44,Gold
5180,1,3580.77,3580.77,Home & Kitchen,Desktop,Organic Search,1,0.03,5.0,214846.2,3580.77,Platinum
5183,1,991.8,991.8,Grocery,Tablet,Paid Ads,1,0.03,5.0,59508.0,991.8,Gold
5188,1,4880.26,4880.26,Books,Desktop,Referral,1,0.03,5.0,292815.6,4880.26,Platinum
5194,1,769.59,769.59,Fashion,Tablet,Paid Ads,1,0.03,5.0,46175.4,769.59,Silver
5199,1,880.7,880.7,Beauty & Personal Care,Mobile,Organic Search,1,0.03,5.0,52842.0,880.7,Silver
5200,1,178.74,178.74,Fashion,Desktop,Email Campaign,1,0.03,5.0,10724.4,178.74,Bronze
5202,1,861.31,861.31,Home & Kitchen,Mobile,Email Campaign,1,0.03,5.0,51678.6,861.31,Silver
5206,1,4256.56,4256.56,Books,Mobile,Direct,1,0.03,5.0,255393.6,4256.56,Platinum
5211,1,4036.14,4036.14,Beauty & Personal Care,Desktop,Email Campaign,1,0.03,5.0,242168.4,4036.14,Platinum
5212,1,1241.29,1241.29,Home & Kitchen,Desktop,Referral,1,0.03,5.0,74477.4,1241.29,Gold
5213,3,4566.01,1522.0033333333333,Books,Mobile,Direct,39,1.3,2.3077,42147.93,4566.01,Silver
5217,1,2023.81,2023.81,Grocery,Mobile,Email Campaign,1,0.03,5.0,121428.6,2023.81,Gold
5218,1,390.54,390.54,Grocery,Mobile,Email Campaign,1,0.03,5.0,23432.4,390.54,Silver
5220,1,1020.52,1020.52,Electronics,Mobile,Organic Search,1,0.03,5.0,61231.2,1020.52,Gold
5221,3,4751.84,1583.9466666666667,Grocery,Mobile,Direct,164,5.47,0.5484,10423.64,4751.84,Bronze
5222,1,1258.38,1258.38,Electronics,Mobile,Social Media,1,0.03,5.0,75502.8,1258.38,Gold
5224,1,824.3,824.3,Grocery,Desktop,Social Media,1,0.03,5.0,49458.0,824.3,Silver
5225,2,935.03,467.515,Fashion,Desktop,Email Campaign,7,0.23,5.0,28050.9,935.03,Silver
5227,1,633.0,633.0,Toys & Baby,Mobile,Email Campaign,1,0.03,5.0,37980.0,633.0,Silver
5228,1,1246.53,1246.53,Grocery,Mobile,Direct,1,0.03,5.0,74791.8,1246.53,Gold
5229,2,2889.7799999999997,1444.8899999999999,Fashion,Desktop,Direct,47,1.57,1.2739,22087.74,2889.78,Silver
5232,1,43.35,43.35,Sports & Fitness,Tablet,Paid Ads,1,0.03,5.0,2601.0,43.35,Bronze
5238,1,787.17,787.17,Sports & Fitness,Desktop,Referral,1,0.03,5.0,47230.2,787.17,Silver
5239,1,594.6,594.6,Toys & Baby,Tablet,Paid Ads,1,0.03,5.0,35676.0,594.6,Silver
5241,1,1445.98,1445.98,Home & Kitchen,Desktop,Direct,1,0.03,5.0,86758.8,1445.98,Gold
5242,2,916.84,458.42,Grocery,Desktop,Referral,152,5.07,0.3945,2170.16,916.84,Bronze
5244,1,863.44,863.44,Fashion,Desktop,Direct,1,0.03,5.0,51806.4,863.44,Silver
5245,2,6146.6,3073.3,Books,Mobile,Paid Ads,39,1.3,1.5385,56739.26,6146.6,Gold
5246,1,2238.2,2238.2,Books,Desktop,Referral,1,0.03,5.0,134292.0,2238.2,Platinum
5249,1,926.31,926.31,Grocery,Desktop,Organic Search,1,0.03,5.0,55578.6,926.31,Silver
5252,2,2427.33,1213.665,Books,Desktop,Referral,158,5.27,0.3795,5527.03,2427.33,Bronze
5253,1,1474.56,1474.56,Fashion,Mobile,Direct,1,0.03,5.0,88473.6,1474.56,Gold
5255,2,2754.84,1377.42,Electronics,Mobile,Direct,209,6.97,0.2869,4742.18,2754.84,Bronze
5264,1,472.87,472.87,Books,Mobile,Email Campaign,1,0.03,5.0,28372.2,472.87,Silver
5265,1,591.32,591.32,Sports & Fitness,Desktop,Referral,1,0.03,5.0,35479.2,591.32,Silver
5266,1,2223.78,2223.78,Grocery,Desktop,Paid Ads,1,0.03,5.0,133426.8,2223.78,Platinum
5270,1,2493.64,2493.64,Beauty & Personal Care,Desktop,Referral,1,0.03,5.0,149618.4,2493.64,Platinum
5274,2,1383.16,691.58,Grocery,Desktop,Direct,38,1.27,1.5748,13069.2,1383.16,Bronze
5276,2,3381.56,1690.78,Fashion,Desktop,Direct,113,3.77,0.5305,10763.51,3381.56,Bronze
5278,1,4951.04,4951.04,Toys & Baby,Mobile,Email Campaign,1,0.03,5.0,297062.4,4951.04,Platinum
5279,2,1914.4099999999999,957.2049999999999,Grocery,Desktop,Direct,134,4.47,0.4474,5139.04,1914.41,Bronze
5280,2,2874.03,1437.015,Grocery,Desktop,Paid Ads,54,1.8,1.1111,19160.01,2874.03,Bronze
5281,2,1360.48,680.24,Fashion,Desktop,Email Campaign,60,2.0,1.0,8162.88,1360.48,Bronze
5284,1,1169.3,1169.3,Grocery,Tablet,Direct,1,0.03,5.0,70158.0,1169.3,Gold
5285,2,2528.77,1264.385,Fashion,Desktop,Direct,219,7.3,0.274,4157.3,2528.77,Bronze
5288,2,5552.33,2776.165,Beauty & Personal Care,Mobile,Direct,220,7.33,0.2729,9091.39,5552.33,Bronze
5291,1,1186.63,1186.63,Books,Mobile,Organic Search,1,0.03,5.0,71197.8,1186.63,Gold
5292,1,1072.87,1072.87,Electronics,Mobile,Organic Search,1,0.03,5.0,64372.2,1072.87,Gold
5294,1,555.14,555.14,Fashion,Mobile,Email Campaign,1,0.03,5.0,33308.4,555.14,Silver
5295,1,444.02,444.02,Electronics,Mobile,Social Media,1,0.03,5.0,26641.2,444.02,Silver
5297,1,1252.05,1252.05,Fashion,Desktop,Direct,1,0.03,5.0,75123.0,1252.05,Gold
5298,2,2981.79,1490.895,Electronics,Desktop,Direct,215,7.17,0.2789,4989.73,2981.79,Bronze
5299,1,1387.8,1387.8,Fashion,Desktop,Social Media,1,0.03,5.0,83268.0,1387.8,Gold
5300,1,1095.1,1095.1,Sports & Fitness,Desktop,Organic Search,1,0.03,5.0,65706.0,1095.1,Gold
5301,2,1802.29,901.145,Beauty & Personal Care,Desktop,Direct,231,7.7,0.2597,2808.33,1802.29,Bronze
5302,1,3899.16,3899.16,Toys & Baby,Mobile,Direct,1,0.03,5.0,233949.6,3899.16,Platinum
5303,1,1001.53,1001.53,Grocery,Mobile,Social Media,1,0.03,5.0,60091.8,1001.53,Gold
5308,1,1357.89,1357.89,Books,Mobile,Paid Ads,1,0.03,5.0,81473.4,1357.89,Gold
5310,1,3534.4,3534.4,Toys & Baby,Desktop,Social Media,1,0.03,5.0,212064.0,3534.4,Platinum
5312,2,2660.37,1330.185,Beauty & Personal Care,Desktop,Direct,196,6.53,0.3063,4889.23,2660.37,Bronze
5313,1,1620.68,1620.68,Sports & Fitness,Tablet,Organic Search,1,0.03,5.0,97240.8,1620.68,Gold
5317,1,1178.38,1178.38,Fashion,Desktop,Direct,1,0.03,5.0,70702.8,1178.38,Gold
5319,1,837.3,837.3,Fashion,Desktop,Paid Ads,1,0.03,5.0,50238.0,837.3,Silver
5322,1,3699.76,3699.76,Home & Kitchen,Mobile,Email Campaign,1,0.03,5.0,221985.6,3699.76,Platinum
5323,1,3361.66,3361.66,Toys & Baby,Mobile,Referral,1,0.03,5.0,201699.6,3361.66,Platinum
5327,1,1477.92,1477.92,Grocery,Desktop,Social Media,1,0.03,5.0,88675.2,1477.92,Gold
5328,1,3805.9,3805.9,Toys & Baby,Desktop,Referral,1,0.03,5.0,228354.0,3805.9,Platinum
5332,1,1275.4,1275.4,Fashion,Desktop,Email Campaign,1,0.03,5.0,76524.0,1275.4,Gold
5334,1,1727.08,1727.08,Electronics,Desktop,Direct,1,0.03,5.0,103624.8,1727.08,Gold
5335,1,1113.81,1113.81,Grocery,Desktop,Social Media,1,0.03,5.0,66828.6,1113.81,Gold
5337,2,3008.5699999999997,1504.2849999999999,Beauty & Personal Care,Desktop,Direct,169,5.63,0.3552,6411.86,3008.57,Bronze
5339,1,3675.57,3675.57,Toys & Baby,Mobile,Social Media,1,0.03,5.0,220534.2,3675.57,Platinum
5340,1,4948.2,4948.2,Books,Desktop,Paid Ads,1,0.03,5.0,296892.0,4948.2,Platinum
5342,1,532.5,532.5,Sports & Fitness,Desktop,Direct,1,0.03,5.0,31950.0,532.5,Silver
5343,1,776.36,776.36,Sports & Fitness,Desktop,Email Campaign,1,0.03,5.0,46581.6,776.36,Silver
5349,1,431.06,431.06,Grocery,Desktop,Social Media,1,0.03,5.0,25863.6,431.06,Silver
5351,1,1644.67,1644.67,Home & Kitchen,Desktop,Direct,1,0.03,5.0,98680.2,1644.67,Gold
5352,1,2582.32,2582.32,Home & Kitchen,Desktop,Email Campaign,1,0.03,5.0,154939.2,2582.32,Platinum
5358,1,831.26,831.26,Electronics,Desktop,Email Campaign,1,0.03,5.0,49875.6,831.26,Silver
5362,1,3331.59,3331.59,Grocery,Desktop,Referral,1,0.03,5.0,199895.4,3331.59,Platinum
5364,1,147.89,147.89,Sports & Fitness,Tablet,Referral,1,0.03,5.0,8873.4,147.89,Bronze
5371,1,2112.24,2112.24,Grocery,Desktop,Email Campaign,1,0.03,5.0,126734.4,2112.24,Platinum
5372,2,3448.7400000000002,1724.3700000000001,Grocery,Mobile,Email Campaign,20,0.67,2.9851,61769.0,3448.74,Gold
5375,1,336.52,336.52,Fashion,Desktop,Paid Ads,1,0.03,5.0,20191.2,336.52,Silver
5376,2,5905.45,2952.725,Sports & Fitness,Mobile,Paid Ads,5,0.17,5.0,177163.5,5905.45,Platinum
5378,1,3867.51,3867.51,Home & Kitchen,Desktop,Social Media,1,0.03,5.0,232050.6,3867.51,Platinum
5379,1,1235.02,1235.02,Electronics,Desktop,Paid Ads,1,0.03,5.0,74101.2,1235.02,Gold
5382,3,3372.62,1124.2066666666667,Electronics,Mobile,Direct,284,9.47,0.3168,4273.78,3372.62,Bronze
5395,1,2786.42,2786.42,Home & Kitchen,Tablet,Social Media,1,0.03,5.0,167185.2,2786.42,Platinum
5397,1,4361.91,4361.91,Toys & Baby,Desktop,Paid Ads,1,0.03,5.0,261714.6,4361.91,Platinum
5398,1,1835.82,1835.82,Toys & Baby,Mobile,Email Campaign,1,0.03,5.0,110149.2,1835.82,Gold
5399,1,3984.39,3984.39,Beauty & Personal Care,Desktop,Organic Search,1,0.03,5.0,239063.4,3984.39,Platinum
5400,1,590.27,590.27,Fashion,Mobile,Paid Ads,1,0.03,5.0,35416.2,590.27,Silver
5402,2,1546.35,773.175,Fashion,Desktop,Organic Search,131,4.37,0.4577,4246.59,1546.35,Bronze
5403,2,9428.04,4714.02,Home & Kitchen,Desktop,Direct,135,4.5,0.4444,25138.93,9428.04,Silver
5406,2,4037.97,2018.985,Books,Desktop,Email Campaign,116,3.87,0.5168,12520.94,4037.97,Bronze
5409,1,2449.83,2449.83,Books,Desktop,Social Media,1,0.03,5.0,146989.8,2449.83,Platinum
5413,1,2911.58,2911.58,Home & Kitchen,Desktop,Direct,1,0.03,5.0,174694.8,2911.58,Platinum
5415,2,3356.38,1678.19,Electronics,Desktop,Organic Search,62,2.07,0.9662,19457.61,3356.38,Silver
5416,3,4996.34,1665.4466666666667,Fashion,Desktop,Direct,173,5.77,0.5199,10390.39,4996.34,Bronze
5418,1,5081.0,5081.0,Toys & Baby,Mobile,Organic Search,1,0.03,5.0,304860.0,5081.0,Platinum
5419,1,364.26,364.26,Grocery,Mobile,Organic Search,1,0.03,5.0,21855.6,364.26,Silver
5421,1,1156.78,1156.78,Sports & Fitness,Mobile,Email Campaign,1,0.03,5.0,69406.8,1156.78,Gold
5422,1,906.09,906.09,Sports & Fitness,Desktop,Organic Search,1,0.03,5.0,54365.4,906.09,Silver
5424,1,365.8,365.8,Toys & Baby,Desktop,Email Campaign,1,0.03,5.0,21948.0,365.8,Silver
5425,1,4752.42,4752.42,Books,Tablet,Organic Search,1,0.03,5.0,285145.2,4752.42,Platinum
5426,1,720.48,720.48,Sports & Fitness,Mobile,Paid Ads,1,0.03,5.0,43228.8,720.48,Silver
5427,1,1361.9,1361.9,Toys & Baby,Mobile,Email Campaign,1,0.03,5.0,81714.0,1361.9,Gold
5429,1,1303.03,1303.03,Beauty & Personal Care,Tablet,Referral,1,0.03,5.0,78181.8,1303.03,Gold
5430,1,533.86,533.86,Sports & Fitness,Desktop,Referral,1,0.03,5.0,32031.6,533.86,Silver
5431,1,3757.12,3757.12,Toys & Baby,Desktop,Email Campaign,1,0.03,5.0,225427.2,3757.12,Platinum
5432,1,1113.82,1113.82,Sports & Fitness,Mobile,Direct,1,0.03,5.0,66829.2,1113.82,Gold
5434,2,2254.5699999999997,1127.2849999999999,Beauty & Personal Care,Desktop,Direct,226,7.53,0.2656,3592.88,2254.57,Bronze
5435,1,695.71,695.71,Fashion,Desktop,Social Media,1,0.03,5.0,41742.6,695.71,Silver
5442,2,937.58,468.79,Electronics,Mobile,Email Campaign,133,4.43,0.4515,2539.9,937.58,Bronze
5443,1,2294.12,2294.12,Grocery,Mobile,Email Campaign,1,0.03,5.0,137647.2,2294.12,Platinum
5446,3,3457.06,1152.3533333333332,Toys & Baby,Mobile,Direct,119,3.97,0.7557,10450.0,3457.06,Bronze
5448,1,1576.32,1576.32,Home & Kitchen,Mobile,Organic Search,1,0.03,5.0,94579.2,1576.32,Gold
5450,1,3222.07,3222.07,Toys & Baby,Desktop,Email Campaign,1,0.03,5.0,193324.2,3222.07,Platinum
5453,1,434.92,434.92,Fashion,Desktop,Social Media,1,0.03,5.0,26095.2,434.92,Silver
5459,2,3951.57,1975.785,Beauty & Personal Care,Desktop,Email Campaign,91,3.03,0.6601,15650.59,3951.57,Bronze
5460,1,1026.87,1026.87,Fashion,Desktop,Direct,1,0.03,5.0,61612.2,1026.87,Gold
5461,1,262.45,262.45,Sports & Fitness,Mobile,Referral,1,0.03,5.0,15747.0,262.45,Bronze
5463,3,1868.11,622.7033333333333,Beauty & Personal Care,Desktop,Direct,286,9.53,0.3148,2352.32,1868.11,Bronze
5464,1,5860.0,5860.0,Toys & Baby,Desktop,Email Campaign,1,0.03,5.0,351600.0,5860.0,Platinum
5466,2,4672.51,2336.255,Fashion,Desktop,Direct,81,2.7,0.7407,20765.57,4672.51,Silver
5467,1,1604.38,1604.38,Books,Desktop,Social Media,1,0.03,5.0,96262.8,1604.38,Gold
5468,1,567.43,567.43,Grocery,Mobile,Paid Ads,1,0.03,5.0,34045.8,567.43,Silver
5469,1,930.92,930.92,Grocery,Mobile,Organic Search,1,0.03,5.0,55855.2,930.92,Gold
5470,1,167.16,167.16,Fashion,Desktop,Direct,1,0.03,5.0,10029.6,167.16,Bronze
5471,2,2483.94,1241.97,Books,Desktop,Paid Ads,150,5.0,0.4,5961.46,2483.94,Bronze
5475,1,1787.51,1787.51,Toys & Baby,Mobile,Email Campaign,1,0.03,5.0,107250.6,1787.51,Gold
5478,1,1465.94,1465.94,Books,Desktop,Social Media,1,0.03,5.0,87956.4,1465.94,Gold
5479,1,2663.02,2663.02,Home & Kitchen,Desktop,Paid Ads,1,0.03,5.0,159781.2,2663.02,Platinum
5480,1,1075.73,1075.73,Home & Kitchen,Tablet,Referral,1,0.03,5.0,64543.8,1075.73,Gold
5484,2,4552.2,2276.1,Home & Kitchen,Mobile,Paid Ads,159,5.3,0.3774,10308.0,4552.2,Bronze
5485,2,2295.85,1147.925,Beauty & Personal Care,Desktop,Email Campaign,20,0.67,2.9851,41120.05,2295.85,Silver
5486,1,859.6,859.6,Home & Kitchen,Desktop,Paid Ads,1,0.03,5.0,51576.0,859.6,Silver
5488,1,943.28,943.28,Toys & Baby,Mobile,Social Media,1,0.03,5.0,56596.8,943.28,Gold
5489,1,4844.2,4844.2,Beauty & Personal Care,Desktop,Referral,1,0.03,5.0,290652.0,4844.2,Platinum
5490,1,626.14,626.14,Toys & Baby,Mobile,Direct,1,0.03,5.0,37568.4,626.14,Silver
5493,1,1158.28,1158.28,Fashion,Desktop,Direct,1,0.03,5.0,69496.8,1158.28,Gold
5496,1,3870.3,3870.3,Grocery,Desktop,Social Media,1,0.03,5.0,232218.0,3870.3,Platinum
5498,1,5022.84,5022.84,Home & Kitchen,Mobile,Referral,1,0.03,5.0,301370.4,5022.84,Platinum
5500,1,1184.51,1184.51,Electronics,Tablet,Referral,1,0.03,5.0,71070.6,1184.51,Gold
5502,1,1496.63,1496.63,Beauty & Personal Care,Desktop,Email Campaign,1,0.03,5.0,89797.8,1496.63,Gold
5503,1,442.61,442.61,Grocery,Desktop,Social Media,1,0.03,5.0,26556.6,442.61,Silver
5504,1,2470.05,2470.05,Toys & Baby,Mobile,Email Campaign,1,0.03,5.0,148203.0,2470.05,Platinum
5505,2,2380.4700000000003,1190.2350000000001,Beauty & Personal Care,Desktop,Email Campaign,32,1.07,1.8692,26697.45,2380.47,Silver
5508,2,4799.0599999999995,2399.5299999999997,Electronics,Desktop,Paid Ads,35,1.17,1.7094,49221.08,4799.06,Silver
5509,1,316.54,316.54,Sports & Fitness,Mobile,Email Campaign,1,0.03,5.0,18992.4,316.54,Bronze
5513,1,3092.52,3092.52,Home & Kitchen,Mobile,Direct,1,0.03,5.0,185551.2,3092.52,Platinum
5514,2,5784.89,2892.445,Sports & Fitness,Desktop,Direct,202,6.73,0.2972,10315.62,5784.89,Bronze
5515,1,3339.2,3339.2,Toys & Baby,Desktop,Direct,1,0.03,5.0,200352.0,3339.2,Platinum
5516,1,950.89,950.89,Toys & Baby,Mobile,Paid Ads,1,0.03,5.0,57053.4,950.89,Gold
5518,2,4699.67,2349.835,Electronics,Desktop,Direct,56,1.87,1.0695,30157.78,4699.67,Silver
5519,1,1929.7,1929.7,Grocery,Tablet,Direct,1,0.03,5.0,115782.0,1929.7,Gold
5521,1,2050.89,2050.89,Beauty & Personal Care,Desktop,Paid Ads,1,0.03,5.0,123053.4,2050.89,Gold
5522,2,1226.31,613.155,Fashion,Desktop,Direct,121,4.03,0.4963,3651.71,1226.31,Bronze
5525,1,4709.6,4709.6,Toys & Baby,Desktop,Referral,1,0.03,5.0,282576.0,4709.6,Platinum
5526,1,395.05,395.05,Electronics,Desktop,Email Campaign,1,0.03,5.0,23703.0,395.05,Silver
5527,1,3662.71,3662.71,Books,Desktop,Paid Ads,1,0.03,5.0,219762.6,3662.71,Platinum
5528,1,1233.59,1233.59,Books,Desktop,Direct,1,0.03,5.0,74015.4,1233.59,Gold
5529,1,6006.6,6006.6,Toys & Baby,Mobile,Referral,1,0.03,5.0,360396.0,6006.6,Platinum
5531,1,508.56,508.56,Books,Mobile,Direct,1,0.03,5.0,30513.6,508.56,Silver
5532,1,3069.25,3069.25,Electronics,Desktop,Direct,1,0.03,5.0,184155.0,3069.25,Platinum
5533,3,4167.73,1389.243333333333,Beauty & Personal Care,Desktop,Social Media,248,8.27,0.3628,6048.21,4167.73,Bronze
5534,2,5666.76,2833.38,Books,Mobile,Organic Search,266,8.87,0.2255,7667.13,5666.76,Bronze
5537,1,1249.43,1249.43,Beauty & Personal Care,Mobile,Referral,1,0.03,5.0,74965.8,1249.43,Gold
5538,2,940.72,470.36,Electronics,Desktop,Direct,41,1.37,1.4599,8240.14,940.72,Bronze
5540,1,580.56,580.56,Sports & Fitness,Mobile,Organic Search,1,0.03,5.0,34833.6,580.56,Silver
5541,1,643.98,643.98,Books,Desktop,Direct,1,0.03,5.0,38638.8,643.98,Silver
5544,1,591.86,591.86,Fashion,Mobile,Organic Search,1,0.03,5.0,35511.6,591.86,Silver
5545,1,644.84,644.84,Electronics,Mobile,Organic Search,1,0.03,5.0,38690.4,644.84,Silver
5552,1,1091.95,1091.95,Grocery,Desktop,Social Media,1,0.03,5.0,65517.0,1091.95,Gold
5553,2,7667.139999999999,3833.5699999999997,Grocery,Mobile,Social Media,8,0.27,5.0,230014.2,7667.14,Platinum
5557,4,6930.64,1732.66,Books,Desktop,Social Media,264,8.8,0.4545,9449.93,6930.64,Bronze
5558,1,330.65,330.65,Electronics,Desktop,Organic Search,1,0.03,5.0,19839.0,330.65,Silver
5560,1,2349.4,2349.4,Books,Desktop,Organic Search,1,0.03,5.0,140964.0,2349.4,Platinum
5561,2,3559.89,1779.945,Beauty & Personal Care,Mobile,Email Campaign,104,3.47,0.5764,12311.52,3559.89,Bronze
5568,1,791.84,791.84,Electronics,Desktop,Social Media,1,0.03,5.0,47510.4,791.84,Silver
5569,1,1486.43,1486.43,Grocery,Desktop,Email Campaign,1,0.03,5.0,89185.8,1486.43,Gold
5573,2,3589.67,1794.835,Grocery,Desktop,Email Campaign,202,6.73,0.2972,6401.1,3589.67,Bronze
5574,2,3038.9300000000003,1519.4650000000001,Beauty & Personal Care,Desktop,Paid Ads,239,7.97,0.2509,4574.81,3038.93,Bronze
5578,1,3571.08,3571.08,Toys & Baby,Mobile,Paid Ads,1,0.03,5.0,214264.8,3571.08,Platinum
5580,1,1790.6,1790.6,Beauty & Personal Care,Desktop,Social Media,1,0.03,5.0,107436.0,1790.6,Gold
5581,2,7678.41,3839.205,Beauty & Personal Care,Desktop,Email Campaign,70,2.33,0.8584,39546.88,7678.41,Silver
5587,2,1328.86,664.43,Fashion,Desktop,Organic Search,27,0.9,2.2222,17717.96,1328.86,Bronze
5593,1,3227.0,3227.0,Books,Desktop,Social Media,1,0.03,5.0,193620.0,3227.0,Platinum
5595,3,3271.27,1090.4233333333334,Home & Kitchen,Mobile,Social Media,199,6.63,0.4525,5921.0,3271.27,Bronze
5596,1,2303.3,2303.3,Fashion,Tablet,Referral,1,0.03,5.0,138198.0,2303.3,Platinum
5597,2,1570.8000000000002,785.4000000000001,Sports & Fitness,Desktop,Organic Search,54,1.8,1.1111,10471.9,1570.8,Bronze
5599,1,390.62,390.62,Sports & Fitness,Desktop,Organic Search,1,0.03,5.0,23437.2,390.62,Silver
5601,2,5046.88,2523.44,Beauty & Personal Care,Desktop,Direct,12,0.4,5.0,151406.4,5046.88,Platinum
5605,1,1793.48,1793.48,Books,Desktop,Direct,1,0.03,5.0,107608.8,1793.48,Gold
5606,1,1151.22,1151.22,Toys & Baby,Desktop,Email Campaign,1,0.03,5.0,69073.2,1151.22,Gold
5607,1,1332.66,1332.66,Toys & Baby,Desktop,Paid Ads,1,0.03,5.0,79959.6,1332.66,Gold
5609,1,2748.3,2748.3,Books,Mobile,Paid Ads,1,0.03,5.0,164898.0,2748.3,Platinum
5610,1,277.34,277.34,Books,Desktop,Direct,1,0.03,5.0,16640.4,277.34,Bronze
5611,1,1745.14,1745.14,Electronics,Mobile,Referral,1,0.03,5.0,104708.4,1745.14,Gold
5612,1,475.44,475.44,Sports & Fitness,Tablet,Paid Ads,1,0.03,5.0,28526.4,475.44,Silver
5614,1,563.73,563.73,Beauty & Personal Care,Mobile,Social Media,1,0.03,5.0,33823.8,563.73,Silver
5615,2,2101.19,1050.595,Books,Mobile,Organic Search,124,4.13,0.4843,6105.64,2101.19,Bronze
5617,1,278.64,278.64,Sports & Fitness,Mobile,Direct,1,0.03,5.0,16718.4,278.64,Bronze
5627,1,3737.79,3737.79,Toys & Baby,Mobile,Referral,1,0.03,5.0,224267.4,3737.79,Platinum
5630,2,1151.0900000000001,575.5450000000001,Beauty & Personal Care,Desktop,Paid Ads,328,10.93,0.183,1263.9,1151.09,Bronze
5631,1,499.9,499.9,Fashion,Desktop,Organic Search,1,0.03,5.0,29994.0,499.9,Silver
5634,1,254.67,254.67,Fashion,Mobile,Organic Search,1,0.03,5.0,15280.2,254.67,Bronze
5635,2,8180.68,4090.34,Books,Desktop,Email Campaign,166,5.53,0.3617,17753.71,8180.68,Bronze
5639,1,1712.44,1712.44,Sports & Fitness,Desktop,Email Campaign,1,0.03,5.0,102746.4,1712.44,Gold
5640,1,459.4,459.4,Sports & Fitness,Mobile,Email Campaign,1,0.03,5.0,27564.0,459.4,Silver
5642,1,548.44,548.44,Books,Desktop,Social Media,1,0.03,5.0,32906.4,548.44,Silver
5643,2,1160.69,580.345,Electronics,Mobile,Referral,160,5.33,0.3752,2612.95,1160.69,Bronze
5644,1,1070.96,1070.96,Sports & Fitness,Desktop,Social Media,1,0.03,5.0,64257.6,1070.96,Gold
5648,1,216.78,216.78,Sports & Fitness,Desktop,Social Media,1,0.03,5.0,13006.8,216.78,Bronze
5651,1,876.37,876.37,Grocery,Mobile,Email Campaign,1,0.03,5.0,52582.2,876.37,Silver
5652,2,2492.8999999999996,1246.4499999999998,Grocery,Desktop,Direct,164,5.47,0.3656,5468.43,2492.9,Bronze
5659,1,1153.28,1153.28,Books,Mobile,Paid Ads,1,0.03,5.0,69196.8,1153.28,Gold
5661,1,2823.96,2823.96,Home & Kitchen,Desktop,Paid Ads,1,0.03,5.0,169437.6,2823.96,Platinum
5665,1,469.09,469.09,Electronics,Desktop,Organic Search,1,0.03,5.0,28145.4,469.09,Silver
5666,1,946.73,946.73,Grocery,Desktop,Email Campaign,1,0.03,5.0,56803.8,946.73,Gold
5667,1,2610.47,2610.47,Toys & Baby,Tablet,Referral,1,0.03,5.0,156628.2,2610.47,Platinum
5668,1,2285.5,2285.5,Grocery,Mobile,Organic Search,1,0.03,5.0,137130.0,2285.5,Platinum
5669,3,4882.39,1627.4633333333334,Grocery,Desktop,Email Campaign,118,3.93,0.7634,14908.87,4882.39,Bronze
5671,1,1765.91,1765.91,Toys & Baby,Desktop,Organic Search,1,0.03,5.0,105954.6,1765.91,Gold
5673,1,1062.0,1062.0,Sports & Fitness,Mobile,Paid Ads,1,0.03,5.0,63720.0,1062.0,Gold
5674,2,1245.6399999999999,622.8199999999999,Grocery,Desktop,Organic Search,7,0.23,5.0,37369.2,1245.64,Silver
5675,1,1180.09,1180.09,Books,Mobile,Organic Search,1,0.03,5.0,70805.4,1180.09,Gold
5676,1,907.08,907.08,Books,Mobile,Direct,1,0.03,5.0,54424.8,907.08,Silver
5677,1,370.56,370.56,Grocery,Tablet,Email Campaign,1,0.03,5.0,22233.6,370.56,Silver
5679,1,3437.48,3437.48,Books,Mobile,Email Campaign,1,0.03,5.0,206248.8,3437.48,Platinum
5681,1,3379.94,3379.94,Books,Mobile,Paid Ads,1,0.03,5.0,202796.4,3379.94,Platinum
5682,1,1529.45,1529.45,Electronics,Desktop,Email Campaign,1,0.03,5.0,91767.0,1529.45,Gold
5684,2,3551.24,1775.62,Beauty & Personal Care,Desktop,Direct,231,7.7,0.2597,5533.54,3551.24,Bronze
5686,1,2532.53,2532.53,Beauty & Personal Care,Desktop,Organic Search,1,0.03,5.0,151951.8,2532.53,Platinum
5687,1,862.64,862.64,Grocery,Mobile,Direct,1,0.03,5.0,51758.4,862.64,Silver
5688,2,3969.02,1984.51,Beauty & Personal Care,Mobile,Email Campaign,114,3.8,0.5263,12533.37,3969.02,Bronze
5690,1,920.54,920.54,Home & Kitchen,Desktop,Email Campaign,1,0.03,5.0,55232.4,920.54,Silver
5694,1,2481.91,2481.91,Home & Kitchen,Desktop,Direct,1,0.03,5.0,148914.6,2481.91,Platinum
5696,1,3156.37,3156.37,Toys & Baby,Mobile,Email Campaign,1,0.03,5.0,189382.2,3156.37,Platinum
5697,1,345.63,345.63,Electronics,Desktop,Direct,1,0.03,5.0,20737.8,345.63,Silver
5698,1,2775.34,2775.34,Toys & Baby,Tablet,Email Campaign,1,0.03,5.0,166520.4,2775.34,Platinum
5702,1,294.26,294.26,Grocery,Tablet,Organic Search,1,0.03,5.0,17655.6,294.26,Bronze
5703,1,1401.94,1401.94,Fashion,Desktop,Organic Search,1,0.03,5.0,84116.4,1401.94,Gold
5707,1,2424.23,2424.23,Electronics,Desktop,Paid Ads,1,0.03,5.0,145453.8,2424.23,Platinum
5709,2,3759.04,1879.52,Fashion,Mobile,Referral,246,8.2,0.2439,5500.98,3759.04,Bronze
5710,2,6117.19,3058.595,Electronics,Desktop,Email Campaign,119,3.97,0.5038,18491.04,6117.19,Bronze
5714,1,422.94,422.94,Toys & Baby,Desktop,Referral,1,0.03,5.0,25376.4,422.94,Silver
5720,2,5847.68,2923.84,Books,Mobile,Direct,231,7.7,0.2597,9111.85,5847.68,Bronze
5722,1,1102.16,1102.16,Books,Desktop,Referral,1,0.03,5.0,66129.6,1102.16,Gold
5723,1,1612.0,1612.0,Books,Mobile,Email Campaign,1,0.03,5.0,96720.0,1612.0,Gold
5724,1,854.45,854.45,Books,Desktop,Social Media,1,0.03,5.0,51267.0,854.45,Silver
5725,2,4757.410000000001,2378.7050000000004,Books,Desktop,Paid Ads,171,5.7,0.3509,10016.25,4757.41,Bronze
5727,1,750.8,750.8,Books,Desktop,Email Campaign,1,0.03,5.0,45048.0,750.8,Silver
5729,1,992.72,992.72,Electronics,Desktop,Paid Ads,1,0.03,5.0,59563.2,992.72,Gold
5730,1,761.88,761.88,Toys & Baby,Desktop,Organic Search,1,0.03,5.0,45712.8,761.88,Silver
5736,1,361.68,361.68,Electronics,Desktop,Direct,1,0.03,5.0,21700.8,361.68,Silver
5737,1,1497.16,1497.16,Books,Mobile,Referral,1,0.03,5.0,89829.6,1497.16,Gold
5738,1,728.72,728.72,Books,Mobile,Direct,1,0.03,5.0,43723.2,728.72,Silver
5740,3,7861.7,2620.5666666666666,Grocery,Desktop,Email Campaign,63,2.1,1.4286,44924.9,7861.7,Silver
5742,1,2210.87,2210.87,Electronics,Desktop,Direct,1,0.03,5.0,132652.2,2210.87,Platinum
5745,1,257.17,257.17,Fashion,Mobile,Email Campaign,1,0.03,5.0,15430.2,257.17,Bronze
5747,1,712.32,712.32,Sports & Fitness,Desktop,Email Campaign,1,0.03,5.0,42739.2,712.32,Silver
5748,2,2531.29,1265.645,Beauty & Personal Care,Desktop,Paid Ads,20,0.67,2.9851,45336.92,2531.29,Silver
5749,2,1525.8200000000002,762.9100000000001,Electronics,Desktop,Organic Search,147,4.9,0.4082,3737.04,1525.82,Bronze
5751,2,1727.17,863.585,Electronics,Desktop,Email Campaign,75,2.5,0.8,8290.42,1727.17,Bronze
5754,2,2924.19,1462.095,Fashion,Desktop,Paid Ads,53,1.77,1.1299,19824.25,2924.19,Silver
5755,2,3578.55,1789.275,Electronics,Desktop,Organic Search,301,10.03,0.1994,4281.38,3578.55,Bronze
5756,2,6746.84,3373.42,Toys & Baby,Desktop,Email Campaign,22,0.73,2.7397,110905.91,6746.84,Gold
5757,2,6397.4,3198.7,Beauty & Personal Care,Desktop,Email Campaign,63,2.1,0.9524,36557.3,6397.4,Silver
5760,2,7326.25,3663.125,Books,Mobile,Direct,48,1.6,1.25,54946.88,7326.25,Silver
5763,2,3507.06,1753.53,Beauty & Personal Care,Desktop,Direct,52,1.73,1.1561,24327.07,3507.06,Silver
5764,1,617.48,617.48,Sports & Fitness,Desktop,Email Campaign,1,0.03,5.0,37048.8,617.48,Silver
5766,1,774.99,774.99,Toys & Baby,Desktop,Email Campaign,1,0.03,5.0,46499.4,774.99,Silver
5767,2,2244.07,1122.035,Fashion,Mobile,Email Campaign,213,7.1,0.2817,3792.93,2244.07,Bronze
5770,2,5324.23,2662.115,Fashion,Desktop,Email Campaign,1,0.03,5.0,159726.9,5324.23,Platinum
5771,2,4523.67,2261.835,Beauty & Personal Care,Desktop,Direct,288,9.6,0.2083,5653.68,4523.67,Bronze
5774,1,357.36,357.36,Fashion,Desktop,Email Campaign,1,0.03,5.0,21441.6,357.36,Silver
5775,1,186.55,186.55,Electronics,Desktop,Email Campaign,1,0.03,5.0,11193.0,186.55,Bronze
5776,2,3154.48,1577.24,Home & Kitchen,Desktop,Direct,55,1.83,1.0929,20685.19,3154.48,Silver
5777,1,2031.06,2031.06,Toys & Baby,Desktop,Organic Search,1,0.03,5.0,121863.6,2031.06,Gold
5778,2,6754.82,3377.41,Beauty & Personal Care,Desktop,Direct,125,4.17,0.4796,19437.67,6754.82,Silver
5779,1,5844.78,5844.78,Toys & Baby,Desktop,Direct,1,0.03,5.0,350686.8,5844.78,Platinum
5780,1,3272.59,3272.59,Toys & Baby,Desktop,Paid Ads,1,0.03,5.0,196355.4,3272.59,Platinum
5781,2,2517.3900000000003,1258.6950000000002,Sports & Fitness,Mobile,Direct,198,6.6,0.303,4576.62,2517.39,Bronze
5782,1,2711.56,2711.56,Toys & Baby,Mobile,Social Media,1,0.03,5.0,162693.6,2711.56,Platinum
5785,1,865.06,865.06,Sports & Fitness,Desktop,Paid Ads,1,0.03,5.0,51903.6,865.06,Silver
5787,1,2778.81,2778.81,Home & Kitchen,Mobile,Referral,1,0.03,5.0,166728.6,2778.81,Platinum
5791,1,1268.46,1268.46,Fashion,Desktop,Email Campaign,1,0.03,5.0,76107.6,1268.46,Gold
5792,1,958.41,958.41,Beauty & Personal Care,Desktop,Direct,1,0.03,5.0,57504.6,958.41,Gold
5793,3,7953.709999999999,2651.236666666666,Beauty & Personal Care,Mobile,Organic Search,263,8.77,0.3421,10883.86,7953.71,Bronze
5798,3,4788.68,1596.2266666666667,Electronics,Desktop,Direct,155,5.17,0.5803,11115.48,4788.68,Bronze
5799,1,361.09,361.09,Grocery,Desktop,Social Media,1,0.03,5.0,21665.4,361.09,Silver
5800,1,419.94,419.94,Sports & Fitness,Mobile,Email Campaign,1,0.03,5.0,25196.4,419.94,Silver
5801,1,495.59,495.59,Sports & Fitness,Desktop,Referral,1,0.03,5.0,29735.4,495.59,Silver
5804,2,2556.78,1278.39,Fashion,Desktop,Paid Ads,49,1.63,1.227,18823.01,2556.78,Bronze
5805,1,384.64,384.64,Fashion,Desktop,Direct,1,0.03,5.0,23078.4,384.64,Silver
5808,2,6736.77,3368.385,Books,Desktop,Email Campaign,96,3.2,0.625,25262.89,6736.77,Silver
5812,1,171.39,171.39,Fashion,Mobile,Referral,1,0.03,5.0,10283.4,171.39,Bronze
5813,1,1580.76,1580.76,Home & Kitchen,Tablet,Social Media,1,0.03,5.0,94845.6,1580.76,Gold
5817,1,742.07,742.07,Grocery,Desktop,Social Media,1,0.03,5.0,44524.2,742.07,Silver
5823,1,250.03,250.03,Grocery,Mobile,Social Media,1,0.03,5.0,15001.8,250.03,Bronze
5824,1,1914.12,1914.12,Grocery,Mobile,Email Campaign,1,0.03,5.0,114847.2,1914.12,Gold
5825,2,1723.68,861.84,Beauty & Personal Care,Mobile,Organic Search,165,5.5,0.3636,3760.38,1723.68,Bronze
5826,1,1313.32,1313.32,Sports & Fitness,Mobile,Direct,1,0.03,5.0,78799.2,1313.32,Gold
5827,1,6661.28,6661.28,Home & Kitchen,Tablet,Paid Ads,1,0.03,5.0,399676.8,6661.28,Platinum
5830,1,1014.56,1014.56,Toys & Baby,Desktop,Organic Search,1,0.03,5.0,60873.6,1014.56,Gold
5834,1,1543.69,1543.69,Toys & Baby,Desktop,Direct,1,0.03,5.0,92621.4,1543.69,Gold
5837,1,187.52,187.52,Sports & Fitness,Mobile,Direct,1,0.03,5.0,11251.2,187.52,Bronze
5838,2,4807.65,2403.825,Electronics,Desktop,Organic Search,138,4.6,0.4348,12542.2,4807.65,Bronze
5839,1,660.25,660.25,Toys & Baby,Tablet,Social Media,1,0.03,5.0,39615.0,660.25,Silver
5840,1,1668.56,1668.56,Electronics,Desktop,Organic Search,1,0.03,5.0,100113.6,1668.56,Gold
5845,1,2803.58,2803.58,Toys & Baby,Mobile,Organic Search,1,0.03,5.0,168214.8,2803.58,Platinum
5847,1,1229.98,1229.98,Home & Kitchen,Tablet,Paid Ads,1,0.03,5.0,73798.8,1229.98,Gold
5848,1,515.5,515.5,Fashion,Desktop,Email Campaign,1,0.03,5.0,30930.0,515.5,Silver
5850,1,1276.46,1276.46,Toys & Baby,Desktop,Email Campaign,1,0.03,5.0,76587.6,1276.46,Gold
5852,3,8973.34,2991.1133333333332,Beauty & Personal Care,Mobile,Organic Search,227,7.57,0.3963,14224.54,8973.34,Bronze
5858,2,5974.68,2987.34,Grocery,Desktop,Paid Ads,133,4.43,0.4515,16185.41,5974.68,Bronze
5860,2,4225.01,2112.505,Beauty & Personal Care,Desktop,Email Campaign,99,3.3,0.6061,15364.67,4225.01,Bronze
5863,2,3859.38,1929.69,Toys & Baby,Desktop,Organic Search,275,9.17,0.2181,5050.38,3859.38,Bronze
5864,2,1423.8500000000001,711.9250000000001,Home & Kitchen,Desktop,Email Campaign,63,2.1,0.9524,8136.45,1423.85,Bronze
5869,1,5321.72,5321.72,Toys & Baby,Desktop,Paid Ads,1,0.03,5.0,319303.2,5321.72,Platinum
5872,1,1639.93,1639.93,Fashion,Desktop,Organic Search,1,0.03,5.0,98395.8,1639.93,Gold
5875,1,4387.44,4387.44,Beauty & Personal Care,Desktop,Direct,1,0.03,5.0,263246.4,4387.44,Platinum
5876,1,2264.48,2264.48,Toys & Baby,Tablet,Direct,1,0.03,5.0,135868.8,2264.48,Platinum
5877,1,554.03,554.03,Beauty & Personal Care,Mobile,Paid Ads,1,0.03,5.0,33241.8,554.03,Silver
5880,2,4883.01,2441.505,Grocery,Desktop,Paid Ads,107,3.57,0.5602,16412.77,4883.01,Bronze
5884,1,684.24,684.24,Home & Kitchen,Desktop,Direct,1,0.03,5.0,41054.4,684.24,Silver
5885,1,84.96,84.96,Sports & Fitness,Desktop,Referral,1,0.03,5.0,5097.6,84.96,Bronze
5886,1,1609.88,1609.88,Beauty & Personal Care,Desktop,Direct,1,0.03,5.0,96592.8,1609.88,Gold
5888,1,464.76,464.76,Fashion,Mobile,Organic Search,1,0.03,5.0,27885.6,464.76,Silver
5889,3,5474.77,1824.9233333333334,Books,Desktop,Referral,200,6.67,0.4498,9850.21,5474.77,Bronze
5893,1,574.56,574.56,Fashion,Desktop,Organic Search,1,0.03,5.0,34473.6,574.56,Silver
5894,1,1318.08,1318.08,Home & Kitchen,Desktop,Social Media,1,0.03,5.0,79084.8,1318.08,Gold
5895,2,2113.96,1056.98,Electronics,Desktop,Email Campaign,243,8.1,0.2469,3131.62,2113.96,Bronze
5902,1,2075.62,2075.62,Beauty & Personal Care,Desktop,Social Media,1,0.03,5.0,124537.2,2075.62,Platinum
5903,1,1424.99,1424.99,Beauty & Personal Care,Tablet,Paid Ads,1,0.03,5.0,85499.4,1424.99,Gold
5904,2,2455.31,1227.655,Beauty & Personal Care,Desktop,Organic Search,59,1.97,1.0152,14955.78,2455.31,Bronze
5905,1,1440.58,1440.58,Fashion,Mobile,Email Campaign,1,0.03,5.0,86434.8,1440.58,Gold
5906,1,250.93,250.93,Beauty & Personal Care,Desktop,Referral,1,0.03,5.0,15055.8,250.93,Bronze
5909,2,6184.5,3092.25,Beauty & Personal Care,Desktop,Email Campaign,24,0.8,2.5,92767.5,6184.5,Gold
5910,1,796.09,796.09,Grocery,Mobile,Referral,1,0.03,5.0,47765.4,796.09,Silver
5915,1,5287.19,5287.19,Toys & Baby,Tablet,Paid Ads,1,0.03,5.0,317231.4,5287.19,Platinum
5918,2,3059.07,1529.535,Books,Desktop,Referral,101,3.37,0.5935,10893.35,3059.07,Bronze
5920,2,4470.3,2235.15,Electronics,Mobile,Email Campaign,48,1.6,1.25,33527.25,4470.3,Silver
5921,2,7634.02,3817.01,Grocery,Desktop,Email Campaign,36,1.2,1.6667,76341.73,7634.02,Gold
5923,1,1037.8,1037.8,Electronics,Tablet,Email Campaign,1,0.03,5.0,62268.0,1037.8,Gold
5924,3,3255.02,1085.0066666666667,Books,Mobile,Direct,304,10.13,0.2962,3856.55,3255.02,Bronze
5925,1,184.5,184.5,Electronics,Mobile,Social Media,1,0.03,5.0,11070.0,184.5,Bronze
5926,3,3734.0,1244.6666666666667,Beauty & Personal Care,Mobile,Email Campaign,230,7.67,0.3911,5841.47,3734.0,Bronze
5932,1,909.21,909.21,Electronics,Tablet,Organic Search,1,0.03,5.0,54552.6,909.21,Silver
5933,1,2290.32,2290.32,Beauty & Personal Care,Desktop,Direct,1,0.03,5.0,137419.2,2290.32,Platinum
5934,1,1934.72,1934.72,Sports & Fitness,Desktop,Social Media,1,0.03,5.0,116083.2,1934.72,Gold
5936,1,1344.64,1344.64,Fashion,Mobile,Email Campaign,1,0.03,5.0,80678.4,1344.64,Gold
5938,1,2953.72,2953.72,Fashion,Desktop,Paid Ads,1,0.03,5.0,177223.2,2953.72,Platinum
5939,1,4156.23,4156.23,Beauty & Personal Care,Desktop,Organic Search,1,0.03,5.0,249373.8,4156.23,Platinum
5941,1,2470.8,2470.8,Beauty & Personal Care,Desktop,Email Campaign,1,0.03,5.0,148248.0,2470.8,Platinum
5942,2,6460.49,3230.245,Books,Desktop,Paid Ads,47,1.57,1.2739,49380.11,6460.49,Silver
5943,1,475.63,475.63,Grocery,Mobile,Email Campaign,1,0.03,5.0,28537.8,475.63,Silver
5944,3,2372.7200000000003,790.9066666666668,Books,Desktop,Social Media,187,6.23,0.4815,4569.86,2372.72,Bronze
5946,1,2888.49,2888.49,Fashion,Mobile,Social Media,1,0.03,5.0,173309.4,2888.49,Platinum
5949,1,1833.37,1833.37,Toys & Baby,Desktop,Paid Ads,1,0.03,5.0,110002.2,1833.37,Gold
5952,3,10124.29,3374.763333333334,Books,Mobile,Email Campaign,172,5.73,0.5236,21204.31,10124.29,Silver
5956,1,5080.54,5080.54,Home & Kitchen,Mobile,Direct,1,0.03,5.0,304832.4,5080.54,Platinum
5958,1,1965.47,1965.47,Electronics,Mobile,Organic Search,1,0.03,5.0,117928.2,1965.47,Gold
5960,1,5352.26,5352.26,Toys & Baby,Mobile,Paid Ads,1,0.03,5.0,321135.6,5352.26,Platinum
5961,1,5472.29,5472.29,Toys & Baby,Desktop,Social Media,1,0.03,5.0,328337.4,5472.29,Platinum
5965,1,950.8,950.8,Books,Desktop,Email Campaign,1,0.03,5.0,57048.0,950.8,Gold
5970,1,1772.96,1772.96,Toys & Baby,Desktop,Referral,1,0.03,5.0,106377.6,1772.96,Gold
5972,1,1660.75,1660.75,Books,Mobile,Email Campaign,1,0.03,5.0,99645.0,1660.75,Gold
5973,2,1992.8,996.4,Home & Kitchen,Desktop,Direct,29,0.97,2.0619,24653.73,1992.8,Silver
5975,1,704.02,704.02,Home & Kitchen,Desktop,Paid Ads,1,0.03,5.0,42241.2,704.02,Silver
5976,1,173.72,173.72,Fashion,Desktop,Organic Search,1,0.03,5.0,10423.2,173.72,Bronze
5977,1,2180.96,2180.96,Toys & Baby,Mobile,Organic Search,1,0.03,5.0,130857.6,2180.96,Platinum
5979,3,2977.09,992.3633333333333,Fashion,Mobile,Direct,75,2.5,1.2,14290.03,2977.09,Bronze
5981,2,3929.55,1964.775,Books,Desktop,Organic Search,64,2.13,0.939,22139.08,3929.55,Silver
5982,1,1115.64,1115.64,Beauty & Personal Care,Desktop,Direct,1,0.03,5.0,66938.4,1115.64,Gold
5985,1,1616.39,1616.39,Home & Kitchen,Mobile,Social Media,1,0.03,5.0,96983.4,1616.39,Gold
5989,2,1368.8200000000002,684.4100000000001,Electronics,Desktop,Organic Search,171,5.7,0.3509,2881.91,1368.82,Bronze
5993,1,1566.6,1566.6,Electronics,Desktop,Organic Search,1,0.03,5.0,93996.0,1566.6,Gold
5994,1,684.72,684.72,Sports & Fitness,Desktop,Paid Ads,1,0.03,5.0,41083.2,684.72,Silver
5996,2,2586.74,1293.37,Electronics,Desktop,Referral,23,0.77,2.5974,40312.79,2586.74,Silver
5997,1,319.13,319.13,Beauty & Personal Care,Desktop,Paid Ads,1,0.03,5.0,19147.8,319.13,Bronze
5999,3,4053.8099999999995,1351.2699999999998,Fashion,Desktop,Direct,317,10.57,0.2838,4601.89,4053.81,Bronze
6000,1,588.74,588.74,Sports & Fitness,Desktop,Organic Search,1,0.03,5.0,35324.4,588.74,Silver
6005,3,3645.11,1215.0366666666666,Grocery,Desktop,Direct,189,6.3,0.4762,6943.21,3645.11,Bronze
6006,1,766.38,766.38,Sports & Fitness,Mobile,Paid Ads,1,0.03,5.0,45982.8,766.38,Silver
6007,1,1908.3,1908.3,Toys & Baby,Tablet,Referral,1,0.03,5.0,114498.0,1908.3,Gold
6010,1,377.58,377.58,Grocery,Desktop,Email Campaign,1,0.03,5.0,22654.8,377.58,Silver
6011,1,3368.28,3368.28,Home & Kitchen,Mobile,Organic Search,1,0.03,5.0,202096.8,3368.28,Platinum
6013,1,621.54,621.54,Electronics,Desktop,Email Campaign,1,0.03,5.0,37292.4,621.54,Silver
6018,1,843.21,843.21,Electronics,Desktop,Organic Search,1,0.03,5.0,50592.6,843.21,Silver
6019,2,1951.97,975.985,Fashion,Desktop,Organic Search,258,8.6,0.2326,2724.17,1951.97,Bronze
6020,1,821.05,821.05,Grocery,Desktop,Email Campaign,1,0.03,5.0,49263.0,821.05,Silver
6021,1,2497.51,2497.51,Home & Kitchen,Mobile,Organic Search,1,0.03,5.0,149850.6,2497.51,Platinum
6024,1,1407.37,1407.37,Beauty & Personal Care,Mobile,Organic Search,1,0.03,5.0,84442.2,1407.37,Gold
6025,1,2584.7,2584.7,Books,Desktop,Paid Ads,1,0.03,5.0,155082.0,2584.7,Platinum
6026,1,776.79,776.79,Grocery,Mobile,Organic Search,1,0.03,5.0,46607.4,776.79,Silver
6027,1,704.19,704.19,Books,Tablet,Organic Search,1,0.03,5.0,42251.4,704.19,Silver
6028,2,2721.99,1360.995,Fashion,Desktop,Paid Ads,264,8.8,0.2273,3712.25,2721.99,Bronze
6031,1,805.05,805.05,Grocery,Mobile,Referral,1,0.03,5.0,48303.0,805.05,Silver
6035,1,2649.55,2649.55,Toys & Baby,Desktop,Paid Ads,1,0.03,5.0,158973.0,2649.55,Platinum
6036,1,2799.21,2799.21,Electronics,Mobile,Referral,1,0.03,5.0,167952.6,2799.21,Platinum
6038,2,5932.62,2966.31,Electronics,Desktop,Direct,83,2.77,0.722,25700.11,5932.62,Silver
6042,1,955.96,955.96,Home & Kitchen,Desktop,Direct,1,0.03,5.0,57357.6,955.96,Gold
6045,2,2783.81,1391.905,Electronics,Desktop,Direct,64,2.13,0.939,15683.99,2783.81,Bronze
6046,1,846.77,846.77,Fashion,Desktop,Referral,1,0.03,5.0,50806.2,846.77,Silver
6047,1,3983.08,3983.08,Home & Kitchen,Desktop,Paid Ads,1,0.03,5.0,238984.8,3983.08,Platinum
6050,1,3225.6,3225.6,Home & Kitchen,Desktop,Social Media,1,0.03,5.0,193536.0,3225.6,Platinum
6052,1,1180.78,1180.78,Toys & Baby,Mobile,Email Campaign,1,0.03,5.0,70846.8,1180.78,Gold
6053,1,202.98,202.98,Fashion,Desktop,Social Media,1,0.03,5.0,12178.8,202.98,Bronze
6054,1,454.09,454.09,Sports & Fitness,Mobile,Organic Search,1,0.03,5.0,27245.4,454.09,Silver
6056,1,1512.9,1512.9,Beauty & Personal Care,Desktop,Referral,1,0.03,5.0,90774.0,1512.9,Gold
6057,1,738.37,738.37,Electronics,Desktop,Organic Search,1,0.03,5.0,44302.2,738.37,Silver
6058,3,5955.150000000001,1985.0500000000002,Beauty & Personal Care,Desktop,Direct,150,5.0,0.6,14292.36,5955.15,Bronze
6063,1,1693.91,1693.91,Toys & Baby,Desktop,Organic Search,1,0.03,5.0,101634.6,1693.91,Gold
6065,1,1849.16,1849.16,Books,Tablet,Direct,1,0.03,5.0,110949.6,1849.16,Gold
6066,2,3142.1499999999996,1571.0749999999998,Fashion,Desktop,Email Campaign,54,1.8,1.1111,20947.46,3142.15,Silver
6067,1,4645.32,4645.32,Beauty & Personal Care,Mobile,Social Media,1,0.03,5.0,278719.2,4645.32,Platinum
6071,1,345.57,345.57,Toys & Baby,Desktop,Email Campaign,1,0.03,5.0,20734.2,345.57,Silver
6077,1,812.71,812.71,Electronics,Desktop,Organic Search,1,0.03,5.0,48762.6,812.71,Silver
6080,1,1041.35,1041.35,Grocery,Mobile,Paid Ads,1,0.03,5.0,62481.0,1041.35,Gold
6081,1,1117.0,1117.0,Electronics,Tablet,Social Media,1,0.03,5.0,67020.0,1117.0,Gold
6082,1,311.67,311.67,Sports & Fitness,Mobile,Social Media,1,0.03,5.0,18700.2,311.67,Bronze
6084,1,975.51,975.51,Toys & Baby,Desktop,Referral,1,0.03,5.0,58530.6,975.51,Gold
6085,3,11545.2,3848.4,Electronics,Mobile,Paid Ads,206,6.87,0.4367,20167.16,11545.2,Silver
6086,2,7884.4400000000005,3942.2200000000003,Beauty & Personal Care,Desktop,Email Campaign,49,1.63,1.227,58045.25,7884.44,Gold
6087,2,1206.27,603.135,Grocery,Desktop,Organic Search,47,1.57,1.2739,9220.0,1206.27,Bronze
6088,4,6311.89,1577.9725,Books,Tablet,Direct,87,2.9,1.3793,26117.97,6311.89,Silver
6092,1,1973.55,1973.55,Fashion,Mobile,Email Campaign,1,0.03,5.0,118413.0,1973.55,Gold
6093,1,97.93,97.93,Fashion,Mobile,Referral,1,0.03,5.0,5875.8,97.93,Bronze
6096,1,1136.62,1136.62,Home & Kitchen,Tablet,Social Media,1,0.03,5.0,68197.2,1136.62,Gold
6097,1,1135.33,1135.33,Toys & Baby,Mobile,Organic Search,1,0.03,5.0,68119.8,1135.33,Gold
6098,1,276.84,276.84,Sports & Fitness,Mobile,Email Campaign,1,0.03,5.0,16610.4,276.84,Bronze
6101,2,669.14,334.57,Sports & Fitness,Desktop,Organic Search,65,2.17,0.9217,3700.48,669.14,Bronze
6104,3,5695.15,1898.3833333333332,Beauty & Personal Care,Mobile,Direct,345,11.5,0.2609,5943.46,5695.15,Bronze
6107,1,4978.23,4978.23,Toys & Baby,Mobile,Paid Ads,1,0.03,5.0,298693.8,4978.23,Platinum
6109,1,767.02,767.02,Toys & Baby,Desktop,Direct,1,0.03,5.0,46021.2,767.02,Silver
6111,2,6919.66,3459.83,Books,Desktop,Email Campaign,322,10.73,0.1864,7738.95,6919.66,Bronze
6112,1,461.97,461.97,Sports & Fitness,Mobile,Referral,1,0.03,5.0,27718.2,461.97,Silver
6116,4,8182.58,2045.645,Books,Desktop,Social Media,276,9.2,0.4348,10673.36,8182.58,Bronze
6118,2,1146.08,573.04,Books,Desktop,Referral,9,0.3,5.0,34382.4,1146.08,Silver
6119,1,374.3,374.3,Sports & Fitness,Mobile,Social Media,1,0.03,5.0,22458.0,374.3,Silver
6121,1,4633.45,4633.45,Toys & Baby,Desktop,Email Campaign,1,0.03,5.0,278007.0,4633.45,Platinum
6125,1,1299.33,1299.33,Electronics,Desktop,Organic Search,1,0.03,5.0,77959.8,1299.33,Gold
6126,2,8373.25,4186.625,Electronics,Desktop,Direct,124,4.13,0.4843,24330.99,8373.25,Silver
6127,1,552.51,552.51,Electronics,Desktop,Email Campaign,1,0.03,5.0,33150.6,552.51,Silver
6128,1,1845.74,1845.74,Beauty & Personal Care,Desktop,Referral,1,0.03,5.0,110744.4,1845.74,Gold
6129,1,3389.65,3389.65,Home & Kitchen,Mobile,Direct,1,0.03,5.0,203379.0,3389.65,Platinum
6135,3,7899.21,2633.07,Beauty & Personal Care,Desktop,Direct,172,5.73,0.5236,16544.11,7899.21,Bronze
6138,1,1580.56,1580.56,Sports & Fitness,Tablet,Direct,1,0.03,5.0,94833.6,1580.56,Gold
6141,1,356.04,356.04,Electronics,Tablet,Organic Search,1,0.03,5.0,21362.4,356.04,Silver
6142,1,1956.35,1956.35,Home & Kitchen,Desktop,Referral,1,0.03,5.0,117381.0,1956.35,Gold
6144,1,874.13,874.13,Beauty & Personal Care,Desktop,Organic Search,1,0.03,5.0,52447.8,874.13,Silver
6145,1,3296.76,3296.76,Home & Kitchen,Desktop,Email Campaign,1,0.03,5.0,197805.6,3296.76,Platinum
6148,2,2677.02,1338.51,Electronics,Desktop,Direct,91,3.03,0.6601,10602.61,2677.02,Bronze
6151,2,1626.8,813.4,Grocery,Desktop,Email Campaign,10,0.33,5.0,48804.0,1626.8,Silver
6153,1,5532.55,5532.55,Home & Kitchen,Mobile,Email Campaign,1,0.03,5.0,331953.0,5532.55,Platinum
6154,1,967.94,967.94,Home & Kitchen,Mobile,Referral,1,0.03,5.0,58076.4,967.94,Gold
6155,1,3630.6,3630.6,Books,Mobile,Email Campaign,1,0.03,5.0,217836.0,3630.6,Platinum
6156,1,4108.1,4108.1,Books,Mobile,Email Campaign,1,0.03,5.0,246486.0,4108.1,Platinum
6163,1,1755.32,1755.32,Grocery,Mobile,Email Campaign,1,0.03,5.0,105319.2,1755.32,Gold
6164,1,362.7,362.7,Sports & Fitness,Desktop,Social Media,1,0.03,5.0,21762.0,362.7,Silver
6165,1,1419.34,1419.34,Toys & Baby,Mobile,Social Media,1,0.03,5.0,85160.4,1419.34,Gold
6166,2,597.67,298.835,Electronics,Mobile,Direct,110,3.67,0.545,1954.38,597.67,Bronze
6170,1,409.22,409.22,Fashion,Desktop,Paid Ads,1,0.03,5.0,24553.2,409.22,Silver
6171,1,1563.53,1563.53,Home & Kitchen,Tablet,Paid Ads,1,0.03,5.0,93811.8,1563.53,Gold
6173,1,2489.67,2489.67,Toys & Baby,Mobile,Referral,1,0.03,5.0,149380.2,2489.67,Platinum
6174,1,1226.08,1226.08,Home & Kitchen,Mobile,Referral,1,0.03,5.0,73564.8,1226.08,Gold
6176,1,2478.35,2478.35,Home & Kitchen,Desktop,Paid Ads,1,0.03,5.0,148701.0,2478.35,Platinum
6177,1,4306.6,4306.6,Beauty & Personal Care,Desktop,Social Media,1,0.03,5.0,258396.0,4306.6,Platinum
6178,2,902.99,451.495,Home & Kitchen,Mobile,Referral,263,8.77,0.2281,1235.83,902.99,Bronze
6181,1,1024.35,1024.35,Books,Mobile,Referral,1,0.03,5.0,61461.0,1024.35,Gold
6182,1,2524.68,2524.68,Beauty & Personal Care,Mobile,Direct,1,0.03,5.0,151480.8,2524.68,Platinum
6186,1,532.81,532.81,Home & Kitchen,Desktop,Paid Ads,1,0.03,5.0,31968.6,532.81,Silver
6187,1,5872.2,5872.2,Home & Kitchen,Mobile,Referral,1,0.03,5.0,352332.0,5872.2,Platinum
6191,2,2162.92,1081.46,Fashion,Desktop,Organic Search,32,1.07,1.8692,24257.58,2162.92,Silver
6193,1,771.51,771.51,Fashion,Desktop,Referral,1,0.03,5.0,46290.6,771.51,Silver
6195,1,950.69,950.69,Beauty & Personal Care,Mobile,Referral,1,0.03,5.0,57041.4,950.69,Gold
6196,1,1040.85,1040.85,Beauty & Personal Care,Mobile,Paid Ads,1,0.03,5.0,62451.0,1040.85,Gold
6197,1,3179.88,3179.88,Grocery,Tablet,Social Media,1,0.03,5.0,190792.8,3179.88,Platinum
6198,1,351.14,351.14,Sports & Fitness,Desktop,Organic Search,1,0.03,5.0,21068.4,351.14,Silver
6201,1,2824.14,2824.14,Books,Desktop,Email Campaign,1,0.03,5.0,169448.4,2824.14,Platinum
6202,1,5126.22,5126.22,Books,Desktop,Social Media,1,0.03,5.0,307573.2,5126.22,Platinum
6204,1,3725.64,3725.64,Books,Desktop,Direct,1,0.03,5.0,223538.4,3725.64,Platinum
6206,1,2858.81,2858.81,Books,Desktop,Referral,1,0.03,5.0,171528.6,2858.81,Platinum
6208,1,6342.08,6342.08,Books,Mobile,Email Campaign,1,0.03,5.0,380524.8,6342.08,Platinum
6209,1,560.63,560.63,Home & Kitchen,Desktop,Referral,1,0.03,5.0,33637.8,560.63,Silver
6210,3,1845.8,615.2666666666667,Electronics,Desktop,Social Media,203,6.77,0.4431,3271.5,1845.8,Bronze
6212,1,154.87,154.87,Sports & Fitness,Desktop,Organic Search,1,0.03,5.0,9292.2,154.87,Bronze
6213,1,600.99,600.99,Sports & Fitness,Desktop,Organic Search,1,0.03,5.0,36059.4,600.99,Silver
6215,1,200.52,200.52,Sports & Fitness,Desktop,Email Campaign,1,0.03,5.0,12031.2,200.52,Bronze
6217,1,299.92,299.92,Toys & Baby,Mobile,Social Media,1,0.03,5.0,17995.2,299.92,Bronze
6221,2,2513.08,1256.54,Electronics,Mobile,Email Campaign,64,2.13,0.939,14158.69,2513.08,Bronze
6223,1,5321.89,5321.89,Toys & Baby,Tablet,Email Campaign,1,0.03,5.0,319313.4,5321.89,Platinum
6225,1,7110.36,7110.36,Home & Kitchen,Mobile,Direct,1,0.03,5.0,426621.6,7110.36,Platinum
6228,2,2497.25,1248.625,Beauty & Personal Care,Desktop,Direct,32,1.07,1.8692,28007.16,2497.25,Silver
6229,1,2906.51,2906.51,Electronics,Mobile,Referral,1,0.03,5.0,174390.6,2906.51,Platinum
6230,2,1713.0500000000002,856.5250000000001,Fashion,Desktop,Organic Search,173,5.77,0.3466,3562.46,1713.05,Bronze
6233,1,1369.14,1369.14,Books,Desktop,Direct,1,0.03,5.0,82148.4,1369.14,Gold
6239,2,2065.63,1032.815,Fashion,Desktop,Direct,210,7.0,0.2857,3540.9,2065.63,Bronze
6240,1,6439.0,6439.0,Toys & Baby,Desktop,Email Campaign,1,0.03,5.0,386340.0,6439.0,Platinum
6241,1,932.63,932.63,Toys & Baby,Desktop,Direct,1,0.03,5.0,55957.8,932.63,Gold
6243,3,5940.6,1980.2,Books,Desktop,Referral,209,6.97,0.4304,10227.34,5940.6,Bronze
6246,1,480.02,480.02,Fashion,Desktop,Referral,1,0.03,5.0,28801.2,480.02,Silver
6254,1,865.04,865.04,Grocery,Desktop,Paid Ads,1,0.03,5.0,51902.4,865.04,Silver
6255,1,890.75,890.75,Fashion,Desktop,Email Campaign,1,0.03,5.0,53445.0,890.75,Silver
6256,3,11609.37,3869.7900000000004,Home & Kitchen,Desktop,Email Campaign,114,3.8,0.7895,36662.39,11609.37,Silver
6257,1,787.64,787.64,Sports & Fitness,Mobile,Referral,1,0.03,5.0,47258.4,787.64,Silver
6258,1,2273.91,2273.91,Home & Kitchen,Desktop,Paid Ads,1,0.03,5.0,136434.6,2273.91,Platinum
6262,1,583.32,583.32,Fashion,Desktop,Referral,1,0.03,5.0,34999.2,583.32,Silver
6264,1,763.27,763.27,Grocery,Mobile,Social Media,1,0.03,5.0,45796.2,763.27,Silver
6266,1,2065.59,2065.59,Books,Desktop,Referral,1,0.03,5.0,123935.4,2065.59,Gold
6270,1,893.04,893.04,Sports & Fitness,Desktop,Organic Search,1,0.03,5.0,53582.4,893.04,Silver
6274,1,444.39,444.39,Fashion,Mobile,Organic Search,1,0.03,5.0,26663.4,444.39,Silver
6276,3,5208.5,1736.1666666666667,Beauty & Personal Care,Desktop,Email Campaign,75,2.5,1.2,25000.8,5208.5,Silver
6279,1,4469.82,4469.82,Home & Kitchen,Mobile,Email Campaign,1,0.03,5.0,268189.2,4469.82,Platinum
6282,1,990.99,990.99,Sports & Fitness,Desktop,Referral,1,0.03,5.0,59459.4,990.99,Gold
6283,3,7051.29,2350.43,Books,Desktop,Paid Ads,135,4.5,0.6667,18804.38,7051.29,Bronze
6288,2,1588.95,794.475,Sports & Fitness,Desktop,Direct,259,8.63,0.2317,2208.96,1588.95,Bronze
6289,2,3774.6400000000003,1887.3200000000002,Books,Desktop,Direct,281,9.37,0.2134,4833.05,3774.64,Bronze
6290,1,1214.27,1214.27,Books,Desktop,Direct,1,0.03,5.0,72856.2,1214.27,Gold
6295,2,3641.89,1820.945,Home & Kitchen,Desktop,Email Campaign,82,2.73,0.7326,16008.29,3641.89,Bronze
6301,1,148.19,148.19,Grocery,Mobile,Social Media,1,0.03,5.0,8891.4,148.19,Bronze
6302,1,451.17,451.17,Sports & Fitness,Mobile,Referral,1,0.03,5.0,27070.2,451.17,Silver
6303,1,6920.28,6920.28,Toys & Baby,Mobile,Paid Ads,1,0.03,5.0,415216.8,6920.28,Platinum
6306,1,509.73,509.73,Electronics,Mobile,Organic Search,1,0.03,5.0,30583.8,509.73,Silver
6307,1,1847.48,1847.48,Sports & Fitness,Mobile,Direct,1,0.03,5.0,110848.8,1847.48,Gold
6311,1,1231.51,1231.51,Home & Kitchen,Desktop,Referral,1,0.03,5.0,73890.6,1231.51,Gold
6312,3,10562.77,3520.9233333333336,Home & Kitchen,Mobile,Email Campaign,316,10.53,0.2849,12037.33,10562.77,Bronze
6319,2,4126.9400000000005,2063.4700000000003,Beauty & Personal Care,Desktop,Direct,139,4.63,0.432,10697.03,4126.94,Bronze
6321,1,3448.11,3448.11,Grocery,Tablet,Email Campaign,1,0.03,5.0,206886.6,3448.11,Platinum
6324,1,1079.25,1079.25,Sports & Fitness,Desktop,Social Media,1,0.03,5.0,64755.0,1079.25,Gold
6325,1,2156.11,2156.11,Electronics,Mobile,Email Campaign,1,0.03,5.0,129366.6,2156.11,Platinum
6327,1,880.27,880.27,Books,Mobile,Email Campaign,1,0.03,5.0,52816.2,880.27,Silver
6329,1,2361.48,2361.48,Home & Kitchen,Mobile,Referral,1,0.03,5.0,141688.8,2361.48,Platinum
6330,1,3664.58,3664.58,Toys & Baby,Desktop,Email Campaign,1,0.03,5.0,219874.8,3664.58,Platinum
6332,2,1802.3799999999999,901.1899999999999,Fashion,Desktop,Email Campaign,218,7.27,0.2751,2975.01,1802.38,Bronze
6337,1,550.22,550.22,Books,Mobile,Referral,1,0.03,5.0,33013.2,550.22,Silver
6339,3,5153.5599999999995,1717.8533333333332,Grocery,Desktop,Direct,191,6.37,0.471,9709.31,5153.56,Bronze
6340,1,715.67,715.67,Electronics,Tablet,Referral,1,0.03,5.0,42940.2,715.67,Silver
6341,3,7200.61,2400.2033333333334,Books,Desktop,Social Media,115,3.83,0.7833,22560.95,7200.61,Silver
6343,2,4942.68,2471.34,Books,Desktop,Direct,103,3.43,0.5831,17292.46,4942.68,Bronze
6345,2,248.44,124.22,Electronics,Desktop,Direct,168,5.6,0.3571,532.31,248.44,Bronze
6346,1,955.08,955.08,Sports & Fitness,Desktop,Referral,1,0.03,5.0,57304.8,955.08,Gold
6352,1,1784.88,1784.88,Sports & Fitness,Tablet,Organic Search,1,0.03,5.0,107092.8,1784.88,Gold
6356,1,1113.81,1113.81,Books,Desktop,Social Media,1,0.03,5.0,66828.6,1113.81,Gold
6358,1,364.23,364.23,Grocery,Tablet,Social Media,1,0.03,5.0,21853.8,364.23,Silver
6359,1,2908.87,2908.87,Grocery,Desktop,Direct,1,0.03,5.0,174532.2,2908.87,Platinum
6360,1,1000.13,1000.13,Sports & Fitness,Mobile,Social Media,1,0.03,5.0,60007.8,1000.13,Gold
6361,1,210.37,210.37,Electronics,Desktop,Paid Ads,1,0.03,5.0,12622.2,210.37,Bronze
6363,1,1062.77,1062.77,Books,Desktop,Referral,1,0.03,5.0,63766.2,1062.77,Gold
6364,1,5811.3,5811.3,Toys & Baby,Mobile,Referral,1,0.03,5.0,348678.0,5811.3,Platinum
6365,1,1575.87,1575.87,Home & Kitchen,Desktop,Organic Search,1,0.03,5.0,94552.2,1575.87,Gold
6369,1,902.62,902.62,Fashion,Desktop,Referral,1,0.03,5.0,54157.2,902.62,Silver
6370,1,1471.64,1471.64,Beauty & Personal Care,Desktop,Social Media,1,0.03,5.0,88298.4,1471.64,Gold
6371,1,1786.32,1786.32,Beauty & Personal Care,Mobile,Referral,1,0.03,5.0,107179.2,1786.32,Gold
6375,1,3273.0,3273.0,Home & Kitchen,Desktop,Referral,1,0.03,5.0,196380.0,3273.0,Platinum
6376,2,2818.32,1409.16,Grocery,Desktop,Direct,132,4.4,0.4545,7685.56,2818.32,Bronze
6377,1,1327.66,1327.66,Home & Kitchen,Mobile,Direct,1,0.03,5.0,79659.6,1327.66,Gold
6378,1,964.68,964.68,Sports & Fitness,Mobile,Organic Search,1,0.03,5.0,57880.8,964.68,Gold
6379,2,7686.69,3843.345,Home & Kitchen,Mobile,Referral,299,9.97,0.2006,9251.7,7686.69,Bronze
6380,1,1128.54,1128.54,Electronics,Mobile,Email Campaign,1,0.03,5.0,67712.4,1128.54,Gold
6382,1,1608.39,1608.39,Toys & Baby,Mobile,Email Campaign,1,0.03,5.0,96503.4,1608.39,Gold
6383,1,1712.73,1712.73,Home & Kitchen,Desktop,Email Campaign,1,0.03,5.0,102763.8,1712.73,Gold
6388,1,240.69,240.69,Electronics,Tablet,Referral,1,0.03,5.0,14441.4,240.69,Bronze
6389,1,6243.88,6243.88,Home & Kitchen,Mobile,Email Campaign,1,0.03,5.0,374632.8,6243.88,Platinum
6391,2,2673.88,1336.94,Electronics,Desktop,Direct,206,6.87,0.2911,4670.2,2673.88,Bronze
6393,1,4315.03,4315.03,Home & Kitchen,Desktop,Referral,1,0.03,5.0,258901.8,4315.03,Platinum
6394,1,1471.56,1471.56,Home & Kitchen,Desktop,Email Campaign,1,0.03,5.0,88293.6,1471.56,Gold
6395,2,4144.37,2072.185,Beauty & Personal Care,Desktop,Direct,188,6.27,0.319,7932.32,4144.37,Bronze
6399,1,1764.48,1764.48,Electronics,Desktop,Paid Ads,1,0.03,5.0,105868.8,1764.48,Gold
6406,1,5299.16,5299.16,Toys & Baby,Desktop,Referral,1,0.03,5.0,317949.6,5299.16,Platinum
6407,1,846.92,846.92,Grocery,Mobile,Direct,1,0.03,5.0,50815.2,846.92,Silver
6408,1,1401.01,1401.01,Books,Mobile,Social Media,1,0.03,5.0,84060.6,1401.01,Gold
6409,2,6503.26,3251.63,Electronics,Mobile,Referral,164,5.47,0.3656,14265.55,6503.26,Bronze
6411,1,594.02,594.02,Grocery,Desktop,Paid Ads,1,0.03,5.0,35641.2,594.02,Silver
6413,1,2085.57,2085.57,Grocery,Desktop,Paid Ads,1,0.03,5.0,125134.2,2085.57,Platinum
6414,1,217.46,217.46,Sports & Fitness,Mobile,Direct,1,0.03,5.0,13047.6,217.46,Bronze
6415,2,5423.620000000001,2711.8100000000004,Beauty & Personal Care,Desktop,Direct,87,2.9,0.6897,22444.02,5423.62,Silver
6421,1,1462.36,1462.36,Fashion,Mobile,Social Media,1,0.03,5.0,87741.6,1462.36,Gold
6425,1,1321.52,1321.52,Sports & Fitness,Tablet,Organic Search,1,0.03,5.0,79291.2,1321.52,Gold
6428,1,1465.86,1465.86,Beauty & Personal Care,Mobile,Referral,1,0.03,5.0,87951.6,1465.86,Gold
6430,2,2162.6,1081.3,Beauty & Personal Care,Mobile,Paid Ads,65,2.17,0.9217,11959.61,2162.6,Bronze
6432,1,1695.6,1695.6,Fashion,Desktop,Paid Ads,1,0.03,5.0,101736.0,1695.6,Gold
6433,1,3494.94,3494.94,Grocery,Desktop,Social Media,1,0.03,5.0,209696.4,3494.94,Platinum
6434,1,1502.8,1502.8,Grocery,Mobile,Referral,1,0.03,5.0,90168.0,1502.8,Gold
6435,1,1911.84,1911.84,Fashion,Tablet,Referral,1,0.03,5.0,114710.4,1911.84,Gold
6436,4,6849.07,1712.2675,Books,Desktop,Paid Ads,209,6.97,0.5739,11792.04,6849.07,Bronze
6437,1,771.46,771.46,Beauty & Personal Care,Desktop,Organic Search,1,0.03,5.0,46287.6,771.46,Silver
6438,1,995.43,995.43,Electronics,Desktop,Organic Search,1,0.03,5.0,59725.8,995.43,Gold
6443,2,4832.33,2416.165,Books,Desktop,Organic Search,11,0.37,5.0,144969.9,4832.33,Platinum
6445,1,234.08,234.08,Electronics,Mobile,Paid Ads,1,0.03,5.0,14044.8,234.08,Bronze
6450,1,432.13,432.13,Sports & Fitness,Mobile,Paid Ads,1,0.03,5.0,25927.8,432.13,Silver
6454,1,3599.19,3599.19,Home & Kitchen,Desktop,Email Campaign,1,0.03,5.0,215951.4,3599.19,Platinum
6456,3,7025.41,2341.8033333333333,Beauty & Personal Care,Desktop,Direct,209,6.97,0.4304,12094.95,7025.41,Bronze
6459,4,7390.51,1847.6275,Beauty & Personal Care,Desktop,Direct,190,6.33,0.6319,14010.19,7390.51,Bronze
6463,1,840.36,840.36,Fashion,Desktop,Referral,1,0.03,5.0,50421.6,840.36,Silver
6464,1,3926.16,3926.16,Toys & Baby,Mobile,Direct,1,0.03,5.0,235569.6,3926.16,Platinum
6465,1,3022.43,3022.43,Electronics,Desktop,Direct,1,0.03,5.0,181345.8,3022.43,Platinum
6467,2,2182.85,1091.425,Grocery,Desktop,Direct,20,0.67,2.9851,39096.15,2182.85,Silver
6469,1,1258.17,1258.17,Home & Kitchen,Desktop,Social Media,1,0.03,5.0,75490.2,1258.17,Gold
6471,2,4597.04,2298.52,Books,Desktop,Direct,62,2.07,0.9662,26649.96,4597.04,Silver
6472,1,535.48,535.48,Toys & Baby,Desktop,Social Media,1,0.03,5.0,32128.8,535.48,Silver
6473,1,5650.16,5650.16,Beauty & Personal Care,Desktop,Referral,1,0.03,5.0,339009.6,5650.16,Platinum
6474,1,261.0,261.0,Sports & Fitness,Desktop,Organic Search,1,0.03,5.0,15660.0,261.0,Bronze
6476,1,4322.37,4322.37,Toys & Baby,Tablet,Email Campaign,1,0.03,5.0,259342.2,4322.37,Platinum
6477,1,660.68,660.68,Fashion,Desktop,Social Media,1,0.03,5.0,39640.8,660.68,Silver
6478,3,5704.41,1901.47,Books,Desktop,Social Media,255,8.5,0.3529,8052.35,5704.41,Bronze
6479,2,2662.4300000000003,1331.2150000000001,Beauty & Personal Care,Mobile,Email Campaign,46,1.53,1.3072,20881.97,2662.43,Silver
6482,1,357.37,357.37,Beauty & Personal Care,Mobile,Social Media,1,0.03,5.0,21442.2,357.37,Silver
6485,2,1408.96,704.48,Electronics,Tablet,Email Campaign,113,3.77,0.5305,4484.72,1408.96,Bronze
6489,2,1257.0,628.5,Electronics,Desktop,Direct,230,7.67,0.2608,1966.95,1257.0,Bronze
6493,1,932.87,932.87,Beauty & Personal Care,Desktop,Organic Search,1,0.03,5.0,55972.2,932.87,Gold
6494,2,4019.45,2009.725,Fashion,Mobile,Direct,57,1.9,1.0526,25385.24,4019.45,Silver
6496,1,1189.97,1189.97,Books,Desktop,Direct,1,0.03,5.0,71398.2,1189.97,Gold
6497,2,3032.6,1516.3,Beauty & Personal Care,Desktop,Direct,216,7.2,0.2778,5054.74,3032.6,Bronze
6498,1,1349.02,1349.02,Books,Mobile,Direct,1,0.03,5.0,80941.2,1349.02,Gold
6499,1,1990.5,1990.5,Grocery,Desktop,Email Campaign,1,0.03,5.0,119430.0,1990.5,Gold
6500,1,621.07,621.07,Sports & Fitness,Desktop,Organic Search,1,0.03,5.0,37264.2,621.07,Silver
6503,2,2084.0,1042.0,Beauty & Personal Care,Mobile,Organic Search,91,3.03,0.6601,8253.89,2084.0,Bronze
6507,1,3154.12,3154.12,Books,Desktop,Organic Search,1,0.03,5.0,189247.2,3154.12,Platinum
6511,3,2254.33,751.4433333333333,Fashion,Desktop,Email Campaign,129,4.3,0.6977,6291.38,2254.33,Bronze
6512,1,1769.36,1769.36,Fashion,Tablet,Email Campaign,1,0.03,5.0,106161.6,1769.36,Gold
6515,1,388.03,388.03,Grocery,Mobile,Social Media,1,0.03,5.0,23281.8,388.03,Silver
6517,1,1591.33,1591.33,Beauty & Personal Care,Mobile,Direct,1,0.03,5.0,95479.8,1591.33,Gold
6520,1,732.78,732.78,Fashion,Desktop,Direct,1,0.03,5.0,43966.8,732.78,Silver
6521,1,611.07,611.07,Electronics,Desktop,Referral,1,0.03,5.0,36664.2,611.07,Silver
6524,1,2239.85,2239.85,Electronics,Desktop,Email Campaign,1,0.03,5.0,134391.0,2239.85,Platinum
6525,1,1767.75,1767.75,Books,Mobile,Paid Ads,1,0.03,5.0,106065.0,1767.75,Gold
6526,1,4015.68,4015.68,Beauty & Personal Care,Desktop,Referral,1,0.03,5.0,240940.8,4015.68,Platinum
6528,1,1066.81,1066.81,Grocery,Desktop,Referral,1,0.03,5.0,64008.6,1066.81,Gold
6529,1,1237.77,1237.77,Sports & Fitness,Mobile,Paid Ads,1,0.03,5.0,74266.2,1237.77,Gold
6530,1,1041.03,1041.03,Beauty & Personal Care,Mobile,Paid Ads,1,0.03,5.0,62461.8,1041.03,Gold
6531,1,2206.14,2206.14,Home & Kitchen,Mobile,Paid Ads,1,0.03,5.0,132368.4,2206.14,Platinum
6532,1,1564.69,1564.69,Electronics,Mobile,Social Media,1,0.03,5.0,93881.4,1564.69,Gold
6534,1,1506.05,1506.05,Books,Desktop,Email Campaign,1,0.03,5.0,90363.0,1506.05,Gold
6536,1,283.74,283.74,Fashion,Desktop,Paid Ads,1,0.03,5.0,17024.4,283.74,Bronze
6539,1,934.5,934.5,Sports & Fitness,Desktop,Paid Ads,1,0.03,5.0,56070.0,934.5,Gold
6543,2,2597.04,1298.52,Fashion,Desktop,Direct,98,3.27,0.6116,9530.1,2597.04,Bronze
6545,3,7164.860000000001,2388.286666666667,Books,Desktop,Email Campaign,57,1.9,1.5789,45250.39,7164.86,Silver
6546,1,354.37,354.37,Electronics,Desktop,Organic Search,1,0.03,5.0,21262.2,354.37,Silver
6547,2,1589.5099999999998,794.7549999999999,Beauty & Personal Care,Desktop,Direct,7,0.23,5.0,47685.3,1589.51,Silver
6549,1,1521.54,1521.54,Toys & Baby,Desktop,Social Media,1,0.03,5.0,91292.4,1521.54,Gold
6552,1,216.49,216.49,Toys & Baby,Desktop,Referral,1,0.03,5.0,12989.4,216.49,Bronze
6553,2,657.22,328.61,Beauty & Personal Care,Desktop,Direct,133,4.43,0.4515,1780.41,657.22,Bronze
6554,2,769.94,384.97,Beauty & Personal Care,Desktop,Referral,252,8.4,0.2381,1099.94,769.94,Bronze
6555,1,564.98,564.98,Grocery,Desktop,Direct,1,0.03,5.0,33898.8,564.98,Silver
6556,1,2284.62,2284.62,Grocery,Mobile,Direct,1,0.03,5.0,137077.2,2284.62,Platinum
6557,1,2724.21,2724.21,Electronics,Mobile,Direct,1,0.03,5.0,163452.6,2724.21,Platinum
6558,1,1235.71,1235.71,Sports & Fitness,Tablet,Direct,1,0.03,5.0,74142.6,1235.71,Gold
6561,1,865.52,865.52,Toys & Baby,Mobile,Social Media,1,0.03,5.0,51931.2,865.52,Silver
6562,1,438.65,438.65,Fashion,Desktop,Referral,1,0.03,5.0,26319.0,438.65,Silver
6564,2,2423.6,1211.8,Beauty & Personal Care,Desktop,Social Media,13,0.43,4.6512,67635.89,2423.6,Gold
6567,1,2260.56,2260.56,Toys & Baby,Mobile,Paid Ads,1,0.03,5.0,135633.6,2260.56,Platinum
6568,1,1806.24,1806.24,Fashion,Desktop,Referral,1,0.03,5.0,108374.4,1806.24,Gold
6569,1,786.03,786.03,Electronics,Tablet,Email Campaign,1,0.03,5.0,47161.8,786.03,Silver
6571,3,3110.32,1036.7733333333333,Toys & Baby,Desktop,Email Campaign,284,9.47,0.3168,3941.4,3110.32,Bronze
6574,1,1755.1,1755.1,Grocery,Mobile,Direct,1,0.03,5.0,105306.0,1755.1,Gold
6578,2,3883.7700000000004,1941.8850000000002,Beauty & Personal Care,Desktop,Direct,65,2.17,0.9217,21478.02,3883.77,Silver
6582,1,2692.74,2692.74,Books,Mobile,Direct,1,0.03,5.0,161564.4,2692.74,Platinum
6587,1,877.52,877.52,Home & Kitchen,Desktop,Direct,1,0.03,5.0,52651.2,877.52,Silver
6592,1,331.04,331.04,Sports & Fitness,Mobile,Social Media,1,0.03,5.0,19862.4,331.04,Silver
6594,2,4785.469999999999,2392.7349999999997,Books,Desktop,Direct,168,5.6,0.3571,10253.35,4785.47,Bronze
6595,1,1676.06,1676.06,Electronics,Tablet,Direct,1,0.03,5.0,100563.6,1676.06,Gold
6598,1,941.4,941.4,Home & Kitchen,Mobile,Organic Search,1,0.03,5.0,56484.0,941.4,Gold
6599,3,4147.35,1382.45,Grocery,Desktop,Email Campaign,157,5.23,0.5736,9515.68,4147.35,Bronze
6605,1,1204.71,1204.71,Grocery,Mobile,Referral,1,0.03,5.0,72282.6,1204.71,Gold
6607,2,1953.28,976.64,Electronics,Desktop,Organic Search,14,0.47,4.2553,49870.75,1953.28,Silver
6610,2,4152.37,2076.185,Fashion,Desktop,Organic Search,250,8.33,0.2401,5981.9,4152.37,Bronze
6611,2,1341.61,670.805,Beauty & Personal Care,Mobile,Email Campaign,183,6.1,0.3279,2639.48,1341.61,Bronze
6612,1,1997.46,1997.46,Books,Desktop,Social Media,1,0.03,5.0,119847.6,1997.46,Gold
6624,1,1736.4,1736.4,Electronics,Mobile,Referral,1,0.03,5.0,104184.0,1736.4,Gold
6626,1,2847.24,2847.24,Fashion,Mobile,Direct,1,0.03,5.0,170834.4,2847.24,Platinum
6627,1,2739.16,2739.16,Books,Desktop,Email Campaign,1,0.03,5.0,164349.6,2739.16,Platinum
6629,1,2288.46,2288.46,Grocery,Desktop,Social Media,1,0.03,5.0,137307.6,2288.46,Platinum
6633,2,1078.9,539.45,Fashion,Desktop,Email Campaign,95,3.17,0.6309,4084.07,1078.9,Bronze
6634,2,4477.66,2238.83,Fashion,Desktop,Organic Search,74,2.47,0.8097,21753.37,4477.66,Silver
6637,2,2012.6399999999999,1006.3199999999999,Sports & Fitness,Desktop,Direct,45,1.5,1.3333,16100.72,2012.64,Bronze
6639,2,6626.67,3313.335,Sports & Fitness,Desktop,Direct,326,10.87,0.184,7315.84,6626.67,Bronze
6640,2,2318.94,1159.47,Beauty & Personal Care,Desktop,Email Campaign,248,8.27,0.2418,3364.32,2318.94,Bronze
6642,2,3539.98,1769.99,Electronics,Desktop,Direct,10,0.33,5.0,106199.4,3539.98,Gold
6643,1,962.45,962.45,Beauty & Personal Care,Desktop,Email Campaign,1,0.03,5.0,57747.0,962.45,Gold
6644,2,1997.2199999999998,998.6099999999999,Books,Desktop,Email Campaign,84,2.8,0.7143,8559.69,1997.22,Bronze
6647,1,1964.16,1964.16,Grocery,Mobile,Organic Search,1,0.03,5.0,117849.6,1964.16,Gold
6650,1,131.26,131.26,Sports & Fitness,Mobile,Paid Ads,1,0.03,5.0,7875.6,131.26,Bronze
6654,1,351.02,351.02,Sports & Fitness,Mobile,Direct,1,0.03,5.0,21061.2,351.02,Silver
6655,1,1528.97,1528.97,Books,Mobile,Organic Search,1,0.03,5.0,91738.2,1528.97,Gold
6657,1,1583.01,1583.01,Beauty & Personal Care,Tablet,Paid Ads,1,0.03,5.0,94980.6,1583.01,Gold
6658,2,4624.110000000001,2312.0550000000003,Fashion,Mobile,Direct,110,3.67,0.545,15120.84,4624.11,Bronze
6661,1,1088.01,1088.01,Sports & Fitness,Tablet,Direct,1,0.03,5.0,65280.6,1088.01,Gold
6663,1,1215.08,1215.08,Sports & Fitness,Desktop,Direct,1,0.03,5.0,72904.8,1215.08,Gold
6667,2,2829.16,1414.58,Home & Kitchen,Desktop,Direct,9,0.3,5.0,84874.8,2829.16,Gold
6668,1,1291.31,1291.31,Beauty & Personal Care,Mobile,Paid Ads,1,0.03,5.0,77478.6,1291.31,Gold
6670,1,1274.92,1274.92,Grocery,Mobile,Email Campaign,1,0.03,5.0,76495.2,1274.92,Gold
6671,2,2223.46,1111.73,Books,Desktop,Direct,77,2.57,0.7782,10381.78,2223.46,Bronze
6672,1,3784.0,3784.0,Electronics,Desktop,Referral,1,0.03,5.0,227040.0,3784.0,Platinum
6679,1,323.27,323.27,Fashion,Desktop,Referral,1,0.03,5.0,19396.2,323.27,Silver
6684,1,929.06,929.06,Books,Tablet,Email Campaign,1,0.03,5.0,55743.6,929.06,Silver
6685,1,1106.14,1106.14,Fashion,Desktop,Email Campaign,1,0.03,5.0,66368.4,1106.14,Gold
6686,1,2700.44,2700.44,Books,Mobile,Paid Ads,1,0.03,5.0,162026.4,2700.44,Platinum
6691,3,2444.6099999999997,814.8699999999999,Electronics,Desktop,Direct,175,5.83,0.5146,5031.99,2444.61,Bronze
6692,1,444.28,444.28,Toys & Baby,Mobile,Referral,1,0.03,5.0,26656.8,444.28,Silver
6697,1,1102.28,1102.28,Fashion,Mobile,Direct,1,0.03,5.0,66136.8,1102.28,Gold
6700,1,3438.5,3438.5,Home & Kitchen,Mobile,Social Media,1,0.03,5.0,206310.0,3438.5,Platinum
6702,1,7142.29,7142.29,Home & Kitchen,Desktop,Paid Ads,1,0.03,5.0,428537.4,7142.29,Platinum
6705,3,4900.120000000001,1633.3733333333337,Beauty & Personal Care,Mobile,Direct,139,4.63,0.6479,12699.15,4900.12,Bronze
6706,1,3573.0,3573.0,Grocery,Mobile,Social Media,1,0.03,5.0,214380.0,3573.0,Platinum
6709,1,860.56,860.56,Grocery,Mobile,Organic Search,1,0.03,5.0,51633.6,860.56,Silver
6712,2,2190.92,1095.46,Fashion,Desktop,Direct,228,7.6,0.2632,3459.9,2190.92,Bronze
6714,2,1267.4499999999998,633.7249999999999,Electronics,Mobile,Direct,77,2.57,0.7782,5917.98,1267.45,Bronze
6718,1,2407.64,2407.64,Books,Mobile,Organic Search,1,0.03,5.0,144458.4,2407.64,Platinum
6720,1,2958.72,2958.72,Grocery,Mobile,Social Media,1,0.03,5.0,177523.2,2958.72,Platinum
6722,1,203.16,203.16,Books,Desktop,Organic Search,1,0.03,5.0,12189.6,203.16,Bronze
6723,1,2462.82,2462.82,Home & Kitchen,Desktop,Paid Ads,1,0.03,5.0,147769.2,2462.82,Platinum
6724,2,2609.05,1304.525,Sports & Fitness,Mobile,Organic Search,246,8.2,0.2439,3818.08,2609.05,Bronze
6726,1,364.42,364.42,Toys & Baby,Desktop,Direct,1,0.03,5.0,21865.2,364.42,Silver
6731,1,3974.24,3974.24,Beauty & Personal Care,Mobile,Direct,1,0.03,5.0,238454.4,3974.24,Platinum
6732,1,1224.56,1224.56,Beauty & Personal Care,Mobile,Referral,1,0.03,5.0,73473.6,1224.56,Gold
6734,1,4444.59,4444.59,Home & Kitchen,Desktop,Referral,1,0.03,5.0,266675.4,4444.59,Platinum
6736,1,2029.81,2029.81,Beauty & Personal Care,Desktop,Paid Ads,1,0.03,5.0,121788.6,2029.81,Gold
6743,3,4053.02,1351.0066666666667,Books,Desktop,Organic Search,127,4.23,0.7092,11497.61,4053.02,Bronze
6744,1,954.53,954.53,Toys & Baby,Tablet,Email Campaign,1,0.03,5.0,57271.8,954.53,Gold
6745,1,1618.2,1618.2,Grocery,Mobile,Direct,1,0.03,5.0,97092.0,1618.2,Gold
6747,1,811.5,811.5,Electronics,Mobile,Direct,1,0.03,5.0,48690.0,811.5,Silver
6748,1,988.68,988.68,Books,Desktop,Email Campaign,1,0.03,5.0,59320.8,988.68,Gold
6750,1,1128.26,1128.26,Fashion,Desktop,Organic Search,1,0.03,5.0,67695.6,1128.26,Gold
6752,1,1405.98,1405.98,Books,Desktop,Email Campaign,1,0.03,5.0,84358.8,1405.98,Gold
6754,2,8315.72,4157.86,Home & Kitchen,Desktop,Organic Search,1,0.03,5.0,249471.6,8315.72,Platinum
6755,1,2399.89,2399.89,Beauty & Personal Care,Tablet,Referral,1,0.03,5.0,143993.4,2399.89,Platinum
6756,1,1613.62,1613.62,Electronics,Tablet,Referral,1,0.03,5.0,96817.2,1613.62,Gold
6760,1,895.37,895.37,Fashion,Desktop,Paid Ads,1,0.03,5.0,53722.2,895.37,Silver
6764,2,2600.16,1300.08,Books,Desktop,Organic Search,155,5.17,0.3868,6034.45,2600.16,Bronze
6767,1,4927.84,4927.84,Beauty & Personal Care,Desktop,Email Campaign,1,0.03,5.0,295670.4,4927.84,Platinum
6768,1,839.94,839.94,Electronics,Desktop,Email Campaign,1,0.03,5.0,50396.4,839.94,Silver
6772,1,1130.59,1130.59,Sports & Fitness,Desktop,Paid Ads,1,0.03,5.0,67835.4,1130.59,Gold
6773,1,980.45,980.45,Toys & Baby,Mobile,Referral,1,0.03,5.0,58827.0,980.45,Gold
6775,1,2662.65,2662.65,Home & Kitchen,Mobile,Organic Search,1,0.03,5.0,159759.0,2662.65,Platinum
6776,1,404.06,404.06,Beauty & Personal Care,Mobile,Social Media,1,0.03,5.0,24243.6,404.06,Silver
6780,1,608.31,608.31,Sports & Fitness,Desktop,Email Campaign,1,0.03,5.0,36498.6,608.31,Silver
6781,2,2557.13,1278.565,Home & Kitchen,Desktop,Email Campaign,109,3.63,0.551,8453.87,2557.13,Bronze
6782,1,4833.27,4833.27,Home & Kitchen,Desktop,Direct,1,0.03,5.0,289996.2,4833.27,Platinum
6786,2,1231.25,615.625,Beauty & Personal Care,Desktop,Direct,145,4.83,0.4141,3059.16,1231.25,Bronze
6787,3,3630.08,1210.0266666666666,Beauty & Personal Care,Mobile,Organic Search,321,10.7,0.2804,4071.5,3630.08,Bronze
6788,1,2106.1,2106.1,Toys & Baby,Mobile,Organic Search,1,0.03,5.0,126366.0,2106.1,Platinum
6790,1,2973.4,2973.4,Fashion,Desktop,Referral,1,0.03,5.0,178404.0,2973.4,Platinum
6791,1,671.26,671.26,Toys & Baby,Mobile,Social Media,1,0.03,5.0,40275.6,671.26,Silver
6793,2,4052.34,2026.17,Fashion,Desktop,Direct,241,8.03,0.2491,6056.63,4052.34,Bronze
6794,1,634.5,634.5,Grocery,Desktop,Referral,1,0.03,5.0,38070.0,634.5,Silver
6798,1,1274.76,1274.76,Electronics,Tablet,Organic Search,1,0.03,5.0,76485.6,1274.76,Gold
6801,1,575.16,575.16,Electronics,Desktop,Organic Search,1,0.03,5.0,34509.6,575.16,Silver
6803,2,4089.4900000000002,2044.7450000000001,Books,Desktop,Email Campaign,27,0.9,2.2222,54525.99,4089.49,Silver
6806,1,3764.54,3764.54,Grocery,Desktop,Email Campaign,1,0.03,5.0,225872.4,3764.54,Platinum
6808,1,2644.04,2644.04,Books,Desktop,Organic Search,1,0.03,5.0,158642.4,2644.04,Platinum
6809,2,5535.290000000001,2767.6450000000004,Home & Kitchen,Desktop,Organic Search,174,5.8,0.3448,11451.41,5535.29,Bronze
6812,1,277.66,277.66,Electronics,Mobile,Organic Search,1,0.03,5.0,16659.6,277.66,Bronze
6813,1,1581.61,1581.61,Beauty & Personal Care,Mobile,Organic Search,1,0.03,5.0,94896.6,1581.61,Gold
6815,1,1823.12,1823.12,Beauty & Personal Care,Mobile,Direct,1,0.03,5.0,109387.2,1823.12,Gold
6819,2,6840.87,3420.435,Home & Kitchen,Desktop,Direct,130,4.33,0.4619,18958.79,6840.87,Bronze
6825,1,2346.25,2346.25,Grocery,Desktop,Social Media,1,0.03,5.0,140775.0,2346.25,Platinum
6828,1,3171.45,3171.45,Grocery,Mobile,Referral,1,0.03,5.0,190287.0,3171.45,Platinum
6830,1,1842.3,1842.3,Books,Desktop,Organic Search,1,0.03,5.0,110538.0,1842.3,Gold
6833,1,4737.48,4737.48,Beauty & Personal Care,Desktop,Social Media,1,0.03,5.0,284248.8,4737.48,Platinum
6837,1,3485.44,3485.44,Beauty & Personal Care,Desktop,Organic Search,1,0.03,5.0,209126.4,3485.44,Platinum
6838,2,3188.13,1594.065,Fashion,Desktop,Email Campaign,116,3.87,0.5168,9885.75,3188.13,Bronze
6839,1,370.03,370.03,Books,Desktop,Email Campaign,1,0.03,5.0,22201.8,370.03,Silver
6840,2,2896.77,1448.385,Beauty & Personal Care,Desktop,Direct,59,1.97,1.0152,17644.81,2896.77,Bronze
6845,1,1685.42,1685.42,Home & Kitchen,Desktop,Organic Search,1,0.03,5.0,101125.2,1685.42,Gold
6850,1,1519.53,1519.53,Fashion,Desktop,Paid Ads,1,0.03,5.0,91171.8,1519.53,Gold
6851,1,783.21,783.21,Sports & Fitness,Desktop,Organic Search,1,0.03,5.0,46992.6,783.21,Silver
6854,1,1402.02,1402.02,Grocery,Desktop,Social Media,1,0.03,5.0,84121.2,1402.02,Gold
6856,1,764.32,764.32,Fashion,Desktop,Social Media,1,0.03,5.0,45859.2,764.32,Silver
6857,1,2523.62,2523.62,Fashion,Mobile,Social Media,1,0.03,5.0,151417.2,2523.62,Platinum
6858,1,2214.71,2214.71,Fashion,Mobile,Referral,1,0.03,5.0,132882.6,2214.71,Platinum
6861,3,6677.67,2225.89,Beauty & Personal Care,Desktop,Organic Search,271,9.03,0.3322,8873.29,6677.67,Bronze
6863,2,4466.73,2233.365,Grocery,Tablet,Paid Ads,209,6.97,0.2869,7689.03,4466.73,Bronze
6864,2,1347.82,673.91,Fashion,Desktop,Organic Search,233,7.77,0.2574,2081.57,1347.82,Bronze
6867,1,1011.31,1011.31,Grocery,Mobile,Referral,1,0.03,5.0,60678.6,1011.31,Gold
6869,2,1614.65,807.325,Books,Desktop,Organic Search,169,5.63,0.3552,3441.14,1614.65,Bronze
6872,1,2364.55,2364.55,Books,Desktop,Direct,1,0.03,5.0,141873.0,2364.55,Platinum
6875,1,768.18,768.18,Electronics,Desktop,Organic Search,1,0.03,5.0,46090.8,768.18,Silver
6878,1,2543.81,2543.81,Toys & Baby,Mobile,Direct,1,0.03,5.0,152628.6,2543.81,Platinum
6881,1,362.81,362.81,Toys & Baby,Desktop,Social Media,1,0.03,5.0,21768.6,362.81,Silver
6883,1,923.33,923.33,Electronics,Mobile,Direct,1,0.03,5.0,55399.8,923.33,Silver
6884,1,1393.38,1393.38,Fashion,Desktop,Organic Search,1,0.03,5.0,83602.8,1393.38,Gold
6885,1,1905.38,1905.38,Home & Kitchen,Mobile,Direct,1,0.03,5.0,114322.8,1905.38,Gold
6891,1,6089.47,6089.47,Toys & Baby,Mobile,Email Campaign,1,0.03,5.0,365368.2,6089.47,Platinum
6895,2,5557.8099999999995,2778.9049999999997,Fashion,Mobile,Organic Search,85,2.83,0.7067,23566.23,5557.81,Silver
6896,1,3379.7,3379.7,Books,Mobile,Social Media,1,0.03,5.0,202782.0,3379.7,Platinum
6897,1,881.22,881.22,Electronics,Mobile,Paid Ads,1,0.03,5.0,52873.2,881.22,Silver
6898,1,6021.52,6021.52,Home & Kitchen,Mobile,Social Media,1,0.03,5.0,361291.2,6021.52,Platinum
6899,2,3025.88,1512.94,Electronics,Desktop,Email Campaign,45,1.5,1.3333,24206.43,3025.88,Silver
6902,2,3055.6800000000003,1527.8400000000001,Beauty & Personal Care,Desktop,Email Campaign,73,2.43,0.823,15088.95,3055.68,Bronze
6906,1,309.9,309.9,Grocery,Desktop,Direct,1,0.03,5.0,18594.0,309.9,Bronze
6907,1,1601.47,1601.47,Toys & Baby,Desktop,Referral,1,0.03,5.0,96088.2,1601.47,Gold
6908,1,1797.84,1797.84,Toys & Baby,Mobile,Paid Ads,1,0.03,5.0,107870.4,1797.84,Gold
6909,2,4565.71,2282.855,Home & Kitchen,Desktop,Direct,98,3.27,0.6116,16754.33,4565.71,Bronze
6912,2,669.31,334.655,Electronics,Desktop,Direct,217,7.23,0.2766,1110.79,669.31,Bronze
6913,1,1999.79,1999.79,Toys & Baby,Desktop,Social Media,1,0.03,5.0,119987.4,1999.79,Gold
6917,1,1235.52,1235.52,Books,Desktop,Direct,1,0.03,5.0,74131.2,1235.52,Gold
6921,1,2092.75,2092.75,Fashion,Mobile,Email Campaign,1,0.03,5.0,125565.0,2092.75,Platinum
6923,1,459.88,459.88,Electronics,Desktop,Paid Ads,1,0.03,5.0,27592.8,459.88,Silver
6925,1,721.67,721.67,Sports & Fitness,Mobile,Social Media,1,0.03,5.0,43300.2,721.67,Silver
6926,1,3549.36,3549.36,Home & Kitchen,Mobile,Direct,1,0.03,5.0,212961.6,3549.36,Platinum
6927,1,3566.13,3566.13,Books,Desktop,Direct,1,0.03,5.0,213967.8,3566.13,Platinum
6931,1,1239.66,1239.66,Grocery,Desktop,Referral,1,0.03,5.0,74379.6,1239.66,Gold
6932,2,3453.45,1726.725,Grocery,Desktop,Paid Ads,1,0.03,5.0,103603.5,3453.45,Gold
6939,1,1314.31,1314.31,Sports & Fitness,Desktop,Direct,1,0.03,5.0,78858.6,1314.31,Gold
6943,2,1909.97,954.985,Beauty & Personal Care,Desktop,Direct,103,3.43,0.5831,6682.22,1909.97,Bronze
6944,1,1665.29,1665.29,Toys & Baby,Mobile,Referral,1,0.03,5.0,99917.4,1665.29,Gold
6946,1,1197.99,1197.99,Fashion,Mobile,Direct,1,0.03,5.0,71879.4,1197.99,Gold
6947,3,2951.5299999999997,983.8433333333332,Grocery,Desktop,Direct,248,8.27,0.3628,4283.26,2951.53,Bronze
6950,1,138.5,138.5,Sports & Fitness,Desktop,Social Media,1,0.03,5.0,8310.0,138.5,Bronze
6953,2,3730.21,1865.105,Books,Desktop,Direct,190,6.33,0.316,7072.48,3730.21,Bronze
6955,1,1991.52,1991.52,Toys & Baby,Mobile,Paid Ads,1,0.03,5.0,119491.2,1991.52,Gold
6959,2,978.48,489.24,Electronics,Desktop,Direct,193,6.43,0.311,1825.84,978.48,Bronze
6963,2,2985.01,1492.505,Books,Desktop,Email Campaign,83,2.77,0.722,12931.06,2985.01,Bronze
6969,2,3681.11,1840.555,Grocery,Desktop,Email Campaign,191,6.37,0.314,6935.21,3681.11,Bronze
6972,1,1266.91,1266.91,Toys & Baby,Desktop,Social Media,1,0.03,5.0,76014.6,1266.91,Gold
6974,2,949.52,474.76,Fashion,Desktop,Direct,14,0.47,4.2553,24242.95,949.52,Silver
6978,2,1319.74,659.87,Grocery,Desktop,Paid Ads,323,10.77,0.1857,1470.45,1319.74,Bronze
6979,2,4909.82,2454.91,Books,Desktop,Email Campaign,216,7.2,0.2778,8183.69,4909.82,Bronze
6984,1,216.35,216.35,Electronics,Mobile,Referral,1,0.03,5.0,12981.0,216.35,Bronze
6985,1,1470.74,1470.74,Grocery,Desktop,Referral,1,0.03,5.0,88244.4,1470.74,Gold
6986,2,758.0,379.0,Fashion,Mobile,Email Campaign,202,6.73,0.2972,1351.67,758.0,Bronze
6987,1,703.02,703.02,Sports & Fitness,Desktop,Direct,1,0.03,5.0,42181.2,703.02,Silver
6989,1,880.66,880.66,Fashion,Desktop,Referral,1,0.03,5.0,52839.6,880.66,Silver
6990,1,773.79,773.79,Fashion,Desktop,Email Campaign,1,0.03,5.0,46427.4,773.79,Silver
6992,3,1711.41,570.47,Books,Mobile,Referral,125,4.17,0.7194,4924.75,1711.41,Bronze
6993,1,3400.04,3400.04,Grocery,Tablet,Paid Ads,1,0.03,5.0,204002.4,3400.04,Platinum
6996,1,3065.95,3065.95,Electronics,Mobile,Organic Search,1,0.03,5.0,183957.0,3065.95,Platinum
6998,1,802.69,802.69,Home & Kitchen,Mobile,Direct,1,0.03,5.0,48161.4,802.69,Silver
7001,1,218.74,218.74,Sports & Fitness,Desktop,Direct,1,0.03,5.0,13124.4,218.74,Bronze
7002,1,1375.99,1375.99,Beauty & Personal Care,Desktop,Paid Ads,1,0.03,5.0,82559.4,1375.99,Gold
7003,3,6094.67,2031.5566666666666,Home & Kitchen,Desktop,Direct,261,8.7,0.3448,8405.77,6094.67,Bronze
7005,2,6127.66,3063.83,Home & Kitchen,Desktop,Paid Ads,173,5.77,0.3466,12743.08,6127.66,Bronze
7008,1,2127.85,2127.85,Electronics,Desktop,Direct,1,0.03,5.0,127671.0,2127.85,Platinum
7010,2,5193.19,2596.595,Home & Kitchen,Desktop,Organic Search,20,0.67,2.9851,93013.15,5193.19,Gold
7011,1,725.98,725.98,Books,Desktop,Organic Search,1,0.03,5.0,43558.8,725.98,Silver
7012,1,1356.05,1356.05,Beauty & Personal Care,Desktop,Paid Ads,1,0.03,5.0,81363.0,1356.05,Gold
7015,5,10077.0,2015.4,Fashion,Mobile,Email Campaign,258,8.6,0.5814,14061.04,10077.0,Bronze
7018,2,5590.009999999999,2795.0049999999997,Fashion,Desktop,Email Campaign,111,3.7,0.5405,18128.4,5590.01,Bronze
7024,1,1375.11,1375.11,Beauty & Personal Care,Desktop,Direct,1,0.03,5.0,82506.6,1375.11,Gold
7025,1,2319.08,2319.08,Fashion,Mobile,Social Media,1,0.03,5.0,139144.8,2319.08,Platinum
7028,1,302.12,302.12,Fashion,Desktop,Social Media,1,0.03,5.0,18127.2,302.12,Bronze
7030,1,4865.55,4865.55,Home & Kitchen,Desktop,Organic Search,1,0.03,5.0,291933.0,4865.55,Platinum
7031,1,3777.44,3777.44,Books,Mobile,Paid Ads,1,0.03,5.0,226646.4,3777.44,Platinum
7032,1,554.44,554.44,Beauty & Personal Care,Tablet,Direct,1,0.03,5.0,33266.4,554.44,Silver
7036,1,1302.04,1302.04,Fashion,Desktop,Paid Ads,1,0.03,5.0,78122.4,1302.04,Gold
7039,2,808.28,404.14,Beauty & Personal Care,Desktop,Organic Search,14,0.47,4.2553,20636.84,808.28,Silver
7040,1,3022.36,3022.36,Fashion,Tablet,Organic Search,1,0.03,5.0,181341.6,3022.36,Platinum
7044,1,1550.44,1550.44,Sports & Fitness,Mobile,Social Media,1,0.03,5.0,93026.4,1550.44,Gold
7045,1,415.06,415.06,Books,Mobile,Email Campaign,1,0.03,5.0,24903.6,415.06,Silver
7047,1,259.26,259.26,Beauty & Personal Care,Desktop,Email Campaign,1,0.03,5.0,15555.6,259.26,Bronze
7050,1,4573.62,4573.62,Toys & Baby,Desktop,Direct,1,0.03,5.0,274417.2,4573.62,Platinum
7051,1,263.76,263.76,Fashion,Mobile,Social Media,1,0.03,5.0,15825.6,263.76,Bronze
7055,1,530.37,530.37,Grocery,Mobile,Social Media,1,0.03,5.0,31822.2,530.37,Silver
7056,1,410.94,410.94,Fashion,Desktop,Direct,1,0.03,5.0,24656.4,410.94,Silver
7057,1,3535.05,3535.05,Books,Tablet,Organic Search,1,0.03,5.0,212103.0,3535.05,Platinum
7058,1,3211.59,3211.59,Beauty & Personal Care,Mobile,Direct,1,0.03,5.0,192695.4,3211.59,Platinum
7060,2,4974.6,2487.3,Books,Desktop,Direct,57,1.9,1.0526,31417.58,4974.6,Silver
7061,1,874.51,874.51,Grocery,Desktop,Paid Ads,1,0.03,5.0,52470.6,874.51,Silver
7062,1,4011.36,4011.36,Toys & Baby,Desktop,Social Media,1,0.03,5.0,240681.6,4011.36,Platinum
7063,1,1484.67,1484.67,Sports & Fitness,Mobile,Email Campaign,1,0.03,5.0,89080.2,1484.67,Gold
7064,1,596.59,596.59,Toys & Baby,Tablet,Paid Ads,1,0.03,5.0,35795.4,596.59,Silver
7066,2,2428.31,1214.155,Grocery,Desktop,Organic Search,271,9.03,0.2215,3227.22,2428.31,Bronze
7067,1,2033.18,2033.18,Grocery,Desktop,Organic Search,1,0.03,5.0,121990.8,2033.18,Gold
7069,1,2874.62,2874.62,Books,Mobile,Paid Ads,1,0.03,5.0,172477.2,2874.62,Platinum
7071,2,1531.9199999999998,765.9599999999999,Beauty & Personal Care,Desktop,Referral,104,3.47,0.5764,5297.99,1531.92,Bronze
7072,3,6381.92,2127.306666666667,Books,Desktop,Direct,105,3.5,0.8571,21879.77,6381.92,Silver
7073,2,4805.88,2402.94,Books,Mobile,Organic Search,187,6.23,0.321,9256.12,4805.88,Bronze
7074,1,702.41,702.41,Fashion,Desktop,Direct,1,0.03,5.0,42144.6,702.41,Silver
7077,1,167.03,167.03,Grocery,Mobile,Email Campaign,1,0.03,5.0,10021.8,167.03,Bronze
7078,1,369.08,369.08,Sports & Fitness,Desktop,Email Campaign,1,0.03,5.0,22144.8,369.08,Silver
7080,1,187.4,187.4,Sports & Fitness,Mobile,Direct,1,0.03,5.0,11244.0,187.4,Bronze
7081,1,328.49,328.49,Sports & Fitness,Desktop,Social Media,1,0.03,5.0,19709.4,328.49,Silver
7082,2,3036.1899999999996,1518.0949999999998,Electronics,Desktop,Email Campaign,235,7.83,0.2554,4652.66,3036.19,Bronze
7094,1,966.74,966.74,Home & Kitchen,Desktop,Direct,1,0.03,5.0,58004.4,966.74,Gold
7096,1,2429.47,2429.47,Grocery,Desktop,Social Media,1,0.03,5.0,145768.2,2429.47,Platinum
7097,1,5580.16,5580.16,Beauty & Personal Care,Desktop,Direct,1,0.03,5.0,334809.6,5580.16,Platinum
7098,2,7012.71,3506.355,Beauty & Personal Care,Desktop,Direct,17,0.57,3.5088,147637.18,7012.71,Platinum
7099,2,4033.6400000000003,2016.8200000000002,Grocery,Desktop,Email Campaign,53,1.77,1.1299,27345.66,4033.64,Silver
7100,2,2416.06,1208.03,Fashion,Desktop,Paid Ads,38,1.27,1.5748,22828.87,2416.06,Silver
7101,1,754.52,754.52,Sports & Fitness,Tablet,Email Campaign,1,0.03,5.0,45271.2,754.52,Silver
7102,1,967.53,967.53,Home & Kitchen,Mobile,Paid Ads,1,0.03,5.0,58051.8,967.53,Gold
7105,1,1051.32,1051.32,Electronics,Desktop,Referral,1,0.03,5.0,63079.2,1051.32,Gold
7106,1,1627.92,1627.92,Home & Kitchen,Mobile,Email Campaign,1,0.03,5.0,97675.2,1627.92,Gold
7107,1,2898.6,2898.6,Toys & Baby,Mobile,Organic Search,1,0.03,5.0,173916.0,2898.6,Platinum
7110,1,2049.4,2049.4,Home & Kitchen,Desktop,Organic Search,1,0.03,5.0,122964.0,2049.4,Gold
7111,3,4088.6099999999997,1362.87,Electronics,Mobile,Organic Search,144,4.8,0.625,10221.52,4088.61,Bronze
7119,1,2009.24,2009.24,Electronics,Mobile,Email Campaign,1,0.03,5.0,120554.4,2009.24,Gold
7121,1,947.94,947.94,Books,Desktop,Social Media,1,0.03,5.0,56876.4,947.94,Gold
7122,2,6075.05,3037.525,Books,Desktop,Organic Search,197,6.57,0.3044,11095.47,6075.05,Bronze
7123,1,4408.56,4408.56,Beauty & Personal Care,Mobile,Email Campaign,1,0.03,5.0,264513.6,4408.56,Platinum
7126,2,3929.1899999999996,1964.5949999999998,Books,Desktop,Paid Ads,197,6.57,0.3044,7176.27,3929.19,Bronze
7127,1,3957.72,3957.72,Home & Kitchen,Tablet,Paid Ads,1,0.03,5.0,237463.2,3957.72,Platinum
7128,1,1957.65,1957.65,Home & Kitchen,Desktop,Social Media,1,0.03,5.0,117459.0,1957.65,Gold
7129,1,2383.98,2383.98,Books,Tablet,Direct,1,0.03,5.0,143038.8,2383.98,Platinum
7130,2,1519.06,759.53,Books,Mobile,Paid Ads,254,8.47,0.2361,2151.9,1519.06,Bronze
7132,2,1545.56,772.78,Home & Kitchen,Mobile,Organic Search,188,6.27,0.319,2958.2,1545.56,Bronze
7133,1,2089.82,2089.82,Grocery,Tablet,Paid Ads,1,0.03,5.0,125389.2,2089.82,Platinum
7134,2,4711.66,2355.83,Toys & Baby,Desktop,Direct,97,3.23,0.6192,17504.76,4711.66,Bronze
7139,1,1102.73,1102.73,Beauty & Personal Care,Desktop,Referral,1,0.03,5.0,66163.8,1102.73,Gold
7142,3,6206.889999999999,2068.963333333333,Books,Desktop,Direct,222,7.4,0.4054,10065.09,6206.89,Bronze
7144,1,3583.95,3583.95,Beauty & Personal Care,Desktop,Organic Search,1,0.03,5.0,215037.0,3583.95,Platinum
7145,1,2531.1,2531.1,Electronics,Desktop,Paid Ads,1,0.03,5.0,151866.0,2531.1,Platinum
7147,1,842.44,842.44,Beauty & Personal Care,Desktop,Paid Ads,1,0.03,5.0,50546.4,842.44,Silver
7148,2,8230.609999999999,4115.304999999999,Electronics,Desktop,Organic Search,155,5.17,0.3868,19101.6,8230.61,Bronze
7150,2,3531.63,1765.815,Electronics,Desktop,Referral,120,4.0,0.5,10594.89,3531.63,Bronze
7151,2,4224.4800000000005,2112.2400000000002,Beauty & Personal Care,Desktop,Paid Ads,30,1.0,2.0,50693.76,4224.48,Silver
7152,1,861.56,861.56,Electronics,Desktop,Organic Search,1,0.03,5.0,51693.6,861.56,Silver
7153,1,4571.76,4571.76,Beauty & Personal Care,Mobile,Referral,1,0.03,5.0,274305.6,4571.76,Platinum
7155,1,1537.08,1537.08,Fashion,Desktop,Organic Search,1,0.03,5.0,92224.8,1537.08,Gold
7160,1,2949.7,2949.7,Toys & Baby,Desktop,Direct,1,0.03,5.0,176982.0,2949.7,Platinum
7162,1,391.58,391.58,Electronics,Tablet,Paid Ads,1,0.03,5.0,23494.8,391.58,Silver
7165,2,3437.56,1718.78,Beauty & Personal Care,Mobile,Paid Ads,116,3.87,0.5168,10659.19,3437.56,Bronze
7166,1,827.51,827.51,Sports & Fitness,Mobile,Direct,1,0.03,5.0,49650.6,827.51,Silver
7170,1,3375.24,3375.24,Books,Mobile,Organic Search,1,0.03,5.0,202514.4,3375.24,Platinum
7171,4,9938.119999999999,2484.5299999999997,Grocery,Mobile,Social Media,262,8.73,0.4582,13660.94,9938.12,Bronze
7173,1,1027.78,1027.78,Toys & Baby,Mobile,Social Media,1,0.03,5.0,61666.8,1027.78,Gold
7176,1,657.44,657.44,Electronics,Desktop,Organic Search,1,0.03,5.0,39446.4,657.44,Silver
7177,2,2852.17,1426.085,Sports & Fitness,Mobile,Email Campaign,183,6.1,0.3279,5611.36,2852.17,Bronze
7179,1,1582.71,1582.71,Grocery,Mobile,Social Media,1,0.03,5.0,94962.6,1582.71,Gold
7185,1,789.26,789.26,Grocery,Mobile,Direct,1,0.03,5.0,47355.6,789.26,Silver
7187,1,698.56,698.56,Electronics,Mobile,Organic Search,1,0.03,5.0,41913.6,698.56,Silver
7189,3,4847.74,1615.9133333333332,Books,Desktop,Direct,23,0.77,3.8961,75549.12,4847.74,Gold
7190,2,1302.8000000000002,651.4000000000001,Grocery,Desktop,Organic Search,149,4.97,0.4024,3145.48,1302.8,Bronze
7192,1,113.22,113.22,Sports & Fitness,Mobile,Paid Ads,1,0.03,5.0,6793.2,113.22,Bronze
7194,1,1193.87,1193.87,Home & Kitchen,Desktop,Direct,1,0.03,5.0,71632.2,1193.87,Gold
7195,1,2215.76,2215.76,Beauty & Personal Care,Desktop,Social Media,1,0.03,5.0,132945.6,2215.76,Platinum
7201,1,2397.48,2397.48,Grocery,Desktop,Paid Ads,1,0.03,5.0,143848.8,2397.48,Platinum
7202,1,2882.12,2882.12,Home & Kitchen,Mobile,Organic Search,1,0.03,5.0,172927.2,2882.12,Platinum
7204,1,694.69,694.69,Beauty & Personal Care,Desktop,Email Campaign,1,0.03,5.0,41681.4,694.69,Silver
7209,1,656.09,656.09,Electronics,Desktop,Organic Search,1,0.03,5.0,39365.4,656.09,Silver
7210,1,2370.42,2370.42,Electronics,Mobile,Organic Search,1,0.03,5.0,142225.2,2370.42,Platinum
7211,1,504.7,504.7,Books,Mobile,Organic Search,1,0.03,5.0,30282.0,504.7,Silver
7213,1,341.49,341.49,Electronics,Desktop,Paid Ads,1,0.03,5.0,20489.4,341.49,Silver
7214,1,1149.66,1149.66,Home & Kitchen,Desktop,Social Media,1,0.03,5.0,68979.6,1149.66,Gold
7215,2,2398.96,1199.48,Books,Desktop,Referral,200,6.67,0.2999,4316.69,2398.96,Bronze
7216,2,3578.08,1789.04,Grocery,Desktop,Organic Search,26,0.87,2.2989,49353.89,3578.08,Silver
7217,2,868.3799999999999,434.18999999999994,Fashion,Desktop,Organic Search,125,4.17,0.4796,2498.85,868.38,Bronze
7218,1,704.41,704.41,Electronics,Desktop,Referral,1,0.03,5.0,42264.6,704.41,Silver
7219,2,2253.31,1126.655,Beauty & Personal Care,Desktop,Direct,75,2.5,0.8,10815.89,2253.31,Bronze
7224,1,1369.68,1369.68,Electronics,Desktop,Referral,1,0.03,5.0,82180.8,1369.68,Gold
7225,2,6234.07,3117.035,Books,Desktop,Organic Search,210,7.0,0.2857,10686.44,6234.07,Bronze
7226,2,1291.97,645.985,Beauty & Personal Care,Desktop,Organic Search,41,1.37,1.4599,11316.88,1291.97,Bronze
7227,2,851.82,425.91,Electronics,Mobile,Organic Search,191,6.37,0.314,1604.83,851.82,Bronze
7229,1,1683.48,1683.48,Beauty & Personal Care,Mobile,Social Media,1,0.03,5.0,101008.8,1683.48,Gold
7232,1,2775.5,2775.5,Beauty & Personal Care,Mobile,Direct,1,0.03,5.0,166530.0,2775.5,Platinum
7234,1,887.02,887.02,Toys & Baby,Mobile,Social Media,1,0.03,5.0,53221.2,887.02,Silver
7235,1,1854.04,1854.04,Electronics,Mobile,Paid Ads,1,0.03,5.0,111242.4,1854.04,Gold
7237,1,1308.62,1308.62,Home & Kitchen,Mobile,Social Media,1,0.03,5.0,78517.2,1308.62,Gold
7242,1,548.38,548.38,Electronics,Mobile,Direct,1,0.03,5.0,32902.8,548.38,Silver
7245,1,2460.21,2460.21,Electronics,Desktop,Organic Search,1,0.03,5.0,147612.6,2460.21,Platinum
7246,1,441.9,441.9,Grocery,Desktop,Social Media,1,0.03,5.0,26514.0,441.9,Silver
7248,1,4405.72,4405.72,Toys & Baby,Desktop,Organic Search,1,0.03,5.0,264343.2,4405.72,Platinum
7249,3,5363.76,1787.92,Fashion,Desktop,Email Campaign,157,5.23,0.5736,12306.61,5363.76,Bronze
7251,1,2513.42,2513.42,Grocery,Mobile,Organic Search,1,0.03,5.0,150805.2,2513.42,Platinum
7252,1,4129.66,4129.66,Home & Kitchen,Desktop,Paid Ads,1,0.03,5.0,247779.6,4129.66,Platinum
7254,2,2755.36,1377.68,Beauty & Personal Care,Desktop,Paid Ads,186,6.2,0.3226,5333.27,2755.36,Bronze
7259,2,4965.61,2482.805,Books,Desktop,Paid Ads,160,5.33,0.3752,11178.58,4965.61,Bronze
7261,1,2108.41,2108.41,Fashion,Desktop,Email Campaign,1,0.03,5.0,126504.6,2108.41,Platinum
7262,1,1115.22,1115.22,Electronics,Desktop,Organic Search,1,0.03,5.0,66913.2,1115.22,Gold
7263,1,6895.33,6895.33,Home & Kitchen,Tablet,Referral,1,0.03,5.0,413719.8,6895.33,Platinum
7265,1,1361.34,1361.34,Fashion,Mobile,Direct,1,0.03,5.0,81680.4,1361.34,Gold
7269,1,886.36,886.36,Home & Kitchen,Mobile,Social Media,1,0.03,5.0,53181.6,886.36,Silver
7271,1,1086.28,1086.28,Fashion,Mobile,Social Media,1,0.03,5.0,65176.8,1086.28,Gold
7272,2,1362.17,681.085,Electronics,Mobile,Direct,10,0.33,5.0,40865.1,1362.17,Silver
7274,1,2067.51,2067.51,Electronics,Desktop,Email Campaign,1,0.03,5.0,124050.6,2067.51,Gold
7275,1,2099.56,2099.56,Toys & Baby,Desktop,Referral,1,0.03,5.0,125973.6,2099.56,Platinum
7280,1,1107.99,1107.99,Fashion,Desktop,Organic Search,1,0.03,5.0,66479.4,1107.99,Gold
7281,1,673.44,673.44,Books,Mobile,Email Campaign,1,0.03,5.0,40406.4,673.44,Silver
7282,2,536.64,268.32,Electronics,Desktop,Paid Ads,69,2.3,0.8696,2799.97,536.64,Bronze
7283,1,1032.07,1032.07,Toys & Baby,Desktop,Referral,1,0.03,5.0,61924.2,1032.07,Gold
7284,2,6763.8,3381.9,Fashion,Desktop,Referral,54,1.8,1.1111,45091.55,6763.8,Silver
7287,1,3499.77,3499.77,Grocery,Desktop,Email Campaign,1,0.03,5.0,209986.2,3499.77,Platinum
7288,1,142.75,142.75,Fashion,Desktop,Paid Ads,1,0.03,5.0,8565.0,142.75,Bronze
7293,2,3920.44,1960.22,Books,Desktop,Direct,3,0.1,5.0,117613.2,3920.44,Gold
7296,1,2480.14,2480.14,Books,Tablet,Referral,1,0.03,5.0,148808.4,2480.14,Platinum
7297,2,2643.7799999999997,1321.8899999999999,Home & Kitchen,Mobile,Direct,257,8.57,0.2334,3702.35,2643.78,Bronze
7298,1,1955.52,1955.52,Home & Kitchen,Desktop,Referral,1,0.03,5.0,117331.2,1955.52,Gold
7299,2,2160.71,1080.355,Books,Mobile,Email Campaign,76,2.53,0.7905,10248.25,2160.71,Bronze
7304,1,1715.31,1715.31,Toys & Baby,Mobile,Organic Search,1,0.03,5.0,102918.6,1715.31,Gold
7308,1,2919.4,2919.4,Beauty & Personal Care,Desktop,Direct,1,0.03,5.0,175164.0,2919.4,Platinum
7310,1,1846.76,1846.76,Home & Kitchen,Desktop,Social Media,1,0.03,5.0,110805.6,1846.76,Gold
7312,1,114.34,114.34,Grocery,Desktop,Organic Search,1,0.03,5.0,6860.4,114.34,Bronze
7313,1,285.46,285.46,Toys & Baby,Desktop,Paid Ads,1,0.03,5.0,17127.6,285.46,Bronze
7315,1,2164.1,2164.1,Grocery,Desktop,Paid Ads,1,0.03,5.0,129846.0,2164.1,Platinum
7317,1,400.06,400.06,Sports & Fitness,Mobile,Email Campaign,1,0.03,5.0,24003.6,400.06,Silver
7319,1,1382.92,1382.92,Fashion,Tablet,Email Campaign,1,0.03,5.0,82975.2,1382.92,Gold
7321,1,1906.02,1906.02,Fashion,Desktop,Paid Ads,1,0.03,5.0,114361.2,1906.02,Gold
7322,1,3321.32,3321.32,Electronics,Mobile,Referral,1,0.03,5.0,199279.2,3321.32,Platinum
7323,1,1806.66,1806.66,Books,Mobile,Organic Search,1,0.03,5.0,108399.6,1806.66,Gold
7325,2,1155.9,577.95,Sports & Fitness,Desktop,Referral,160,5.33,0.3752,2602.16,1155.9,Bronze
7326,1,812.97,812.97,Toys & Baby,Mobile,Organic Search,1,0.03,5.0,48778.2,812.97,Silver
7327,2,2120.2,1060.1,Fashion,Desktop,Direct,197,6.57,0.3044,3872.33,2120.2,Bronze
7332,1,2636.98,2636.98,Books,Mobile,Paid Ads,1,0.03,5.0,158218.8,2636.98,Platinum
7333,2,2795.84,1397.92,Home & Kitchen,Desktop,Organic Search,87,2.9,0.6897,11569.75,2795.84,Bronze
7336,1,1468.75,1468.75,Home & Kitchen,Mobile,Paid Ads,1,0.03,5.0,88125.0,1468.75,Gold
7339,1,7016.6,7016.6,Books,Mobile,Email Campaign,1,0.03,5.0,420996.0,7016.6,Platinum
7340,2,990.4300000000001,495.21500000000003,Electronics,Desktop,Email Campaign,189,6.3,0.3175,1886.77,990.43,Bronze
7341,1,2565.0,2565.0,Toys & Baby,Tablet,Direct,1,0.03,5.0,153900.0,2565.0,Platinum
7343,1,642.38,642.38,Beauty & Personal Care,Mobile,Social Media,1,0.03,5.0,38542.8,642.38,Silver
7344,3,7873.650000000001,2624.55,Beauty & Personal Care,Desktop,Direct,211,7.03,0.4267,13438.75,7873.65,Bronze
7345,1,304.65,304.65,Grocery,Desktop,Social Media,1,0.03,5.0,18279.0,304.65,Bronze
7346,1,5381.88,5381.88,Toys & Baby,Desktop,Referral,1,0.03,5.0,322912.8,5381.88,Platinum
7348,1,1475.24,1475.24,Sports & Fitness,Desktop,Social Media,1,0.03,5.0,88514.4,1475.24,Gold
7349,1,1057.97,1057.97,Beauty & Personal Care,Mobile,Direct,1,0.03,5.0,63478.2,1057.97,Gold
7351,1,2194.02,2194.02,Electronics,Mobile,Social Media,1,0.03,5.0,131641.2,2194.02,Platinum
7353,1,502.51,502.51,Sports & Fitness,Desktop,Social Media,1,0.03,5.0,30150.6,502.51,Silver
7354,1,986.04,986.04,Grocery,Tablet,Paid Ads,1,0.03,5.0,59162.4,986.04,Gold
7356,1,5128.03,5128.03,Books,Mobile,Paid Ads,1,0.03,5.0,307681.8,5128.03,Platinum
7358,1,1741.08,1741.08,Sports & Fitness,Mobile,Paid Ads,1,0.03,5.0,104464.8,1741.08,Gold
7360,2,4415.95,2207.975,Books,Desktop,Organic Search,191,6.37,0.314,8319.65,4415.95,Bronze
7363,2,2149.41,1074.705,Books,Desktop,Email Campaign,175,5.83,0.3431,4424.78,2149.41,Bronze
7367,1,3865.47,3865.47,Toys & Baby,Mobile,Organic Search,1,0.03,5.0,231928.2,3865.47,Platinum
7369,1,755.96,755.96,Sports & Fitness,Desktop,Paid Ads,1,0.03,5.0,45357.6,755.96,Silver
7372,2,1536.66,768.33,Grocery,Desktop,Email Campaign,81,2.7,0.7407,6829.22,1536.66,Bronze
7373,1,558.55,558.55,Electronics,Tablet,Direct,1,0.03,5.0,33513.0,558.55,Silver
7375,1,2955.24,2955.24,Books,Mobile,Organic Search,1,0.03,5.0,177314.4,2955.24,Platinum
7377,1,1461.32,1461.32,Grocery,Mobile,Paid Ads,1,0.03,5.0,87679.2,1461.32,Gold
7384,1,5062.32,5062.32,Home & Kitchen,Mobile,Direct,1,0.03,5.0,303739.2,5062.32,Platinum
7385,1,3140.45,3140.45,Books,Desktop,Organic Search,1,0.03,5.0,188427.0,3140.45,Platinum
7388,1,4491.65,4491.65,Books,Mobile,Social Media,1,0.03,5.0,269499.0,4491.65,Platinum
7389,2,745.65,372.825,Fashion,Desktop,Direct,172,5.73,0.349,1561.39,745.65,Bronze
7390,1,688.74,688.74,Fashion,Mobile,Email Campaign,1,0.03,5.0,41324.4,688.74,Silver
7391,3,5199.73,1733.243333333333,Books,Desktop,Direct,195,6.5,0.4615,9598.7,5199.73,Bronze
7393,1,702.9,702.9,Beauty & Personal Care,Desktop,Email Campaign,1,0.03,5.0,42174.0,702.9,Silver
7396,1,698.68,698.68,Sports & Fitness,Mobile,Direct,1,0.03,5.0,41920.8,698.68,Silver
7397,2,7561.35,3780.675,Home & Kitchen,Mobile,Paid Ads,323,10.77,0.1857,8424.86,7561.35,Bronze
7400,1,181.69,181.69,Books,Mobile,Paid Ads,1,0.03,5.0,10901.4,181.69,Bronze
7401,1,3411.01,3411.01,Grocery,Desktop,Organic Search,1,0.03,5.0,204660.6,3411.01,Platinum
7402,1,5223.94,5223.94,Toys & Baby,Desktop,Paid Ads,1,0.03,5.0,313436.4,5223.94,Platinum
7411,3,1281.23,427.07666666666665,Beauty & Personal Care,Desktop,Referral,230,7.67,0.3911,2004.36,1281.23,Bronze
7412,1,662.09,662.09,Toys & Baby,Tablet,Email Campaign,1,0.03,5.0,39725.4,662.09,Silver
7418,1,1722.82,1722.82,Grocery,Tablet,Referral,1,0.03,5.0,103369.2,1722.82,Gold
7423,1,4441.77,4441.77,Home & Kitchen,Mobile,Paid Ads,1,0.03,5.0,266506.2,4441.77,Platinum
7428,2,6649.44,3324.72,Home & Kitchen,Desktop,Email Campaign,31,1.03,1.9417,77467.31,6649.44,Gold
7429,1,476.52,476.52,Electronics,Desktop,Organic Search,1,0.03,5.0,28591.2,476.52,Silver
7433,1,1120.5,1120.5,Fashion,Mobile,Email Campaign,1,0.03,5.0,67230.0,1120.5,Gold
7434,1,706.11,706.11,Fashion,Mobile,Email Campaign,1,0.03,5.0,42366.6,706.11,Silver
7435,1,1355.17,1355.17,Home & Kitchen,Desktop,Paid Ads,1,0.03,5.0,81310.2,1355.17,Gold
7436,1,3601.4,3601.4,Grocery,Mobile,Direct,1,0.03,5.0,216084.0,3601.4,Platinum
7437,2,8666.23,4333.115,Fashion,Mobile,Email Campaign,290,9.67,0.2068,10753.06,8666.23,Bronze
7439,2,2552.0299999999997,1276.0149999999999,Fashion,Desktop,Organic Search,183,6.1,0.3279,5020.86,2552.03,Bronze
7450,1,262.27,262.27,Electronics,Tablet,Email Campaign,1,0.03,5.0,15736.2,262.27,Bronze
7454,1,2047.1,2047.1,Beauty & Personal Care,Desktop,Email Campaign,1,0.03,5.0,122826.0,2047.1,Gold
7457,1,2239.22,2239.22,Toys & Baby,Desktop,Social Media,1,0.03,5.0,134353.2,2239.22,Platinum
7458,1,2266.28,2266.28,Toys & Baby,Tablet,Referral,1,0.03,5.0,135976.8,2266.28,Platinum
7461,1,1605.58,1605.58,Grocery,Desktop,Social Media,1,0.03,5.0,96334.8,1605.58,Gold
7462,3,7983.16,2661.0533333333333,Sports & Fitness,Desktop,Referral,310,10.33,0.2904,9273.24,7983.16,Bronze
7468,1,3384.9,3384.9,Electronics,Desktop,Direct,1,0.03,5.0,203094.0,3384.9,Platinum
7469,2,3936.37,1968.185,Grocery,Desktop,Direct,53,1.77,1.1299,26686.23,3936.37,Silver
7472,1,2642.6,2642.6,Home & Kitchen,Mobile,Referral,1,0.03,5.0,158556.0,2642.6,Platinum
7473,1,2575.76,2575.76,Home & Kitchen,Mobile,Email Campaign,1,0.03,5.0,154545.6,2575.76,Platinum
7476,2,2583.14,1291.57,Books,Desktop,Organic Search,10,0.33,5.0,77494.2,2583.14,Gold
7477,1,1125.6,1125.6,Fashion,Desktop,Paid Ads,1,0.03,5.0,67536.0,1125.6,Gold
7491,2,2648.45,1324.225,Beauty & Personal Care,Desktop,Email Campaign,68,2.27,0.8811,14001.3,2648.45,Bronze
7493,1,3287.17,3287.17,Books,Desktop,Direct,1,0.03,5.0,197230.2,3287.17,Platinum
7494,2,6142.879999999999,3071.4399999999996,Books,Desktop,Organic Search,64,2.13,0.939,34608.99,6142.88,Silver
7495,1,1330.18,1330.18,Home & Kitchen,Desktop,Direct,1,0.03,5.0,79810.8,1330.18,Gold
7496,1,3574.2,3574.2,Grocery,Mobile,Direct,1,0.03,5.0,214452.0,3574.2,Platinum
7505,1,4091.46,4091.46,Beauty & Personal Care,Mobile,Email Campaign,1,0.03,5.0,245487.6,4091.46,Platinum
7507,1,5312.97,5312.97,Books,Desktop,Direct,1,0.03,5.0,318778.2,5312.97,Platinum
7508,3,4737.23,1579.0766666666666,Beauty & Personal Care,Mobile,Organic Search,132,4.4,0.6818,12919.37,4737.23,Bronze
7509,1,5269.01,5269.01,Home & Kitchen,Mobile,Organic Search,1,0.03,5.0,316140.6,5269.01,Platinum
7510,1,782.25,782.25,Beauty & Personal Care,Mobile,Paid Ads,1,0.03,5.0,46935.0,782.25,Silver
7512,3,8996.67,2998.89,Beauty & Personal Care,Desktop,Direct,65,2.17,1.3825,49751.59,8996.67,Silver
7513,1,692.0,692.0,Sports & Fitness,Desktop,Organic Search,1,0.03,5.0,41520.0,692.0,Silver
7514,1,2801.16,2801.16,Electronics,Desktop,Email Campaign,1,0.03,5.0,168069.6,2801.16,Platinum
7515,1,862.74,862.74,Toys & Baby,Mobile,Referral,1,0.03,5.0,51764.4,862.74,Silver
7517,3,6569.68,2189.8933333333334,Books,Desktop,Paid Ads,73,2.43,1.2346,32443.71,6569.68,Silver
7518,1,579.58,579.58,Toys & Baby,Mobile,Direct,1,0.03,5.0,34774.8,579.58,Silver
7519,1,308.12,308.12,Sports & Fitness,Mobile,Social Media,1,0.03,5.0,18487.2,308.12,Bronze
7522,2,8118.65,4059.325,Home & Kitchen,Mobile,Email Campaign,1,0.03,5.0,243559.5,8118.65,Platinum
7525,1,2191.66,2191.66,Beauty & Personal Care,Mobile,Direct,1,0.03,5.0,131499.6,2191.66,Platinum
7526,2,1943.8799999999999,971.9399999999999,Grocery,Desktop,Email Campaign,22,0.73,2.7397,31953.89,1943.88,Silver
7533,1,2519.82,2519.82,Toys & Baby,Mobile,Referral,1,0.03,5.0,151189.2,2519.82,Platinum
7537,1,1045.2,1045.2,Grocery,Mobile,Social Media,1,0.03,5.0,62712.0,1045.2,Gold
7538,1,2329.2,2329.2,Books,Mobile,Referral,1,0.03,5.0,139752.0,2329.2,Platinum
7539,1,2625.16,2625.16,Books,Mobile,Referral,1,0.03,5.0,157509.6,2625.16,Platinum
7542,4,6380.799999999999,1595.1999999999998,Beauty & Personal Care,Mobile,Direct,328,10.93,0.366,7006.12,6380.8,Bronze
7543,1,780.36,780.36,Grocery,Desktop,Direct,1,0.03,5.0,46821.6,780.36,Silver
7544,2,4950.79,2475.395,Books,Desktop,Direct,111,3.7,0.5405,16055.41,4950.79,Bronze
7545,1,1232.38,1232.38,Fashion,Mobile,Referral,1,0.03,5.0,73942.8,1232.38,Gold
7548,1,1145.56,1145.56,Fashion,Desktop,Email Campaign,1,0.03,5.0,68733.6,1145.56,Gold
7549,3,7543.19,2514.3966666666665,Beauty & Personal Care,Mobile,Paid Ads,185,6.17,0.4862,14670.0,7543.19,Bronze
7550,1,322.1,322.1,Books,Tablet,Paid Ads,1,0.03,5.0,19326.0,322.1,Silver
7553,2,6591.74,3295.87,Beauty & Personal Care,Desktop,Email Campaign,54,1.8,1.1111,43944.49,6591.74,Silver
7555,2,4962.84,2481.42,Electronics,Desktop,Email Campaign,16,0.53,3.7736,112366.64,4962.84,Gold
7556,1,1330.44,1330.44,Fashion,Mobile,Paid Ads,1,0.03,5.0,79826.4,1330.44,Gold
7558,1,472.02,472.02,Sports & Fitness,Mobile,Email Campaign,1,0.03,5.0,28321.2,472.02,Silver
7561,1,1058.06,1058.06,Fashion,Desktop,Direct,1,0.03,5.0,63483.6,1058.06,Gold
7562,1,3365.24,3365.24,Grocery,Desktop,Referral,1,0.03,5.0,201914.4,3365.24,Platinum
7564,2,1842.81,921.405,Beauty & Personal Care,Desktop,Organic Search,161,5.37,0.3724,4117.57,1842.81,Bronze
7567,1,2793.26,2793.26,Toys & Baby,Desktop,Paid Ads,1,0.03,5.0,167595.6,2793.26,Platinum
7568,2,2816.3599999999997,1408.1799999999998,Sports & Fitness,Desktop,Email Campaign,67,2.23,0.8969,15155.96,2816.36,Bronze
7569,1,79.11,79.11,Sports & Fitness,Mobile,Organic Search,1,0.03,5.0,4746.6,79.11,Bronze
7571,1,228.42,228.42,Sports & Fitness,Mobile,Referral,1,0.03,5.0,13705.2,228.42,Bronze
7572,1,520.47,520.47,Grocery,Desktop,Email Campaign,1,0.03,5.0,31228.2,520.47,Silver
7574,2,12451.970000000001,6225.985000000001,Home & Kitchen,Desktop,Organic Search,141,4.7,0.4255,31789.88,12451.97,Silver
7576,1,3417.58,3417.58,Books,Desktop,Referral,1,0.03,5.0,205054.8,3417.58,Platinum
7578,1,4041.07,4041.07,Home & Kitchen,Mobile,Referral,1,0.03,5.0,242464.2,4041.07,Platinum
7580,1,958.78,958.78,Electronics,Desktop,Email Campaign,1,0.03,5.0,57526.8,958.78,Gold
7581,1,1665.69,1665.69,Home & Kitchen,Mobile,Direct,1,0.03,5.0,99941.4,1665.69,Gold
7588,1,1161.13,1161.13,Grocery,Desktop,Referral,1,0.03,5.0,69667.8,1161.13,Gold
7591,1,637.2,637.2,Fashion,Desktop,Direct,1,0.03,5.0,38232.0,637.2,Silver
7599,1,615.53,615.53,Sports & Fitness,Desktop,Paid Ads,1,0.03,5.0,36931.8,615.53,Silver
7600,3,6181.150000000001,2060.3833333333337,Books,Mobile,Direct,271,9.03,0.3322,8213.51,6181.15,Bronze
7601,2,1641.98,820.99,Electronics,Desktop,Email Campaign,143,4.77,0.4193,4130.89,1641.98,Bronze
7603,2,6031.84,3015.92,Books,Mobile,Referral,2,0.07,5.0,180955.2,6031.84,Platinum
7604,2,9822.45,4911.225,Beauty & Personal Care,Mobile,Email Campaign,19,0.63,3.1746,187094.1,9822.45,Platinum
7606,1,687.39,687.39,Fashion,Mobile,Paid Ads,1,0.03,5.0,41243.4,687.39,Silver
7608,1,742.16,742.16,Grocery,Desktop,Social Media,1,0.03,5.0,44529.6,742.16,Silver
7609,3,9031.48,3010.4933333333333,Books,Mobile,Referral,173,5.77,0.5199,18781.87,9031.48,Bronze
7611,2,4121.42,2060.71,Grocery,Mobile,Direct,174,5.8,0.3448,8526.39,4121.42,Bronze
7612,1,1057.77,1057.77,Sports & Fitness,Tablet,Email Campaign,1,0.03,5.0,63466.2,1057.77,Gold
7615,1,3786.18,3786.18,Toys & Baby,Desktop,Organic Search,1,0.03,5.0,227170.8,3786.18,Platinum
7616,1,1242.19,1242.19,Grocery,Mobile,Email Campaign,1,0.03,5.0,74531.4,1242.19,Gold
7618,2,4994.63,2497.315,Fashion,Desktop,Paid Ads,212,7.07,0.2829,8477.88,4994.63,Bronze
7623,2,3319.14,1659.57,Grocery,Desktop,Referral,56,1.87,1.0695,21298.92,3319.14,Silver
7624,1,1017.49,1017.49,Toys & Baby,Mobile,Direct,1,0.03,5.0,61049.4,1017.49,Gold
7628,1,2560.16,2560.16,Books,Mobile,Referral,1,0.03,5.0,153609.6,2560.16,Platinum
7629,2,3148.19,1574.095,Toys & Baby,Desktop,Email Campaign,320,10.67,0.1874,3539.82,3148.19,Bronze
7631,1,3397.02,3397.02,Home & Kitchen,Mobile,Email Campaign,1,0.03,5.0,203821.2,3397.02,Platinum
7633,2,3881.13,1940.565,Books,Desktop,Paid Ads,351,11.7,0.1709,3979.71,3881.13,Bronze
7634,1,832.37,832.37,Sports & Fitness,Desktop,Organic Search,1,0.03,5.0,49942.2,832.37,Silver
7637,1,1274.51,1274.51,Electronics,Mobile,Social Media,1,0.03,5.0,76470.6,1274.51,Gold
7639,2,5717.47,2858.735,Toys & Baby,Desktop,Paid Ads,270,9.0,0.2222,7622.53,5717.47,Bronze
7646,1,4060.86,4060.86,Beauty & Personal Care,Mobile,Referral,1,0.03,5.0,243651.6,4060.86,Platinum
7650,2,3484.2299999999996,1742.1149999999998,Beauty & Personal Care,Desktop,Paid Ads,40,1.33,1.5038,31437.51,3484.23,Silver
7652,1,5412.63,5412.63,Home & Kitchen,Mobile,Organic Search,1,0.03,5.0,324757.8,5412.63,Platinum
7654,1,1900.16,1900.16,Grocery,Desktop,Organic Search,1,0.03,5.0,114009.6,1900.16,Gold
7655,1,1386.23,1386.23,Toys & Baby,Mobile,Direct,1,0.03,5.0,83173.8,1386.23,Gold
7657,2,2204.82,1102.41,Electronics,Mobile,Email Campaign,234,7.8,0.2564,3391.9,2204.82,Bronze
7658,2,5916.89,2958.445,Beauty & Personal Care,Desktop,Direct,58,1.93,1.0363,36790.04,5916.89,Silver
7661,1,2009.44,2009.44,Books,Desktop,Organic Search,1,0.03,5.0,120566.4,2009.44,Gold
7662,1,932.44,932.44,Electronics,Desktop,Organic Search,1,0.03,5.0,55946.4,932.44,Gold
7669,1,1699.0,1699.0,Toys & Baby,Desktop,Direct,1,0.03,5.0,101940.0,1699.0,Gold
7676,1,1237.41,1237.41,Grocery,Mobile,Social Media,1,0.03,5.0,74244.6,1237.41,Gold
7678,2,2588.72,1294.36,Books,Desktop,Referral,75,2.5,0.8,12425.86,2588.72,Bronze
7680,1,3438.16,3438.16,Toys & Baby,Desktop,Direct,1,0.03,5.0,206289.6,3438.16,Platinum
7682,2,3235.21,1617.605,Fashion,Desktop,Email Campaign,144,4.8,0.4167,8088.67,3235.21,Bronze
7685,1,1211.11,1211.11,Fashion,Desktop,Direct,1,0.03,5.0,72666.6,1211.11,Gold
7687,1,2343.88,2343.88,Toys & Baby,Desktop,Paid Ads,1,0.03,5.0,140632.8,2343.88,Platinum
7689,1,1063.08,1063.08,Electronics,Tablet,Direct,1,0.03,5.0,63784.8,1063.08,Gold
7695,1,2888.34,2888.34,Beauty & Personal Care,Desktop,Paid Ads,1,0.03,5.0,173300.4,2888.34,Platinum
7696,2,3199.42,1599.71,Beauty & Personal Care,Desktop,Email Campaign,90,3.0,0.6667,12798.32,3199.42,Bronze
7697,1,4039.74,4039.74,Beauty & Personal Care,Desktop,Organic Search,1,0.03,5.0,242384.4,4039.74,Platinum
7699,1,1435.14,1435.14,Toys & Baby,Desktop,Social Media,1,0.03,5.0,86108.4,1435.14,Gold
7701,3,6087.040000000001,2029.0133333333335,Books,Desktop,Referral,45,1.5,2.0,48696.32,6087.04,Silver
7705,1,854.89,854.89,Electronics,Mobile,Referral,1,0.03,5.0,51293.4,854.89,Silver
7706,1,481.13,481.13,Electronics,Desktop,Organic Search,1,0.03,5.0,28867.8,481.13,Silver
7710,1,1412.22,1412.22,Toys & Baby,Mobile,Direct,1,0.03,5.0,84733.2,1412.22,Gold
7711,2,3607.44,1803.72,Books,Desktop,Direct,34,1.13,1.7699,38308.85,3607.44,Silver
7712,1,1781.16,1781.16,Electronics,Desktop,Direct,1,0.03,5.0,106869.6,1781.16,Gold
7714,2,7014.92,3507.46,Books,Desktop,Paid Ads,62,2.07,0.9662,40666.89,7014.92,Silver
7715,2,3705.77,1852.885,Beauty & Personal Care,Desktop,Direct,84,2.8,0.7143,15882.19,3705.77,Bronze
7719,3,2515.23,838.41,Books,Mobile,Organic Search,101,3.37,0.8902,8956.23,2515.23,Bronze
7724,2,1876.54,938.27,Electronics,Desktop,Organic Search,134,4.47,0.4474,5037.38,1876.54,Bronze
7725,1,4667.68,4667.68,Books,Desktop,Social Media,1,0.03,5.0,280060.8,4667.68,Platinum
7726,1,4252.35,4252.35,Beauty & Personal Care,Desktop,Direct,1,0.03,5.0,255141.0,4252.35,Platinum
7727,1,277.07,277.07,Sports & Fitness,Mobile,Direct,1,0.03,5.0,16624.2,277.07,Bronze
7729,1,936.15,936.15,Grocery,Desktop,Direct,1,0.03,5.0,56169.0,936.15,Gold
7731,1,3664.64,3664.64,Books,Mobile,Organic Search,1,0.03,5.0,219878.4,3664.64,Platinum
7734,1,4079.31,4079.31,Toys & Baby,Mobile,Organic Search,1,0.03,5.0,244758.6,4079.31,Platinum
7736,2,3416.85,1708.425,Beauty & Personal Care,Desktop,Referral,233,7.77,0.2574,5276.98,3416.85,Bronze
7737,1,347.17,347.17,Sports & Fitness,Tablet,Direct,1,0.03,5.0,20830.2,347.17,Silver
7740,1,3216.07,3216.07,Toys & Baby,Desktop,Direct,1,0.03,5.0,192964.2,3216.07,Platinum
7741,2,4098.42,2049.21,Beauty & Personal Care,Desktop,Direct,72,2.4,0.8333,20491.28,4098.42,Silver
7744,4,11728.23,2932.0575,Beauty & Personal Care,Mobile,Email Campaign,184,6.13,0.6525,22958.01,11728.23,Silver
7751,1,4220.6,4220.6,Beauty & Personal Care,Desktop,Social Media,1,0.03,5.0,253236.0,4220.6,Platinum
7753,1,242.85,242.85,Sports & Fitness,Mobile,Direct,1,0.03,5.0,14571.0,242.85,Bronze
7755,2,899.0699999999999,449.53499999999997,Fashion,Desktop,Email Campaign,243,8.1,0.2469,1331.88,899.07,Bronze
7756,1,381.48,381.48,Books,Mobile,Paid Ads,1,0.03,5.0,22888.8,381.48,Silver
7759,2,9361.09,4680.545,Grocery,Desktop,Organic Search,254,8.47,0.2361,13260.92,9361.09,Bronze
7761,1,2510.24,2510.24,Electronics,Desktop,Social Media,1,0.03,5.0,150614.4,2510.24,Platinum
7762,1,3646.88,3646.88,Home & Kitchen,Mobile,Social Media,1,0.03,5.0,218812.8,3646.88,Platinum
7765,1,2573.94,2573.94,Books,Desktop,Organic Search,1,0.03,5.0,154436.4,2573.94,Platinum
7766,1,6717.64,6717.64,Books,Mobile,Organic Search,1,0.03,5.0,403058.4,6717.64,Platinum
7767,1,1987.18,1987.18,Beauty & Personal Care,Desktop,Email Campaign,1,0.03,5.0,119230.8,1987.18,Gold
7768,1,2382.05,2382.05,Electronics,Mobile,Social Media,1,0.03,5.0,142923.0,2382.05,Platinum
7772,1,190.58,190.58,Sports & Fitness,Desktop,Paid Ads,1,0.03,5.0,11434.8,190.58,Bronze
7773,1,1278.8,1278.8,Toys & Baby,Desktop,Social Media,1,0.03,5.0,76728.0,1278.8,Gold
7774,1,256.13,256.13,Electronics,Desktop,Direct,1,0.03,5.0,15367.8,256.13,Bronze
7776,2,2097.81,1048.905,Grocery,Mobile,Direct,149,4.97,0.4024,5064.95,2097.81,Bronze
7777,2,1812.9,906.45,Fashion,Desktop,Organic Search,54,1.8,1.1111,12085.88,1812.9,Bronze
7778,1,2742.1,2742.1,Toys & Baby,Desktop,Social Media,1,0.03,5.0,164526.0,2742.1,Platinum
7781,1,3366.72,3366.72,Grocery,Desktop,Organic Search,1,0.03,5.0,202003.2,3366.72,Platinum
7787,3,5321.52,1773.8400000000001,Books,Desktop,Direct,59,1.97,1.5228,32414.44,5321.52,Silver
7789,1,3516.52,3516.52,Beauty & Personal Care,Desktop,Referral,1,0.03,5.0,210991.2,3516.52,Platinum
7790,1,1823.39,1823.39,Toys & Baby,Mobile,Email Campaign,1,0.03,5.0,109403.4,1823.39,Gold
7795,1,754.06,754.06,Home & Kitchen,Mobile,Paid Ads,1,0.03,5.0,45243.6,754.06,Silver
7796,1,2433.42,2433.42,Toys & Baby,Mobile,Social Media,1,0.03,5.0,146005.2,2433.42,Platinum
7797,1,3118.0,3118.0,Fashion,Mobile,Organic Search,1,0.03,5.0,187080.0,3118.0,Platinum
7799,1,4404.24,4404.24,Grocery,Mobile,Social Media,1,0.03,5.0,264254.4,4404.24,Platinum
7800,1,2582.55,2582.55,Grocery,Tablet,Social Media,1,0.03,5.0,154953.0,2582.55,Platinum
7801,1,3719.24,3719.24,Home & Kitchen,Tablet,Referral,1,0.03,5.0,223154.4,3719.24,Platinum
7802,1,102.31,102.31,Fashion,Mobile,Social Media,1,0.03,5.0,6138.6,102.31,Bronze
7804,1,3025.68,3025.68,Electronics,Desktop,Email Campaign,1,0.03,5.0,181540.8,3025.68,Platinum
7805,1,4663.52,4663.52,Toys & Baby,Desktop,Social Media,1,0.03,5.0,279811.2,4663.52,Platinum
7807,3,2204.38,734.7933333333334,Fashion,Desktop,Email Campaign,348,11.6,0.2586,2280.21,2204.38,Bronze
7811,2,2831.05,1415.525,Electronics,Desktop,Social Media,19,0.63,3.1746,53924.71,2831.05,Silver
7812,1,1076.07,1076.07,Beauty & Personal Care,Desktop,Organic Search,1,0.03,5.0,64564.2,1076.07,Gold
7817,1,598.42,598.42,Fashion,Tablet,Organic Search,1,0.03,5.0,35905.2,598.42,Silver
7819,1,433.68,433.68,Fashion,Desktop,Email Campaign,1,0.03,5.0,26020.8,433.68,Silver
7823,2,1525.49,762.745,Grocery,Desktop,Direct,87,2.9,0.6897,6312.78,1525.49,Bronze
7827,1,511.66,511.66,Electronics,Desktop,Paid Ads,1,0.03,5.0,30699.6,511.66,Silver
7830,1,1536.27,1536.27,Home & Kitchen,Desktop,Paid Ads,1,0.03,5.0,92176.2,1536.27,Gold
7831,1,7463.4,7463.4,Toys & Baby,Desktop,Social Media,1,0.03,5.0,447804.0,7463.4,Platinum
7832,1,608.66,608.66,Toys & Baby,Mobile,Paid Ads,1,0.03,5.0,36519.6,608.66,Silver
7833,1,5630.64,5630.64,Toys & Baby,Desktop,Referral,1,0.03,5.0,337838.4,5630.64,Platinum
7834,2,4587.71,2293.855,Books,Desktop,Email Campaign,30,1.0,2.0,55052.52,4587.71,Silver
7836,2,1008.52,504.26,Electronics,Desktop,Direct,46,1.53,1.3072,7910.02,1008.52,Bronze
7839,3,7898.07,2632.69,Beauty & Personal Care,Desktop,Email Campaign,96,3.2,0.9375,29617.76,7898.07,Silver
7841,1,1789.42,1789.42,Grocery,Desktop,Direct,1,0.03,5.0,107365.2,1789.42,Gold
7842,2,2210.49,1105.245,Electronics,Desktop,Organic Search,60,2.0,1.0,13262.94,2210.49,Bronze
7843,1,210.0,210.0,Sports & Fitness,Mobile,Paid Ads,1,0.03,5.0,12600.0,210.0,Bronze
7846,1,678.63,678.63,Electronics,Mobile,Email Campaign,1,0.03,5.0,40717.8,678.63,Silver
7847,1,1277.49,1277.49,Beauty & Personal Care,Mobile,Social Media,1,0.03,5.0,76649.4,1277.49,Gold
7850,2,6450.37,3225.185,Grocery,Desktop,Organic Search,118,3.93,0.5089,19695.56,6450.37,Silver
7852,2,2348.2799999999997,1174.1399999999999,Beauty & Personal Care,Mobile,Direct,28,0.93,2.1505,30299.86,2348.28,Silver
7853,1,1625.18,1625.18,Toys & Baby,Desktop,Referral,1,0.03,5.0,97510.8,1625.18,Gold
7856,1,531.08,531.08,Sports & Fitness,Mobile,Social Media,1,0.03,5.0,31864.8,531.08,Silver
7857,1,1434.34,1434.34,Books,Desktop,Email Campaign,1,0.03,5.0,86060.4,1434.34,Gold
7858,1,642.33,642.33,Fashion,Desktop,Social Media,1,0.03,5.0,38539.8,642.33,Silver
7859,2,1731.69,865.845,Books,Desktop,Organic Search,31,1.03,1.9417,20174.53,1731.69,Silver
7862,1,2408.32,2408.32,Beauty & Personal Care,Tablet,Organic Search,1,0.03,5.0,144499.2,2408.32,Platinum
7865,1,1860.9,1860.9,Beauty & Personal Care,Desktop,Paid Ads,1,0.03,5.0,111654.0,1860.9,Gold
7867,3,7183.530000000001,2394.51,Electronics,Mobile,Direct,323,10.77,0.2786,8005.33,7183.53,Bronze
7868,1,1576.94,1576.94,Grocery,Mobile,Direct,1,0.03,5.0,94616.4,1576.94,Gold
7869,1,3178.95,3178.95,Books,Mobile,Social Media,1,0.03,5.0,190737.0,3178.95,Platinum
7870,1,2994.15,2994.15,Electronics,Desktop,Email Campaign,1,0.03,5.0,179649.0,2994.15,Platinum
7871,1,567.78,567.78,Fashion,Desktop,Direct,1,0.03,5.0,34066.8,567.78,Silver
7874,2,6848.200000000001,3424.1000000000004,Toys & Baby,Desktop,Referral,42,1.4,1.4286,58700.03,6848.2,Gold
7875,1,754.02,754.02,Electronics,Mobile,Organic Search,1,0.03,5.0,45241.2,754.02,Silver
7877,1,1653.03,1653.03,Grocery,Tablet,Social Media,1,0.03,5.0,99181.8,1653.03,Gold
7878,1,4759.17,4759.17,Toys & Baby,Mobile,Referral,1,0.03,5.0,285550.2,4759.17,Platinum
7881,2,4655.64,2327.82,Home & Kitchen,Mobile,Paid Ads,69,2.3,0.8696,24291.27,4655.64,Silver
7882,3,10689.26,3563.0866666666666,Books,Mobile,Referral,103,3.43,0.8746,37395.31,10689.26,Silver
7887,1,438.16,438.16,Grocery,Desktop,Organic Search,1,0.03,5.0,26289.6,438.16,Silver
7891,1,939.78,939.78,Electronics,Desktop,Email Campaign,1,0.03,5.0,56386.8,939.78,Gold
7892,2,2973.26,1486.63,Books,Desktop,Direct,32,1.07,1.8692,33345.71,2973.26,Silver
7895,1,1635.1,1635.1,Books,Desktop,Social Media,1,0.03,5.0,98106.0,1635.1,Gold
7897,1,1077.54,1077.54,Electronics,Desktop,Email Campaign,1,0.03,5.0,64652.4,1077.54,Gold
7899,1,5196.12,5196.12,Toys & Baby,Mobile,Social Media,1,0.03,5.0,311767.2,5196.12,Platinum
7900,1,3077.31,3077.31,Toys & Baby,Mobile,Paid Ads,1,0.03,5.0,184638.6,3077.31,Platinum
7905,1,1510.92,1510.92,Sports & Fitness,Desktop,Email Campaign,1,0.03,5.0,90655.2,1510.92,Gold
7909,2,8588.0,4294.0,Fashion,Mobile,Direct,226,7.53,0.2656,13685.84,8588.0,Bronze
7915,1,970.56,970.56,Beauty & Personal Care,Mobile,Paid Ads,1,0.03,5.0,58233.6,970.56,Gold
7917,2,2538.21,1269.105,Books,Mobile,Organic Search,85,2.83,0.7067,10762.52,2538.21,Bronze
7919,1,2318.88,2318.88,Electronics,Desktop,Email Campaign,1,0.03,5.0,139132.8,2318.88,Platinum
7920,1,1129.34,1129.34,Beauty & Personal Care,Desktop,Referral,1,0.03,5.0,67760.4,1129.34,Gold
7922,2,2403.31,1201.655,Electronics,Desktop,Organic Search,78,2.6,0.7692,11091.76,2403.31,Bronze
7923,3,6941.27,2313.7566666666667,Electronics,Mobile,Email Campaign,128,4.27,0.7026,19507.75,6941.27,Silver
7927,3,4852.77,1617.5900000000001,Beauty & Personal Care,Desktop,Direct,131,4.37,0.6865,13325.71,4852.77,Bronze
7928,1,3433.2,3433.2,Grocery,Mobile,Email Campaign,1,0.03,5.0,205992.0,3433.2,Platinum
7929,1,1554.11,1554.11,Home & Kitchen,Mobile,Social Media,1,0.03,5.0,93246.6,1554.11,Gold
7930,1,183.63,183.63,Grocery,Tablet,Direct,1,0.03,5.0,11017.8,183.63,Bronze
7931,1,2528.24,2528.24,Books,Desktop,Paid Ads,1,0.03,5.0,151694.4,2528.24,Platinum
7934,1,1042.21,1042.21,Sports & Fitness,Mobile,Referral,1,0.03,5.0,62532.6,1042.21,Gold
7936,1,732.52,732.52,Toys & Baby,Desktop,Referral,1,0.03,5.0,43951.2,732.52,Silver
7938,1,2135.09,2135.09,Home & Kitchen,Mobile,Social Media,1,0.03,5.0,128105.4,2135.09,Platinum
7940,1,3299.52,3299.52,Home & Kitchen,Desktop,Email Campaign,1,0.03,5.0,197971.2,3299.52,Platinum
7943,3,4124.2,1374.7333333333333,Fashion,Desktop,Paid Ads,89,2.97,1.0101,16663.42,4124.2,Bronze
7945,1,680.4,680.4,Electronics,Desktop,Email Campaign,1,0.03,5.0,40824.0,680.4,Silver
7946,3,2729.7799999999997,909.9266666666666,Grocery,Desktop,Email Campaign,285,9.5,0.3158,3448.26,2729.78,Bronze
7947,2,6286.3099999999995,3143.1549999999997,Electronics,Desktop,Organic Search,178,5.93,0.3373,12722.23,6286.31,Bronze
7949,2,4683.13,2341.565,Beauty & Personal Care,Desktop,Direct,73,2.43,0.823,23125.3,4683.13,Silver
7950,1,4472.26,4472.26,Toys & Baby,Tablet,Organic Search,1,0.03,5.0,268335.6,4472.26,Platinum
7953,1,4467.16,4467.16,Books,Desktop,Referral,1,0.03,5.0,268029.6,4467.16,Platinum
7954,1,1396.65,1396.65,Sports & Fitness,Desktop,Referral,1,0.03,5.0,83799.0,1396.65,Gold
7958,1,2295.92,2295.92,Home & Kitchen,Mobile,Email Campaign,1,0.03,5.0,137755.2,2295.92,Platinum
7959,1,481.52,481.52,Sports & Fitness,Desktop,Organic Search,1,0.03,5.0,28891.2,481.52,Silver
7961,4,7820.57,1955.1425,Electronics,Desktop,Organic Search,104,3.47,1.1527,27044.31,7820.57,Silver
7962,1,866.79,866.79,Sports & Fitness,Mobile,Email Campaign,1,0.03,5.0,52007.4,866.79,Silver
7963,2,9165.64,4582.82,Books,Desktop,Direct,19,0.63,3.1746,174583.44,9165.64,Platinum
7964,2,1906.0500000000002,953.0250000000001,Electronics,Mobile,Direct,1,0.03,5.0,57181.5,1906.05,Gold
7967,1,2239.58,2239.58,Books,Mobile,Email Campaign,1,0.03,5.0,134374.8,2239.58,Platinum
7968,1,1829.14,1829.14,Electronics,Desktop,Organic Search,1,0.03,5.0,109748.4,1829.14,Gold
7969,1,2308.38,2308.38,Fashion,Desktop,Referral,1,0.03,5.0,138502.8,2308.38,Platinum
7970,2,8419.46,4209.73,Books,Desktop,Paid Ads,23,0.77,2.5974,131212.23,8419.46,Platinum
7976,1,3931.05,3931.05,Books,Desktop,Referral,1,0.03,5.0,235863.0,3931.05,Platinum
7977,1,294.93,294.93,Sports & Fitness,Mobile,Email Campaign,1,0.03,5.0,17695.8,294.93,Bronze
7979,1,1203.17,1203.17,Grocery,Desktop,Referral,1,0.03,5.0,72190.2,1203.17,Gold
7980,1,3475.52,3475.52,Home & Kitchen,Desktop,Direct,1,0.03,5.0,208531.2,3475.52,Platinum
7981,2,1536.51,768.255,Beauty & Personal Care,Desktop,Direct,194,6.47,0.3091,2849.61,1536.51,Bronze
7983,1,1115.12,1115.12,Beauty & Personal Care,Desktop,Referral,1,0.03,5.0,66907.2,1115.12,Gold
7984,1,746.06,746.06,Sports & Fitness,Desktop,Referral,1,0.03,5.0,44763.6,746.06,Silver
7986,3,9308.619999999999,3102.873333333333,Home & Kitchen,Desktop,Direct,95,3.17,0.9464,35238.71,9308.62,Silver
7991,1,768.33,768.33,Electronics,Desktop,Organic Search,1,0.03,5.0,46099.8,768.33,Silver
8000,3,7130.549999999999,2376.85,Beauty & Personal Care,Desktop,Direct,218,7.27,0.4127,11771.11,7130.55,Bronze
8001,2,2776.42,1388.21,Electronics,Desktop,Direct,131,4.37,0.4577,7624.6,2776.42,Bronze
8004,1,858.02,858.02,Grocery,Desktop,Organic Search,1,0.03,5.0,51481.2,858.02,Silver
8006,2,2218.42,1109.21,Grocery,Mobile,Direct,199,6.63,0.3017,4015.78,2218.42,Bronze
8007,1,1350.69,1350.69,Grocery,Mobile,Social Media,1,0.03,5.0,81041.4,1350.69,Gold
8011,1,524.31,524.31,Sports & Fitness,Mobile,Email Campaign,1,0.03,5.0,31458.6,524.31,Silver
8012,1,4163.64,4163.64,Home & Kitchen,Mobile,Social Media,1,0.03,5.0,249818.4,4163.64,Platinum
8013,2,1969.25,984.625,Electronics,Mobile,Direct,116,3.87,0.5168,6106.25,1969.25,Bronze
8015,2,1324.69,662.345,Fashion,Desktop,Direct,68,2.27,0.8811,7003.11,1324.69,Bronze
8017,1,1676.36,1676.36,Grocery,Mobile,Organic Search,1,0.03,5.0,100581.6,1676.36,Gold
8018,1,1257.07,1257.07,Toys & Baby,Desktop,Referral,1,0.03,5.0,75424.2,1257.07,Gold
8020,1,723.1,723.1,Electronics,Desktop,Direct,1,0.03,5.0,43386.0,723.1,Silver
8021,1,179.97,179.97,Sports & Fitness,Desktop,Social Media,1,0.03,5.0,10798.2,179.97,Bronze
8023,2,5623.85,2811.925,Beauty & Personal Care,Desktop,Direct,38,1.27,1.5748,53138.63,5623.85,Silver
8024,1,660.96,660.96,Sports & Fitness,Desktop,Direct,1,0.03,5.0,39657.6,660.96,Silver
8025,1,570.85,570.85,Toys & Baby,Mobile,Direct,1,0.03,5.0,34251.0,570.85,Silver
8026,1,3906.7,3906.7,Beauty & Personal Care,Desktop,Social Media,1,0.03,5.0,234402.0,3906.7,Platinum
8028,2,5580.9,2790.45,Books,Mobile,Email Campaign,26,0.87,2.2989,76979.59,5580.9,Gold
8029,1,1642.91,1642.91,Electronics,Mobile,Referral,1,0.03,5.0,98574.6,1642.91,Gold
8032,2,5992.95,2996.475,Books,Desktop,Referral,119,3.97,0.5038,18115.49,5992.95,Bronze
8034,1,2815.04,2815.04,Fashion,Desktop,Direct,1,0.03,5.0,168902.4,2815.04,Platinum
8035,2,4250.4,2125.2,Fashion,Desktop,Organic Search,151,5.03,0.3976,10139.75,4250.4,Bronze
8037,2,4587.35,2293.675,Books,Desktop,Social Media,111,3.7,0.5405,14876.78,4587.35,Bronze
8038,1,976.61,976.61,Toys & Baby,Mobile,Paid Ads,1,0.03,5.0,58596.6,976.61,Gold
8043,1,1128.24,1128.24,Grocery,Desktop,Email Campaign,1,0.03,5.0,67694.4,1128.24,Gold
8046,1,7524.36,7524.36,Home & Kitchen,Tablet,Social Media,1,0.03,5.0,451461.6,7524.36,Platinum
8047,1,497.81,497.81,Grocery,Desktop,Direct,1,0.03,5.0,29868.6,497.81,Silver
8048,1,1498.6,1498.6,Home & Kitchen,Mobile,Email Campaign,1,0.03,5.0,89916.0,1498.6,Gold
8049,2,2652.58,1326.29,Fashion,Mobile,Organic Search,67,2.23,0.8969,14274.59,2652.58,Bronze
8051,3,3749.42,1249.8066666666666,Books,Desktop,Paid Ads,71,2.37,1.2658,18984.06,3749.42,Bronze
8054,1,5136.36,5136.36,Toys & Baby,Desktop,Social Media,1,0.03,5.0,308181.6,5136.36,Platinum
8057,1,1342.96,1342.96,Grocery,Mobile,Social Media,1,0.03,5.0,80577.6,1342.96,Gold
8058,1,2755.16,2755.16,Books,Mobile,Direct,1,0.03,5.0,165309.6,2755.16,Platinum
8059,1,346.25,346.25,Books,Desktop,Direct,1,0.03,5.0,20775.0,346.25,Silver
8062,1,343.08,343.08,Sports & Fitness,Mobile,Email Campaign,1,0.03,5.0,20584.8,343.08,Silver
8064,1,2374.28,2374.28,Fashion,Tablet,Paid Ads,1,0.03,5.0,142456.8,2374.28,Platinum
8066,2,2040.3500000000001,1020.1750000000001,Electronics,Desktop,Organic Search,142,4.73,0.4228,5175.96,2040.35,Bronze
8067,1,473.21,473.21,Sports & Fitness,Mobile,Email Campaign,1,0.03,5.0,28392.6,473.21,Silver
8072,1,2643.48,2643.48,Electronics,Mobile,Organic Search,1,0.03,5.0,158608.8,2643.48,Platinum
8073,1,1453.04,1453.04,Books,Tablet,Organic Search,1,0.03,5.0,87182.4,1453.04,Gold
8076,1,2536.72,2536.72,Books,Desktop,Paid Ads,1,0.03,5.0,152203.2,2536.72,Platinum
8077,1,1175.29,1175.29,Beauty & Personal Care,Desktop,Paid Ads,1,0.03,5.0,70517.4,1175.29,Gold
8078,2,10990.96,5495.48,Books,Desktop,Referral,137,4.57,0.4376,28857.86,10990.96,Silver
8079,3,2927.23,975.7433333333333,Beauty & Personal Care,Mobile,Email Campaign,38,1.27,2.3622,27658.81,2927.23,Silver
8080,3,4035.71,1345.2366666666667,Books,Mobile,Paid Ads,236,7.87,0.3812,6153.65,4035.71,Bronze
8081,2,1068.72,534.36,Beauty & Personal Care,Desktop,Email Campaign,153,5.1,0.3922,2514.91,1068.72,Bronze
8082,1,2501.2,2501.2,Home & Kitchen,Desktop,Direct,1,0.03,5.0,150072.0,2501.2,Platinum
8084,1,3994.6,3994.6,Electronics,Desktop,Social Media,1,0.03,5.0,239676.0,3994.6,Platinum
8085,2,9065.48,4532.74,Home & Kitchen,Desktop,Email Campaign,36,1.2,1.6667,90656.61,9065.48,Gold
8087,1,6735.0,6735.0,Books,Mobile,Social Media,1,0.03,5.0,404100.0,6735.0,Platinum
8088,1,2549.44,2549.44,Books,Mobile,Social Media,1,0.03,5.0,152966.4,2549.44,Platinum
8089,2,849.45,424.725,Electronics,Desktop,Email Campaign,61,2.03,0.9852,5021.27,849.45,Bronze
8090,1,3257.98,3257.98,Beauty & Personal Care,Mobile,Paid Ads,1,0.03,5.0,195478.8,3257.98,Platinum
8095,1,285.3,285.3,Books,Desktop,Direct,1,0.03,5.0,17118.0,285.3,Bronze
8101,1,1016.62,1016.62,Home & Kitchen,Mobile,Referral,1,0.03,5.0,60997.2,1016.62,Gold
8108,1,467.03,467.03,Toys & Baby,Mobile,Referral,1,0.03,5.0,28021.8,467.03,Silver
8111,1,1489.64,1489.64,Fashion,Desktop,Social Media,1,0.03,5.0,89378.4,1489.64,Gold
8112,1,2903.94,2903.94,Electronics,Tablet,Organic Search,1,0.03,5.0,174236.4,2903.94,Platinum
8113,2,2766.07,1383.035,Beauty & Personal Care,Desktop,Direct,30,1.0,2.0,33192.84,2766.07,Silver
8114,1,1373.38,1373.38,Toys & Baby,Desktop,Paid Ads,1,0.03,5.0,82402.8,1373.38,Gold
8115,1,6333.5,6333.5,Books,Mobile,Organic Search,1,0.03,5.0,380010.0,6333.5,Platinum
8118,1,863.1,863.1,Sports & Fitness,Mobile,Social Media,1,0.03,5.0,51786.0,863.1,Silver
8124,1,1617.56,1617.56,Toys & Baby,Desktop,Direct,1,0.03,5.0,97053.6,1617.56,Gold
8125,1,337.34,337.34,Electronics,Mobile,Referral,1,0.03,5.0,20240.4,337.34,Silver
8129,1,4614.6,4614.6,Toys & Baby,Tablet,Direct,1,0.03,5.0,276876.0,4614.6,Platinum
8130,2,1930.8999999999999,965.4499999999999,Home & Kitchen,Desktop,Organic Search,9,0.3,5.0,57927.0,1930.9,Gold
8131,1,1220.33,1220.33,Books,Desktop,Organic Search,1,0.03,5.0,73219.8,1220.33,Gold
8132,1,433.2,433.2,Sports & Fitness,Mobile,Organic Search,1,0.03,5.0,25992.0,433.2,Silver
8133,1,2994.62,2994.62,Toys & Baby,Desktop,Organic Search,1,0.03,5.0,179677.2,2994.62,Platinum
8136,1,5074.32,5074.32,Books,Desktop,Direct,1,0.03,5.0,304459.2,5074.32,Platinum
8141,1,774.12,774.12,Sports & Fitness,Mobile,Referral,1,0.03,5.0,46447.2,774.12,Silver
8147,1,3398.84,3398.84,Books,Desktop,Paid Ads,1,0.03,5.0,203930.4,3398.84,Platinum
8148,1,1061.45,1061.45,Electronics,Desktop,Direct,1,0.03,5.0,63687.0,1061.45,Gold
8151,1,3365.22,3365.22,Grocery,Mobile,Email Campaign,1,0.03,5.0,201913.2,3365.22,Platinum
8152,1,158.47,158.47,Sports & Fitness,Mobile,Social Media,1,0.03,5.0,9508.2,158.47,Bronze
8153,1,472.34,472.34,Fashion,Desktop,Social Media,1,0.03,5.0,28340.4,472.34,Silver
8154,1,780.49,780.49,Sports & Fitness,Mobile,Referral,1,0.03,5.0,46829.4,780.49,Silver
8158,1,1891.73,1891.73,Home & Kitchen,Desktop,Email Campaign,1,0.03,5.0,113503.8,1891.73,Gold
8159,1,531.01,531.01,Books,Desktop,Referral,1,0.03,5.0,31860.6,531.01,Silver
8160,3,2902.92,967.64,Books,Mobile,Email Campaign,78,2.6,1.1538,13397.56,2902.92,Bronze
8161,3,2982.8999999999996,994.2999999999998,Books,Desktop,Email Campaign,204,6.8,0.4412,5264.22,2982.9,Bronze
8162,2,2871.3199999999997,1435.6599999999999,Electronics,Desktop,Direct,148,4.93,0.4057,6989.37,2871.32,Bronze
8163,1,2861.35,2861.35,Home & Kitchen,Mobile,Paid Ads,1,0.03,5.0,171681.0,2861.35,Platinum
8166,1,3468.5,3468.5,Home & Kitchen,Desktop,Organic Search,1,0.03,5.0,208110.0,3468.5,Platinum
8167,1,2077.19,2077.19,Beauty & Personal Care,Desktop,Referral,1,0.03,5.0,124631.4,2077.19,Platinum
8169,1,690.6,690.6,Grocery,Desktop,Social Media,1,0.03,5.0,41436.0,690.6,Silver
8174,1,2136.93,2136.93,Electronics,Tablet,Organic Search,1,0.03,5.0,128215.8,2136.93,Platinum
8175,1,871.73,871.73,Toys & Baby,Mobile,Direct,1,0.03,5.0,52303.8,871.73,Silver
8176,2,4394.09,2197.045,Beauty & Personal Care,Desktop,Direct,116,3.87,0.5168,13625.19,4394.09,Bronze
8181,2,1670.94,835.47,Grocery,Desktop,Direct,118,3.93,0.5089,5102.05,1670.94,Bronze
8182,1,1131.14,1131.14,Sports & Fitness,Desktop,Organic Search,1,0.03,5.0,67868.4,1131.14,Gold
8184,1,3504.28,3504.28,Toys & Baby,Desktop,Organic Search,1,0.03,5.0,210256.8,3504.28,Platinum
8185,1,1032.75,1032.75,Sports & Fitness,Mobile,Referral,1,0.03,5.0,61965.0,1032.75,Gold
8188,1,347.82,347.82,Sports & Fitness,Desktop,Email Campaign,1,0.03,5.0,20869.2,347.82,Silver
8191,1,800.07,800.07,Fashion,Mobile,Direct,1,0.03,5.0,48004.2,800.07,Silver
8192,2,2929.4399999999996,1464.7199999999998,Toys & Baby,Desktop,Paid Ads,8,0.27,5.0,87883.2,2929.44,Gold
8193,1,2563.56,2563.56,Fashion,Desktop,Direct,1,0.03,5.0,153813.6,2563.56,Platinum
8194,1,2524.81,2524.81,Electronics,Mobile,Direct,1,0.03,5.0,151488.6,2524.81,Platinum
8198,1,473.9,473.9,Electronics,Mobile,Direct,1,0.03,5.0,28434.0,473.9,Silver
8199,1,536.47,536.47,Sports & Fitness,Mobile,Organic Search,1,0.03,5.0,32188.2,536.47,Silver
8200,1,891.44,891.44,Sports & Fitness,Desktop,Paid Ads,1,0.03,5.0,53486.4,891.44,Silver
8201,1,4065.7,4065.7,Home & Kitchen,Desktop,Paid Ads,1,0.03,5.0,243942.0,4065.7,Platinum
8202,2,2980.89,1490.445,Books,Desktop,Paid Ads,5,0.17,5.0,89426.7,2980.89,Gold
8203,1,727.13,727.13,Beauty & Personal Care,Desktop,Email Campaign,1,0.03,5.0,43627.8,727.13,Silver
8204,2,2233.63,1116.815,Electronics,Desktop,Email Campaign,69,2.3,0.8696,11654.19,2233.63,Bronze
8205,1,1170.69,1170.69,Home & Kitchen,Mobile,Referral,1,0.03,5.0,70241.4,1170.69,Gold
8208,1,3471.06,3471.06,Toys & Baby,Tablet,Referral,1,0.03,5.0,208263.6,3471.06,Platinum
8209,3,1909.0900000000001,636.3633333333333,Beauty & Personal Care,Mobile,Email Campaign,70,2.33,1.2876,9832.58,1909.09,Bronze
8211,1,1905.14,1905.14,Toys & Baby,Desktop,Referral,1,0.03,5.0,114308.4,1905.14,Gold
8212,1,621.0,621.0,Fashion,Mobile,Organic Search,1,0.03,5.0,37260.0,621.0,Silver
8214,1,181.72,181.72,Sports & Fitness,Mobile,Referral,1,0.03,5.0,10903.2,181.72,Bronze
8215,3,4527.92,1509.3066666666666,Fashion,Desktop,Email Campaign,182,6.07,0.4942,8950.79,4527.92,Bronze
8216,1,1230.89,1230.89,Electronics,Desktop,Paid Ads,1,0.03,5.0,73853.4,1230.89,Gold
8217,1,3961.96,3961.96,Home & Kitchen,Mobile,Direct,1,0.03,5.0,237717.6,3961.96,Platinum
8221,1,754.82,754.82,Grocery,Desktop,Organic Search,1,0.03,5.0,45289.2,754.82,Silver
8224,1,2133.32,2133.32,Electronics,Mobile,Referral,1,0.03,5.0,127999.2,2133.32,Platinum
8225,1,789.93,789.93,Electronics,Desktop,Email Campaign,1,0.03,5.0,47395.8,789.93,Silver
8232,1,1348.53,1348.53,Home & Kitchen,Mobile,Paid Ads,1,0.03,5.0,80911.8,1348.53,Gold
8234,1,178.82,178.82,Fashion,Mobile,Paid Ads,1,0.03,5.0,10729.2,178.82,Bronze
8240,2,2746.0600000000004,1373.0300000000002,Books,Desktop,Direct,37,1.23,1.626,26790.56,2746.06,Silver
8241,3,5663.889999999999,1887.9633333333331,Fashion,Desktop,Direct,228,7.6,0.3947,8942.15,5663.89,Bronze
8242,1,251.78,251.78,Sports & Fitness,Desktop,Email Campaign,1,0.03,5.0,15106.8,251.78,Bronze
8244,1,3905.96,3905.96,Books,Tablet,Paid Ads,1,0.03,5.0,234357.6,3905.96,Platinum
8251,1,105.49,105.49,Sports & Fitness,Mobile,Direct,1,0.03,5.0,6329.4,105.49,Bronze
8255,1,1519.63,1519.63,Electronics,Desktop,Referral,1,0.03,5.0,91177.8,1519.63,Gold
8260,1,5959.84,5959.84,Toys & Baby,Mobile,Paid Ads,1,0.03,5.0,357590.4,5959.84,Platinum
8262,1,4317.9,4317.9,Toys & Baby,Mobile,Direct,1,0.03,5.0,259074.0,4317.9,Platinum
8264,1,968.33,968.33,Toys & Baby,Tablet,Referral,1,0.03,5.0,58099.8,968.33,Gold
8266,1,3312.18,3312.18,Grocery,Mobile,Organic Search,1,0.03,5.0,198730.8,3312.18,Platinum
8269,2,1975.36,987.68,Sports & Fitness,Desktop,Direct,30,1.0,2.0,23704.32,1975.36,Silver
8270,1,3130.19,3130.19,Home & Kitchen,Mobile,Referral,1,0.03,5.0,187811.4,3130.19,Platinum
8271,1,768.22,768.22,Books,Desktop,Paid Ads,1,0.03,5.0,46093.2,768.22,Silver
8274,2,7555.72,3777.86,Beauty & Personal Care,Desktop,Referral,107,3.57,0.5602,25396.29,7555.72,Silver
8277,1,294.08,294.08,Fashion,Desktop,Direct,1,0.03,5.0,17644.8,294.08,Bronze
8279,2,4420.7300000000005,2210.3650000000002,Books,Desktop,Organic Search,80,2.67,0.7491,19869.41,4420.73,Silver
8280,1,181.58,181.58,Sports & Fitness,Desktop,Social Media,1,0.03,5.0,10894.8,181.58,Bronze
8284,1,4197.54,4197.54,Books,Mobile,Social Media,1,0.03,5.0,251852.4,4197.54,Platinum
8288,1,1613.82,1613.82,Fashion,Desktop,Direct,1,0.03,5.0,96829.2,1613.82,Gold
8289,2,2183.03,1091.515,Books,Desktop,Paid Ads,157,5.23,0.3824,5008.74,2183.03,Bronze
8291,2,1136.8400000000001,568.4200000000001,Fashion,Mobile,Email Campaign,126,4.2,0.4762,3248.18,1136.84,Bronze
8293,1,2968.16,2968.16,Electronics,Mobile,Referral,1,0.03,5.0,178089.6,2968.16,Platinum
8299,1,364.97,364.97,Sports & Fitness,Mobile,Paid Ads,1,0.03,5.0,21898.2,364.97,Silver
8301,1,161.23,161.23,Sports & Fitness,Desktop,Organic Search,1,0.03,5.0,9673.8,161.23,Bronze
8304,1,230.98,230.98,Sports & Fitness,Desktop,Email Campaign,1,0.03,5.0,13858.8,230.98,Bronze
8305,1,455.16,455.16,Toys & Baby,Desktop,Social Media,1,0.03,5.0,27309.6,455.16,Silver
8306,2,2189.42,1094.71,Electronics,Desktop,Email Campaign,262,8.73,0.2291,3009.58,2189.42,Bronze
8307,1,1939.05,1939.05,Home & Kitchen,Tablet,Paid Ads,1,0.03,5.0,116343.0,1939.05,Gold
8308,1,3630.95,3630.95,Toys & Baby,Desktop,Referral,1,0.03,5.0,217857.0,3630.95,Platinum
8311,2,4807.780000000001,2403.8900000000003,Beauty & Personal Care,Desktop,Direct,318,10.6,0.1887,5443.37,4807.78,Bronze
8314,1,2147.47,2147.47,Home & Kitchen,Desktop,Social Media,1,0.03,5.0,128848.2,2147.47,Platinum
8316,1,1579.93,1579.93,Sports & Fitness,Desktop,Organic Search,1,0.03,5.0,94795.8,1579.93,Gold
8320,1,389.97,389.97,Electronics,Desktop,Social Media,1,0.03,5.0,23398.2,389.97,Silver
8321,1,1230.16,1230.16,Toys & Baby,Tablet,Email Campaign,1,0.03,5.0,73809.6,1230.16,Gold
8324,2,5046.5199999999995,2523.2599999999998,Home & Kitchen,Desktop,Direct,151,5.03,0.3976,12038.98,5046.52,Bronze
8326,2,7153.35,3576.675,Toys & Baby,Desktop,Email Campaign,49,1.63,1.227,52662.96,7153.35,Silver
8327,3,4247.0599999999995,1415.6866666666665,Electronics,Desktop,Email Campaign,247,8.23,0.3645,6192.21,4247.06,Bronze
8328,1,745.77,745.77,Fashion,Tablet,Direct,1,0.03,5.0,44746.2,745.77,Silver
8330,1,2293.24,2293.24,Fashion,Desktop,Organic Search,1,0.03,5.0,137594.4,2293.24,Platinum
8331,1,1409.88,1409.88,Toys & Baby,Mobile,Referral,1,0.03,5.0,84592.8,1409.88,Gold
8332,1,3381.7,3381.7,Beauty & Personal Care,Mobile,Paid Ads,1,0.03,5.0,202902.0,3381.7,Platinum
8333,1,2551.71,2551.71,Grocery,Desktop,Direct,1,0.03,5.0,153102.6,2551.71,Platinum
8337,1,4229.2,4229.2,Books,Mobile,Direct,1,0.03,5.0,253752.0,4229.2,Platinum
8338,1,4820.48,4820.48,Books,Desktop,Email Campaign,1,0.03,5.0,289228.8,4820.48,Platinum
8340,2,2735.21,1367.605,Beauty & Personal Care,Tablet,Paid Ads,236,7.87,0.2541,4170.1,2735.21,Bronze
8341,3,4810.91,1603.6366666666665,Books,Desktop,Direct,186,6.2,0.4839,9312.0,4810.91,Bronze
8345,1,5525.43,5525.43,Home & Kitchen,Desktop,Direct,1,0.03,5.0,331525.8,5525.43,Platinum
8346,1,2766.34,2766.34,Grocery,Desktop,Paid Ads,1,0.03,5.0,165980.4,2766.34,Platinum
8347,2,1873.3,936.65,Grocery,Desktop,Direct,148,4.93,0.4057,4559.99,1873.3,Bronze
8348,1,1433.37,1433.37,Sports & Fitness,Desktop,Referral,1,0.03,5.0,86002.2,1433.37,Gold
8353,1,661.66,661.66,Home & Kitchen,Mobile,Social Media,1,0.03,5.0,39699.6,661.66,Silver
8354,1,1709.72,1709.72,Home & Kitchen,Desktop,Direct,1,0.03,5.0,102583.2,1709.72,Gold
8356,1,500.76,500.76,Fashion,Desktop,Paid Ads,1,0.03,5.0,30045.6,500.76,Silver
8359,1,533.12,533.12,Sports & Fitness,Desktop,Social Media,1,0.03,5.0,31987.2,533.12,Silver
8360,1,1413.61,1413.61,Grocery,Desktop,Organic Search,1,0.03,5.0,84816.6,1413.61,Gold
8361,1,1512.3,1512.3,Home & Kitchen,Desktop,Paid Ads,1,0.03,5.0,90738.0,1512.3,Gold
8363,3,2826.15,942.0500000000001,Electronics,Desktop,Email Campaign,134,4.47,0.6711,7586.52,2826.15,Bronze
8365,1,1254.16,1254.16,Toys & Baby,Mobile,Direct,1,0.03,5.0,75249.6,1254.16,Gold
8367,1,445.64,445.64,Sports & Fitness,Desktop,Social Media,1,0.03,5.0,26738.4,445.64,Silver
8368,1,1494.77,1494.77,Beauty & Personal Care,Mobile,Paid Ads,1,0.03,5.0,89686.2,1494.77,Gold
8369,1,1541.6,1541.6,Beauty & Personal Care,Desktop,Organic Search,1,0.03,5.0,92496.0,1541.6,Gold
8373,1,4449.76,4449.76,Toys & Baby,Mobile,Paid Ads,1,0.03,5.0,266985.6,4449.76,Platinum
8375,1,1009.08,1009.08,Books,Mobile,Organic Search,1,0.03,5.0,60544.8,1009.08,Gold
8376,1,3116.76,3116.76,Home & Kitchen,Desktop,Referral,1,0.03,5.0,187005.6,3116.76,Platinum
8377,3,5287.29,1762.43,Books,Mobile,Referral,236,7.87,0.3812,8062.06,5287.29,Bronze
8379,2,6343.4400000000005,3171.7200000000003,Beauty & Personal Care,Desktop,Direct,333,11.1,0.1802,6858.53,6343.44,Bronze
8381,1,3119.76,3119.76,Beauty & Personal Care,Mobile,Email Campaign,1,0.03,5.0,187185.6,3119.76,Platinum
8384,1,2970.6,2970.6,Fashion,Desktop,Social Media,1,0.03,5.0,178236.0,2970.6,Platinum
8386,1,1956.24,1956.24,Toys & Baby,Desktop,Direct,1,0.03,5.0,117374.4,1956.24,Gold
8388,1,559.57,559.57,Fashion,Tablet,Social Media,1,0.03,5.0,33574.2,559.57,Silver
8389,1,172.62,172.62,Sports & Fitness,Desktop,Email Campaign,1,0.03,5.0,10357.2,172.62,Bronze
8391,1,356.0,356.0,Toys & Baby,Mobile,Referral,1,0.03,5.0,21360.0,356.0,Silver
8392,1,849.1,849.1,Fashion,Mobile,Email Campaign,1,0.03,5.0,50946.0,849.1,Silver
8393,2,2315.84,1157.92,Books,Desktop,Direct,239,7.97,0.2509,3486.27,2315.84,Bronze
8396,1,2087.94,2087.94,Books,Mobile,Social Media,1,0.03,5.0,125276.4,2087.94,Platinum
8399,1,5679.92,5679.92,Toys & Baby,Tablet,Email Campaign,1,0.03,5.0,340795.2,5679.92,Platinum
8402,1,3047.6,3047.6,Books,Desktop,Organic Search,1,0.03,5.0,182856.0,3047.6,Platinum
8404,1,1205.43,1205.43,Books,Mobile,Paid Ads,1,0.03,5.0,72325.8,1205.43,Gold
8406,1,332.05,332.05,Fashion,Tablet,Direct,1,0.03,5.0,19923.0,332.05,Silver
8408,3,2694.22,898.0733333333333,Grocery,Mobile,Direct,116,3.87,0.7752,8354.24,2694.22,Bronze
8412,1,644.06,644.06,Beauty & Personal Care,Desktop,Social Media,1,0.03,5.0,38643.6,644.06,Silver
8417,1,3586.6,3586.6,Books,Desktop,Direct,1,0.03,5.0,215196.0,3586.6,Platinum
8418,1,1131.79,1131.79,Fashion,Mobile,Email Campaign,1,0.03,5.0,67907.4,1131.79,Gold
8421,2,7162.7,3581.35,Grocery,Mobile,Organic Search,1,0.03,5.0,214881.0,7162.7,Platinum
8423,1,1148.1,1148.1,Fashion,Tablet,Paid Ads,1,0.03,5.0,68886.0,1148.1,Gold
8425,1,2831.48,2831.48,Home & Kitchen,Mobile,Referral,1,0.03,5.0,169888.8,2831.48,Platinum
8427,1,578.45,578.45,Sports & Fitness,Mobile,Referral,1,0.03,5.0,34707.0,578.45,Silver
8428,1,3418.56,3418.56,Books,Desktop,Organic Search,1,0.03,5.0,205113.6,3418.56,Platinum
8429,1,2268.96,2268.96,Electronics,Tablet,Social Media,1,0.03,5.0,136137.6,2268.96,Platinum
8430,1,1989.15,1989.15,Fashion,Desktop,Organic Search,1,0.03,5.0,119349.0,1989.15,Gold
8431,1,1156.05,1156.05,Books,Tablet,Referral,1,0.03,5.0,69363.0,1156.05,Gold
8433,2,957.02,478.51,Sports & Fitness,Mobile,Email Campaign,83,2.77,0.722,4145.81,957.02,Bronze
8435,2,8343.869999999999,4171.9349999999995,Grocery,Desktop,Email Campaign,325,10.83,0.1847,9246.68,8343.87,Bronze
8437,1,775.08,775.08,Books,Desktop,Social Media,1,0.03,5.0,46504.8,775.08,Silver
8439,1,2060.77,2060.77,Electronics,Desktop,Paid Ads,1,0.03,5.0,123646.2,2060.77,Gold
8442,2,877.52,438.76,Sports & Fitness,Desktop,Direct,2,0.07,5.0,26325.6,877.52,Silver
8445,1,2208.34,2208.34,Books,Mobile,Paid Ads,1,0.03,5.0,132500.4,2208.34,Platinum
8446,1,1526.76,1526.76,Books,Desktop,Paid Ads,1,0.03,5.0,91605.6,1526.76,Gold
8447,1,1223.2,1223.2,Beauty & Personal Care,Mobile,Social Media,1,0.03,5.0,73392.0,1223.2,Gold
8448,1,2907.24,2907.24,Electronics,Desktop,Organic Search,1,0.03,5.0,174434.4,2907.24,Platinum
8450,1,1441.74,1441.74,Toys & Baby,Mobile,Organic Search,1,0.03,5.0,86504.4,1441.74,Gold
8452,1,1298.49,1298.49,Beauty & Personal Care,Mobile,Email Campaign,1,0.03,5.0,77909.4,1298.49,Gold
8453,2,4193.09,2096.545,Books,Desktop,Paid Ads,71,2.37,0.8439,21231.29,4193.09,Silver
8454,1,2570.53,2570.53,Books,Mobile,Direct,1,0.03,5.0,154231.8,2570.53,Platinum
8455,1,2611.74,2611.74,Beauty & Personal Care,Tablet,Email Campaign,1,0.03,5.0,156704.4,2611.74,Platinum
8459,1,256.5,256.5,Sports & Fitness,Desktop,Referral,1,0.03,5.0,15390.0,256.5,Bronze
8460,2,1505.1599999999999,752.5799999999999,Electronics,Desktop,Email Campaign,29,0.97,2.0619,18620.94,1505.16,Bronze
8461,1,2957.64,2957.64,Books,Desktop,Referral,1,0.03,5.0,177458.4,2957.64,Platinum
8464,1,2416.21,2416.21,Beauty & Personal Care,Mobile,Referral,1,0.03,5.0,144972.6,2416.21,Platinum
8465,1,1026.18,1026.18,Toys & Baby,Desktop,Social Media,1,0.03,5.0,61570.8,1026.18,Gold
8476,1,1177.25,1177.25,Electronics,Mobile,Social Media,1,0.03,5.0,70635.0,1177.25,Gold
8477,1,3485.94,3485.94,Home & Kitchen,Tablet,Referral,1,0.03,5.0,209156.4,3485.94,Platinum
8479,1,4037.22,4037.22,Home & Kitchen,Desktop,Organic Search,1,0.03,5.0,242233.2,4037.22,Platinum
8481,1,1359.36,1359.36,Grocery,Mobile,Direct,1,0.03,5.0,81561.6,1359.36,Gold
8483,1,1608.1,1608.1,Home & Kitchen,Desktop,Paid Ads,1,0.03,5.0,96486.0,1608.1,Gold
8487,1,1353.2,1353.2,Books,Mobile,Email Campaign,1,0.03,5.0,81192.0,1353.2,Gold
8490,1,2438.69,2438.69,Books,Mobile,Referral,1,0.03,5.0,146321.4,2438.69,Platinum
8491,1,641.31,641.31,Electronics,Desktop,Social Media,1,0.03,5.0,38478.6,641.31,Silver
8498,1,1381.46,1381.46,Home & Kitchen,Desktop,Social Media,1,0.03,5.0,82887.6,1381.46,Gold
8499,2,5686.5,2843.25,Beauty & Personal Care,Desktop,Email Campaign,80,2.67,0.7491,25558.54,5686.5,Silver
8501,3,1883.69,627.8966666666666,Electronics,Desktop,Referral,171,5.7,0.5263,3965.54,1883.69,Bronze
8503,1,465.46,465.46,Books,Desktop,Organic Search,1,0.03,5.0,27927.6,465.46,Silver
8505,1,3055.39,3055.39,Toys & Baby,Tablet,Referral,1,0.03,5.0,183323.4,3055.39,Platinum
8507,2,1832.87,916.435,Fashion,Desktop,Organic Search,32,1.07,1.8692,20556.0,1832.87,Silver
8509,1,189.03,189.03,Sports & Fitness,Tablet,Email Campaign,1,0.03,5.0,11341.8,189.03,Bronze
8510,1,1105.66,1105.66,Beauty & Personal Care,Mobile,Social Media,1,0.03,5.0,66339.6,1105.66,Gold
8512,1,3782.55,3782.55,Books,Tablet,Paid Ads,1,0.03,5.0,226953.0,3782.55,Platinum
8515,1,3550.8,3550.8,Beauty & Personal Care,Desktop,Direct,1,0.03,5.0,213048.0,3550.8,Platinum
8521,1,1906.36,1906.36,Toys & Baby,Desktop,Referral,1,0.03,5.0,114381.6,1906.36,Gold
8525,1,1629.86,1629.86,Books,Mobile,Organic Search,1,0.03,5.0,97791.6,1629.86,Gold
8526,1,1161.24,1161.24,Electronics,Tablet,Email Campaign,1,0.03,5.0,69674.4,1161.24,Gold
8527,2,1299.31,649.655,Books,Desktop,Email Campaign,179,5.97,0.335,2611.61,1299.31,Bronze
8528,1,2383.85,2383.85,Electronics,Desktop,Direct,1,0.03,5.0,143031.0,2383.85,Platinum
8529,1,619.92,619.92,Sports & Fitness,Desktop,Social Media,1,0.03,5.0,37195.2,619.92,Silver
8531,3,5049.22,1683.0733333333335,Books,Mobile,Direct,202,6.73,0.4458,9003.77,5049.22,Bronze
8533,1,3440.16,3440.16,Home & Kitchen,Desktop,Paid Ads,1,0.03,5.0,206409.6,3440.16,Platinum
8534,1,5044.07,5044.07,Beauty & Personal Care,Desktop,Organic Search,1,0.03,5.0,302644.2,5044.07,Platinum
8535,1,3574.05,3574.05,Books,Mobile,Paid Ads,1,0.03,5.0,214443.0,3574.05,Platinum
8538,1,2521.33,2521.33,Beauty & Personal Care,Desktop,Referral,1,0.03,5.0,151279.8,2521.33,Platinum
8541,1,769.54,769.54,Grocery,Desktop,Referral,1,0.03,5.0,46172.4,769.54,Silver
8542,1,1311.94,1311.94,Toys & Baby,Tablet,Direct,1,0.03,5.0,78716.4,1311.94,Gold
8545,2,2476.46,1238.23,Home & Kitchen,Desktop,Organic Search,94,3.13,0.639,9494.75,2476.46,Bronze
8546,2,3048.68,1524.34,Home & Kitchen,Mobile,Email Campaign,91,3.03,0.6601,12074.6,3048.68,Bronze
8547,1,269.49,269.49,Sports & Fitness,Tablet,Organic Search,1,0.03,5.0,16169.4,269.49,Bronze
8552,1,4360.83,4360.83,Home & Kitchen,Mobile,Referral,1,0.03,5.0,261649.8,4360.83,Platinum
8553,1,3504.67,3504.67,Toys & Baby,Desktop,Paid Ads,1,0.03,5.0,210280.2,3504.67,Platinum
8554,1,1425.75,1425.75,Books,Desktop,Referral,1,0.03,5.0,85545.0,1425.75,Gold
8556,1,317.38,317.38,Electronics,Mobile,Organic Search,1,0.03,5.0,19042.8,317.38,Bronze
8557,1,425.09,425.09,Grocery,Desktop,Social Media,1,0.03,5.0,25505.4,425.09,Silver
8558,1,1949.77,1949.77,Home & Kitchen,Desktop,Direct,1,0.03,5.0,116986.2,1949.77,Gold
8562,1,1920.3,1920.3,Toys & Baby,Mobile,Organic Search,1,0.03,5.0,115218.0,1920.3,Gold
8563,2,5281.4,2640.7,Books,Mobile,Organic Search,109,3.63,0.551,17460.31,5281.4,Bronze
8567,1,852.8,852.8,Sports & Fitness,Mobile,Referral,1,0.03,5.0,51168.0,852.8,Silver
8572,1,2339.99,2339.99,Grocery,Desktop,Organic Search,1,0.03,5.0,140399.4,2339.99,Platinum
8573,2,1965.52,982.76,Electronics,Desktop,Paid Ads,194,6.47,0.3091,3645.25,1965.52,Bronze
8574,1,1228.97,1228.97,Electronics,Mobile,Paid Ads,1,0.03,5.0,73738.2,1228.97,Gold
8575,1,1024.64,1024.64,Grocery,Desktop,Referral,1,0.03,5.0,61478.4,1024.64,Gold
8577,1,1363.78,1363.78,Sports & Fitness,Mobile,Paid Ads,1,0.03,5.0,81826.8,1363.78,Gold
8583,1,725.88,725.88,Sports & Fitness,Mobile,Direct,1,0.03,5.0,43552.8,725.88,Silver
8584,2,2063.11,1031.555,Books,Desktop,Email Campaign,293,9.77,0.2047,2533.91,2063.11,Bronze
8585,1,1133.7,1133.7,Beauty & Personal Care,Mobile,Referral,1,0.03,5.0,68022.0,1133.7,Gold
8586,2,4753.72,2376.86,Home & Kitchen,Mobile,Paid Ads,1,0.03,5.0,142611.6,4753.72,Platinum
8588,1,429.02,429.02,Beauty & Personal Care,Desktop,Organic Search,1,0.03,5.0,25741.2,429.02,Silver
8589,1,222.62,222.62,Sports & Fitness,Desktop,Paid Ads,1,0.03,5.0,13357.2,222.62,Bronze
8593,2,1393.39,696.695,Grocery,Desktop,Email Campaign,103,3.43,0.5831,4874.91,1393.39,Bronze
8595,1,3399.54,3399.54,Toys & Baby,Tablet,Paid Ads,1,0.03,5.0,203972.4,3399.54,Platinum
8596,1,1619.06,1619.06,Books,Desktop,Organic Search,1,0.03,5.0,97143.6,1619.06,Gold
8597,1,3589.02,3589.02,Beauty & Personal Care,Desktop,Social Media,1,0.03,5.0,215341.2,3589.02,Platinum
8603,1,5573.31,5573.31,Home & Kitchen,Desktop,Direct,1,0.03,5.0,334398.6,5573.31,Platinum
8604,1,2045.2,2045.2,Beauty & Personal Care,Desktop,Organic Search,1,0.03,5.0,122712.0,2045.2,Gold
8605,1,2349.79,2349.79,Toys & Baby,Desktop,Direct,1,0.03,5.0,140987.4,2349.79,Platinum
8608,3,11392.83,3797.61,Books,Desktop,Direct,319,10.63,0.2822,12860.23,11392.83,Bronze
8609,1,761.8,761.8,Electronics,Mobile,Social Media,1,0.03,5.0,45708.0,761.8,Silver
8610,1,206.4,206.4,Fashion,Desktop,Social Media,1,0.03,5.0,12384.0,206.4,Bronze
8611,1,5016.35,5016.35,Books,Desktop,Direct,1,0.03,5.0,300981.0,5016.35,Platinum
8613,3,4117.28,1372.4266666666665,Grocery,Desktop,Email Campaign,79,2.63,1.1407,18786.33,4117.28,Bronze
8614,2,1475.46,737.73,Grocery,Mobile,Paid Ads,128,4.27,0.4684,4146.63,1475.46,Bronze
8615,2,2043.3,1021.65,Books,Desktop,Email Campaign,11,0.37,5.0,61299.0,2043.3,Gold
8616,1,402.05,402.05,Electronics,Desktop,Email Campaign,1,0.03,5.0,24123.0,402.05,Silver
8617,1,633.84,633.84,Beauty & Personal Care,Desktop,Organic Search,1,0.03,5.0,38030.4,633.84,Silver
8622,1,1243.98,1243.98,Toys & Baby,Desktop,Organic Search,1,0.03,5.0,74638.8,1243.98,Gold
8624,1,1983.42,1983.42,Books,Tablet,Email Campaign,1,0.03,5.0,119005.2,1983.42,Gold
8625,1,860.52,860.52,Toys & Baby,Mobile,Organic Search,1,0.03,5.0,51631.2,860.52,Silver
8628,2,1378.9,689.45,Electronics,Desktop,Direct,243,8.1,0.2469,2042.7,1378.9,Bronze
8629,2,4782.21,2391.105,Fashion,Desktop,Paid Ads,76,2.53,0.7905,22682.02,4782.21,Silver
8630,1,321.92,321.92,Electronics,Mobile,Paid Ads,1,0.03,5.0,19315.2,321.92,Silver
8632,1,599.67,599.67,Electronics,Mobile,Referral,1,0.03,5.0,35980.2,599.67,Silver
8633,1,228.21,228.21,Sports & Fitness,Mobile,Paid Ads,1,0.03,5.0,13692.6,228.21,Bronze
8634,1,3000.21,3000.21,Books,Tablet,Referral,1,0.03,5.0,180012.6,3000.21,Platinum
8636,2,3314.53,1657.265,Electronics,Mobile,Email Campaign,51,1.7,1.1765,23397.27,3314.53,Silver
8638,1,1292.67,1292.67,Books,Mobile,Organic Search,1,0.03,5.0,77560.2,1292.67,Gold
8641,1,293.78,293.78,Electronics,Mobile,Social Media,1,0.03,5.0,17626.8,293.78,Bronze
8642,1,1284.44,1284.44,Electronics,Desktop,Paid Ads,1,0.03,5.0,77066.4,1284.44,Gold
8644,2,3074.87,1537.435,Books,Desktop,Direct,40,1.33,1.5038,27743.94,3074.87,Silver
8646,1,3080.44,3080.44,Books,Desktop,Referral,1,0.03,5.0,184826.4,3080.44,Platinum
8648,1,3620.26,3620.26,Toys & Baby,Desktop,Direct,1,0.03,5.0,217215.6,3620.26,Platinum
8650,1,1225.52,1225.52,Sports & Fitness,Mobile,Referral,1,0.03,5.0,73531.2,1225.52,Gold
8651,2,6519.0599999999995,3259.5299999999997,Electronics,Desktop,Email Campaign,197,6.57,0.3044,11906.41,6519.06,Bronze
8653,3,3744.0,1248.0,Books,Desktop,Email Campaign,49,1.63,1.8405,27563.33,3744.0,Silver
8654,1,247.18,247.18,Sports & Fitness,Tablet,Email Campaign,1,0.03,5.0,14830.8,247.18,Bronze
8655,1,773.69,773.69,Fashion,Tablet,Social Media,1,0.03,5.0,46421.4,773.69,Silver
8659,1,1051.56,1051.56,Sports & Fitness,Mobile,Email Campaign,1,0.03,5.0,63093.6,1051.56,Gold
8660,1,303.18,303.18,Sports & Fitness,Tablet,Referral,1,0.03,5.0,18190.8,303.18,Bronze
8664,1,1122.73,1122.73,Books,Desktop,Organic Search,1,0.03,5.0,67363.8,1122.73,Gold
8667,2,687.1899999999999,343.59499999999997,Electronics,Desktop,Direct,7,0.23,5.0,20615.7,687.19,Silver
8668,2,1320.7,660.35,Home & Kitchen,Mobile,Organic Search,22,0.73,2.7397,21709.93,1320.7,Silver
8670,1,192.56,192.56,Sports & Fitness,Mobile,Social Media,1,0.03,5.0,11553.6,192.56,Bronze
8674,1,419.8,419.8,Sports & Fitness,Desktop,Social Media,1,0.03,5.0,25188.0,419.8,Silver
8677,1,2762.84,2762.84,Grocery,Tablet,Referral,1,0.03,5.0,165770.4,2762.84,Platinum
8679,2,3688.9,1844.45,Sports & Fitness,Desktop,Organic Search,270,9.0,0.2222,4918.04,3688.9,Bronze
8681,1,2696.42,2696.42,Home & Kitchen,Desktop,Social Media,1,0.03,5.0,161785.2,2696.42,Platinum
8682,2,5531.93,2765.965,Sports & Fitness,Desktop,Organic Search,174,5.8,0.3448,11444.46,5531.93,Bronze
8684,1,1411.34,1411.34,Grocery,Desktop,Direct,1,0.03,5.0,84680.4,1411.34,Gold
8685,1,1055.11,1055.11,Electronics,Tablet,Direct,1,0.03,5.0,63306.6,1055.11,Gold
8686,2,3010.2799999999997,1505.1399999999999,Books,Tablet,Email Campaign,22,0.73,2.7397,49483.58,3010.28,Silver
8688,1,700.49,700.49,Books,Mobile,Direct,1,0.03,5.0,42029.4,700.49,Silver
8694,2,2245.58,1122.79,Grocery,Mobile,Referral,13,0.43,4.6512,62667.85,2245.58,Gold
8699,1,1432.62,1432.62,Sports & Fitness,Tablet,Direct,1,0.03,5.0,85957.2,1432.62,Gold
8707,1,4850.2,4850.2,Home & Kitchen,Desktop,Direct,1,0.03,5.0,291012.0,4850.2,Platinum
8708,3,5309.18,1769.7266666666667,Fashion,Desktop,Direct,23,0.77,3.8961,82740.38,5309.18,Gold
8709,1,321.04,321.04,Sports & Fitness,Mobile,Referral,1,0.03,5.0,19262.4,321.04,Bronze
8710,1,551.11,551.11,Sports & Fitness,Desktop,Social Media,1,0.03,5.0,33066.6,551.11,Silver
8711,2,3403.38,1701.69,Beauty & Personal Care,Desktop,Direct,57,1.9,1.0526,21494.39,3403.38,Silver
8712,1,1549.83,1549.83,Fashion,Mobile,Referral,1,0.03,5.0,92989.8,1549.83,Gold
8715,2,2696.56,1348.28,Fashion,Mobile,Paid Ads,37,1.23,1.626,26307.64,2696.56,Silver
8716,1,142.61,142.61,Sports & Fitness,Mobile,Direct,1,0.03,5.0,8556.6,142.61,Bronze
8722,1,720.51,720.51,Home & Kitchen,Mobile,Paid Ads,1,0.03,5.0,43230.6,720.51,Silver
8727,1,2650.26,2650.26,Home & Kitchen,Mobile,Social Media,1,0.03,5.0,159015.6,2650.26,Platinum
8729,2,1410.47,705.235,Fashion,Tablet,Organic Search,6,0.2,5.0,42314.1,1410.47,Silver
8730,1,2972.55,2972.55,Toys & Baby,Tablet,Paid Ads,1,0.03,5.0,178353.0,2972.55,Platinum
8734,1,639.1,639.1,Grocery,Desktop,Referral,1,0.03,5.0,38346.0,639.1,Silver
8735,1,1335.54,1335.54,Beauty & Personal Care,Desktop,Direct,1,0.03,5.0,80132.4,1335.54,Gold
8736,1,2908.37,2908.37,Books,Desktop,Direct,1,0.03,5.0,174502.2,2908.37,Platinum
8737,2,4190.45,2095.225,Grocery,Mobile,Organic Search,200,6.67,0.2999,7540.3,4190.45,Bronze
8738,1,2842.11,2842.11,Toys & Baby,Mobile,Paid Ads,1,0.03,5.0,170526.6,2842.11,Platinum
8740,1,521.32,521.32,Sports & Fitness,Desktop,Social Media,1,0.03,5.0,31279.2,521.32,Silver
8741,1,622.52,622.52,Grocery,Desktop,Email Campaign,1,0.03,5.0,37351.2,622.52,Silver
8744,1,5100.64,5100.64,Beauty & Personal Care,Mobile,Paid Ads,1,0.03,5.0,306038.4,5100.64,Platinum
8745,1,1771.88,1771.88,Beauty & Personal Care,Desktop,Direct,1,0.03,5.0,106312.8,1771.88,Gold
8749,1,2386.46,2386.46,Books,Desktop,Organic Search,1,0.03,5.0,143187.6,2386.46,Platinum
8750,3,4052.46,1350.82,Grocery,Desktop,Organic Search,346,11.53,0.2602,4217.8,4052.46,Bronze
8751,1,961.12,961.12,Toys & Baby,Desktop,Paid Ads,1,0.03,5.0,57667.2,961.12,Gold
8754,1,1185.87,1185.87,Fashion,Tablet,Organic Search,1,0.03,5.0,71152.2,1185.87,Gold
8755,1,498.93,498.93,Electronics,Desktop,Organic Search,1,0.03,5.0,29935.8,498.93,Silver
8756,1,1859.51,1859.51,Fashion,Mobile,Paid Ads,1,0.03,5.0,111570.6,1859.51,Gold
8761,1,509.3,509.3,Grocery,Tablet,Referral,1,0.03,5.0,30558.0,509.3,Silver
8768,1,2304.68,2304.68,Toys & Baby,Desktop,Social Media,1,0.03,5.0,138280.8,2304.68,Platinum
8769,1,330.88,330.88,Grocery,Desktop,Direct,1,0.03,5.0,19852.8,330.88,Silver
8771,1,496.95,496.95,Toys & Baby,Desktop,Email Campaign,1,0.03,5.0,29817.0,496.95,Silver
8772,2,6876.8099999999995,3438.4049999999997,Beauty & Personal Care,Desktop,Direct,58,1.93,1.0363,42758.63,6876.81,Silver
8773,1,1260.34,1260.34,Beauty & Personal Care,Mobile,Organic Search,1,0.03,5.0,75620.4,1260.34,Gold
8774,1,2742.25,2742.25,Grocery,Desktop,Social Media,1,0.03,5.0,164535.0,2742.25,Platinum
8775,1,903.06,903.06,Books,Desktop,Referral,1,0.03,5.0,54183.6,903.06,Silver
8776,1,2103.78,2103.78,Home & Kitchen,Mobile,Direct,1,0.03,5.0,126226.8,2103.78,Platinum
8779,2,4196.82,2098.41,Books,Desktop,Direct,184,6.13,0.3263,8216.53,4196.82,Bronze
8781,2,3952.1299999999997,1976.0649999999998,Books,Desktop,Organic Search,284,9.47,0.2112,5008.14,3952.13,Bronze
8782,1,1482.06,1482.06,Books,Mobile,Organic Search,1,0.03,5.0,88923.6,1482.06,Gold
8784,1,3335.66,3335.66,Beauty & Personal Care,Mobile,Direct,1,0.03,5.0,200139.6,3335.66,Platinum
8785,1,1184.28,1184.28,Home & Kitchen,Desktop,Referral,1,0.03,5.0,71056.8,1184.28,Gold
8791,1,618.21,618.21,Beauty & Personal Care,Desktop,Organic Search,1,0.03,5.0,37092.6,618.21,Silver
8794,1,3869.36,3869.36,Grocery,Desktop,Direct,1,0.03,5.0,232161.6,3869.36,Platinum
8795,1,1354.32,1354.32,Beauty & Personal Care,Desktop,Referral,1,0.03,5.0,81259.2,1354.32,Gold
8796,1,637.1,637.1,Toys & Baby,Mobile,Paid Ads,1,0.03,5.0,38226.0,637.1,Silver
8800,1,609.54,609.54,Electronics,Desktop,Paid Ads,1,0.03,5.0,36572.4,609.54,Silver
8801,1,1935.4,1935.4,Home & Kitchen,Desktop,Paid Ads,1,0.03,5.0,116124.0,1935.4,Gold
8806,1,107.6,107.6,Sports & Fitness,Desktop,Referral,1,0.03,5.0,6456.0,107.6,Bronze
8808,1,6869.81,6869.81,Home & Kitchen,Mobile,Direct,1,0.03,5.0,412188.6,6869.81,Platinum
8811,2,1674.1,837.05,Electronics,Mobile,Referral,1,0.03,5.0,50223.0,1674.1,Silver
8815,1,2769.81,2769.81,Grocery,Mobile,Paid Ads,1,0.03,5.0,166188.6,2769.81,Platinum
8817,2,2367.32,1183.66,Beauty & Personal Care,Desktop,Organic Search,215,7.17,0.2789,3961.47,2367.32,Bronze
8818,2,1002.8199999999999,501.40999999999997,Home & Kitchen,Mobile,Organic Search,113,3.77,0.5305,3191.98,1002.82,Bronze
8823,2,4389.32,2194.66,Home & Kitchen,Desktop,Paid Ads,325,10.83,0.1847,4864.24,4389.32,Bronze
8824,1,2766.2,2766.2,Books,Mobile,Direct,1,0.03,5.0,165972.0,2766.2,Platinum
8826,1,2952.3,2952.3,Beauty & Personal Care,Desktop,Paid Ads,1,0.03,5.0,177138.0,2952.3,Platinum
8829,1,185.95,185.95,Electronics,Mobile,Organic Search,1,0.03,5.0,11157.0,185.95,Bronze
8830,1,560.76,560.76,Books,Desktop,Referral,1,0.03,5.0,33645.6,560.76,Silver
8833,1,501.55,501.55,Home & Kitchen,Mobile,Referral,1,0.03,5.0,30093.0,501.55,Silver
8835,1,2062.68,2062.68,Fashion,Desktop,Organic Search,1,0.03,5.0,123760.8,2062.68,Gold
8840,1,1323.14,1323.14,Electronics,Desktop,Direct,1,0.03,5.0,79388.4,1323.14,Gold
8841,1,866.52,866.52,Electronics,Mobile,Organic Search,1,0.03,5.0,51991.2,866.52,Silver
8842,1,940.44,940.44,Beauty & Personal Care,Mobile,Referral,1,0.03,5.0,56426.4,940.44,Gold
8845,1,60.08,60.08,Sports & Fitness,Desktop,Social Media,1,0.03,5.0,3604.8,60.08,Bronze
8846,3,2596.08,865.36,Beauty & Personal Care,Desktop,Email Campaign,265,8.83,0.3398,3528.59,2596.08,Bronze
8848,1,5978.31,5978.31,Toys & Baby,Desktop,Organic Search,1,0.03,5.0,358698.6,5978.31,Platinum
8850,1,2304.21,2304.21,Books,Desktop,Social Media,1,0.03,5.0,138252.6,2304.21,Platinum
8851,2,7454.47,3727.235,Beauty & Personal Care,Desktop,Direct,126,4.2,0.4762,21298.91,7454.47,Silver
8852,1,1788.51,1788.51,Home & Kitchen,Desktop,Email Campaign,1,0.03,5.0,107310.6,1788.51,Gold
8854,1,1066.89,1066.89,Electronics,Mobile,Organic Search,1,0.03,5.0,64013.4,1066.89,Gold
8855,1,665.74,665.74,Sports & Fitness,Mobile,Social Media,1,0.03,5.0,39944.4,665.74,Silver
8858,1,1202.04,1202.04,Toys & Baby,Mobile,Organic Search,1,0.03,5.0,72122.4,1202.04,Gold
8861,1,2485.73,2485.73,Beauty & Personal Care,Mobile,Direct,1,0.03,5.0,149143.8,2485.73,Platinum
8863,1,1434.13,1434.13,Sports & Fitness,Desktop,Paid Ads,1,0.03,5.0,86047.8,1434.13,Gold
8864,1,182.49,182.49,Grocery,Tablet,Social Media,1,0.03,5.0,10949.4,182.49,Bronze
8866,1,1659.78,1659.78,Electronics,Mobile,Organic Search,1,0.03,5.0,99586.8,1659.78,Gold
8872,1,886.42,886.42,Beauty & Personal Care,Mobile,Organic Search,1,0.03,5.0,53185.2,886.42,Silver
8873,1,167.64,167.64,Fashion,Desktop,Direct,1,0.03,5.0,10058.4,167.64,Bronze
8875,1,696.68,696.68,Sports & Fitness,Mobile,Paid Ads,1,0.03,5.0,41800.8,696.68,Silver
8876,1,322.82,322.82,Fashion,Desktop,Social Media,1,0.03,5.0,19369.2,322.82,Silver
8878,1,3492.4,3492.4,Toys & Baby,Mobile,Organic Search,1,0.03,5.0,209544.0,3492.4,Platinum
8879,1,942.82,942.82,Sports & Fitness,Mobile,Organic Search,1,0.03,5.0,56569.2,942.82,Gold
8881,1,675.05,675.05,Books,Desktop,Direct,1,0.03,5.0,40503.0,675.05,Silver
8883,1,566.58,566.58,Electronics,Desktop,Organic Search,1,0.03,5.0,33994.8,566.58,Silver
8884,1,494.97,494.97,Toys & Baby,Desktop,Referral,1,0.03,5.0,29698.2,494.97,Silver
8885,1,1193.0,1193.0,Beauty & Personal Care,Desktop,Paid Ads,1,0.03,5.0,71580.0,1193.0,Gold
8894,1,590.08,590.08,Beauty & Personal Care,Mobile,Social Media,1,0.03,5.0,35404.8,590.08,Silver
8896,1,905.89,905.89,Home & Kitchen,Tablet,Email Campaign,1,0.03,5.0,54353.4,905.89,Silver
8898,1,5727.51,5727.51,Toys & Baby,Mobile,Social Media,1,0.03,5.0,343650.6,5727.51,Platinum
8899,1,1790.1,1790.1,Grocery,Desktop,Direct,1,0.03,5.0,107406.0,1790.1,Gold
8903,1,2989.6,2989.6,Fashion,Desktop,Social Media,1,0.03,5.0,179376.0,2989.6,Platinum
8904,2,2792.84,1396.42,Books,Mobile,Direct,195,6.5,0.3077,5156.14,2792.84,Bronze
8909,1,2560.58,2560.58,Home & Kitchen,Tablet,Paid Ads,1,0.03,5.0,153634.8,2560.58,Platinum
8911,2,3858.29,1929.145,Toys & Baby,Desktop,Organic Search,269,8.97,0.223,5162.39,3858.29,Bronze
8912,1,2004.94,2004.94,Home & Kitchen,Desktop,Direct,1,0.03,5.0,120296.4,2004.94,Gold
8914,1,1146.12,1146.12,Grocery,Mobile,Email Campaign,1,0.03,5.0,68767.2,1146.12,Gold
8915,1,1330.45,1330.45,Beauty & Personal Care,Desktop,Email Campaign,1,0.03,5.0,79827.0,1330.45,Gold
8916,1,639.85,639.85,Books,Mobile,Direct,1,0.03,5.0,38391.0,639.85,Silver
8919,1,625.41,625.41,Beauty & Personal Care,Desktop,Paid Ads,1,0.03,5.0,37524.6,625.41,Silver
8922,1,2340.15,2340.15,Fashion,Desktop,Direct,1,0.03,5.0,140409.0,2340.15,Platinum
8923,1,2826.22,2826.22,Toys & Baby,Desktop,Social Media,1,0.03,5.0,169573.2,2826.22,Platinum
8924,1,1136.64,1136.64,Grocery,Desktop,Email Campaign,1,0.03,5.0,68198.4,1136.64,Gold
8925,1,1149.84,1149.84,Fashion,Desktop,Email Campaign,1,0.03,5.0,68990.4,1149.84,Gold
8926,1,2941.12,2941.12,Electronics,Mobile,Referral,1,0.03,5.0,176467.2,2941.12,Platinum
8928,2,4793.14,2396.57,Books,Desktop,Paid Ads,161,5.37,0.3724,10709.79,4793.14,Bronze
8929,1,943.18,943.18,Books,Mobile,Organic Search,1,0.03,5.0,56590.8,943.18,Gold
8932,1,307.76,307.76,Beauty & Personal Care,Desktop,Paid Ads,1,0.03,5.0,18465.6,307.76,Bronze
8933,1,1093.68,1093.68,Electronics,Desktop,Email Campaign,1,0.03,5.0,65620.8,1093.68,Gold
8935,1,2674.83,2674.83,Electronics,Tablet,Direct,1,0.03,5.0,160489.8,2674.83,Platinum
8936,1,1147.03,1147.03,Beauty & Personal Care,Desktop,Email Campaign,1,0.03,5.0,68821.8,1147.03,Gold
8937,2,1293.58,646.79,Books,Desktop,Direct,130,4.33,0.4619,3585.03,1293.58,Bronze
8939,1,518.71,518.71,Grocery,Mobile,Email Campaign,1,0.03,5.0,31122.6,518.71,Silver
8942,2,4586.04,2293.02,Beauty & Personal Care,Mobile,Email Campaign,268,8.93,0.224,6163.64,4586.04,Bronze
8947,1,888.98,888.98,Beauty & Personal Care,Tablet,Social Media,1,0.03,5.0,53338.8,888.98,Silver
8949,1,755.68,755.68,Electronics,Desktop,Email Campaign,1,0.03,5.0,45340.8,755.68,Silver
8950,1,2974.88,2974.88,Toys & Baby,Tablet,Referral,1,0.03,5.0,178492.8,2974.88,Platinum
8951,1,1593.76,1593.76,Electronics,Tablet,Direct,1,0.03,5.0,95625.6,1593.76,Gold
8952,3,6278.0,2092.6666666666665,Beauty & Personal Care,Desktop,Social Media,185,6.17,0.4862,12209.45,6278.0,Bronze
8953,1,4176.52,4176.52,Grocery,Mobile,Direct,1,0.03,5.0,250591.2,4176.52,Platinum
8957,2,841.3499999999999,420.67499999999995,Fashion,Desktop,Email Campaign,19,0.63,3.1746,16025.7,841.35,Bronze
8958,1,2901.75,2901.75,Home & Kitchen,Desktop,Organic Search,1,0.03,5.0,174105.0,2901.75,Platinum
8960,1,483.83,483.83,Grocery,Mobile,Direct,1,0.03,5.0,29029.8,483.83,Silver
8962,1,2714.78,2714.78,Toys & Baby,Mobile,Social Media,1,0.03,5.0,162886.8,2714.78,Platinum
8963,1,1862.95,1862.95,Books,Desktop,Email Campaign,1,0.03,5.0,111777.0,1862.95,Gold
8964,1,2891.28,2891.28,Home & Kitchen,Desktop,Organic Search,1,0.03,5.0,173476.8,2891.28,Platinum
8965,1,1756.46,1756.46,Grocery,Desktop,Referral,1,0.03,5.0,105387.6,1756.46,Gold
8969,1,4089.69,4089.69,Toys & Baby,Desktop,Paid Ads,1,0.03,5.0,245381.4,4089.69,Platinum
8970,1,2046.6,2046.6,Beauty & Personal Care,Desktop,Referral,1,0.03,5.0,122796.0,2046.6,Gold
8972,1,3598.59,3598.59,Toys & Baby,Desktop,Referral,1,0.03,5.0,215915.4,3598.59,Platinum
8973,1,6154.85,6154.85,Home & Kitchen,Mobile,Direct,1,0.03,5.0,369291.0,6154.85,Platinum
8974,1,1826.78,1826.78,Beauty & Personal Care,Mobile,Social Media,1,0.03,5.0,109606.8,1826.78,Gold
8975,1,1198.22,1198.22,Books,Mobile,Social Media,1,0.03,5.0,71893.2,1198.22,Gold
8977,1,402.56,402.56,Beauty & Personal Care,Desktop,Organic Search,1,0.03,5.0,24153.6,402.56,Silver
8978,2,3596.89,1798.445,Fashion,Desktop,Organic Search,202,6.73,0.2972,6413.97,3596.89,Bronze
8981,1,5001.12,5001.12,Home & Kitchen,Mobile,Paid Ads,1,0.03,5.0,300067.2,5001.12,Platinum
8982,1,1453.64,1453.64,Sports & Fitness,Desktop,Paid Ads,1,0.03,5.0,87218.4,1453.64,Gold
8987,1,1639.97,1639.97,Books,Desktop,Organic Search,1,0.03,5.0,98398.2,1639.97,Gold
8988,1,2466.45,2466.45,Beauty & Personal Care,Mobile,Social Media,1,0.03,5.0,147987.0,2466.45,Platinum
8990,1,789.99,789.99,Fashion,Mobile,Direct,1,0.03,5.0,47399.4,789.99,Silver
8994,1,420.51,420.51,Fashion,Desktop,Social Media,1,0.03,5.0,25230.6,420.51,Silver
8996,1,244.1,244.1,Fashion,Mobile,Paid Ads,1,0.03,5.0,14646.0,244.1,Bronze
8998,1,2053.95,2053.95,Home & Kitchen,Desktop,Social Media,1,0.03,5.0,123237.0,2053.95,Gold
9004,1,785.67,785.67,Grocery,Mobile,Referral,1,0.03,5.0,47140.2,785.67,Silver
9006,1,712.8,712.8,Toys & Baby,Tablet,Email Campaign,1,0.03,5.0,42768.0,712.8,Silver
9008,1,1832.87,1832.87,Grocery,Mobile,Organic Search,1,0.03,5.0,109972.2,1832.87,Gold
9009,1,662.15,662.15,Grocery,Tablet,Organic Search,1,0.03,5.0,39729.0,662.15,Silver
9010,1,1390.79,1390.79,Fashion,Desktop,Direct,1,0.03,5.0,83447.4,1390.79,Gold
9011,1,458.42,458.42,Sports & Fitness,Desktop,Social Media,1,0.03,5.0,27505.2,458.42,Silver
9012,2,3502.39,1751.195,Books,Desktop,Paid Ads,349,11.63,0.172,3614.47,3502.39,Bronze
9016,1,4004.72,4004.72,Books,Desktop,Social Media,1,0.03,5.0,240283.2,4004.72,Platinum
9019,2,2258.74,1129.37,Grocery,Desktop,Organic Search,287,9.57,0.209,2832.46,2258.74,Bronze
9023,1,2171.64,2171.64,Fashion,Mobile,Social Media,1,0.03,5.0,130298.4,2171.64,Platinum
9024,1,380.27,380.27,Sports & Fitness,Desktop,Direct,1,0.03,5.0,22816.2,380.27,Silver
9026,1,989.5,989.5,Electronics,Mobile,Direct,1,0.03,5.0,59370.0,989.5,Gold
9029,1,1693.13,1693.13,Home & Kitchen,Mobile,Email Campaign,1,0.03,5.0,101587.8,1693.13,Gold
9030,1,2074.84,2074.84,Grocery,Mobile,Email Campaign,1,0.03,5.0,124490.4,2074.84,Platinum
9031,1,1945.27,1945.27,Home & Kitchen,Mobile,Organic Search,1,0.03,5.0,116716.2,1945.27,Gold
9037,1,1083.01,1083.01,Fashion,Mobile,Referral,1,0.03,5.0,64980.6,1083.01,Gold
9038,1,1415.85,1415.85,Beauty & Personal Care,Mobile,Social Media,1,0.03,5.0,84951.0,1415.85,Gold
9039,1,708.89,708.89,Toys & Baby,Tablet,Email Campaign,1,0.03,5.0,42533.4,708.89,Silver
9041,1,1450.28,1450.28,Fashion,Tablet,Social Media,1,0.03,5.0,87016.8,1450.28,Gold
9046,1,1410.72,1410.72,Grocery,Mobile,Organic Search,1,0.03,5.0,84643.2,1410.72,Gold
9050,2,3988.6499999999996,1994.3249999999998,Beauty & Personal Care,Desktop,Email Campaign,19,0.63,3.1746,75974.21,3988.65,Gold
9056,1,287.88,287.88,Sports & Fitness,Tablet,Referral,1,0.03,5.0,17272.8,287.88,Bronze
9059,3,8081.46,2693.82,Books,Mobile,Email Campaign,84,2.8,1.0714,34633.9,8081.46,Silver
9060,2,7606.759999999999,3803.3799999999997,Beauty & Personal Care,Desktop,Email Campaign,13,0.43,4.6512,212283.37,7606.76,Platinum
9062,2,2974.7200000000003,1487.3600000000001,Home & Kitchen,Desktop,Paid Ads,164,5.47,0.3656,6525.35,2974.72,Bronze
9064,1,6977.64,6977.64,Books,Desktop,Social Media,1,0.03,5.0,418658.4,6977.64,Platinum
9067,1,316.04,316.04,Sports & Fitness,Mobile,Organic Search,1,0.03,5.0,18962.4,316.04,Bronze
9068,3,5875.67,1958.5566666666666,Grocery,Desktop,Direct,186,6.2,0.4839,11372.95,5875.67,Bronze
9070,1,2482.94,2482.94,Electronics,Desktop,Referral,1,0.03,5.0,148976.4,2482.94,Platinum
9071,1,1099.88,1099.88,Home & Kitchen,Mobile,Paid Ads,1,0.03,5.0,65992.8,1099.88,Gold
9073,1,2071.44,2071.44,Grocery,Mobile,Organic Search,1,0.03,5.0,124286.4,2071.44,Platinum
9075,1,5987.76,5987.76,Home & Kitchen,Tablet,Email Campaign,1,0.03,5.0,359265.6,5987.76,Platinum
9078,1,2797.35,2797.35,Grocery,Mobile,Social Media,1,0.03,5.0,167841.0,2797.35,Platinum
9082,1,2771.28,2771.28,Electronics,Desktop,Referral,1,0.03,5.0,166276.8,2771.28,Platinum
9084,2,2106.41,1053.205,Books,Desktop,Direct,127,4.23,0.4728,5975.46,2106.41,Bronze
9085,1,5586.68,5586.68,Home & Kitchen,Mobile,Social Media,1,0.03,5.0,335200.8,5586.68,Platinum
9088,1,2131.62,2131.62,Fashion,Desktop,Direct,1,0.03,5.0,127897.2,2131.62,Platinum
9090,1,2195.8,2195.8,Home & Kitchen,Desktop,Email Campaign,1,0.03,5.0,131748.0,2195.8,Platinum
9093,1,5346.25,5346.25,Home & Kitchen,Desktop,Organic Search,1,0.03,5.0,320775.0,5346.25,Platinum
9094,1,3043.33,3043.33,Home & Kitchen,Tablet,Social Media,1,0.03,5.0,182599.8,3043.33,Platinum
9095,1,2188.56,2188.56,Electronics,Desktop,Organic Search,1,0.03,5.0,131313.6,2188.56,Platinum
9096,1,1079.43,1079.43,Electronics,Mobile,Email Campaign,1,0.03,5.0,64765.8,1079.43,Gold
9097,1,1253.28,1253.28,Toys & Baby,Desktop,Social Media,1,0.03,5.0,75196.8,1253.28,Gold
9100,1,547.08,547.08,Electronics,Mobile,Organic Search,1,0.03,5.0,32824.8,547.08,Silver
9101,2,1734.7,867.35,Beauty & Personal Care,Desktop,Paid Ads,111,3.7,0.5405,5625.63,1734.7,Bronze
9103,1,6811.12,6811.12,Home & Kitchen,Desktop,Social Media,1,0.03,5.0,408667.2,6811.12,Platinum
9104,1,2519.48,2519.48,Grocery,Mobile,Direct,1,0.03,5.0,151168.8,2519.48,Platinum
9108,1,2310.86,2310.86,Electronics,Mobile,Email Campaign,1,0.03,5.0,138651.6,2310.86,Platinum
9109,1,1540.89,1540.89,Fashion,Mobile,Social Media,1,0.03,5.0,92453.4,1540.89,Gold
9110,1,86.36,86.36,Sports & Fitness,Tablet,Social Media,1,0.03,5.0,5181.6,86.36,Bronze
9111,1,1658.09,1658.09,Sports & Fitness,Mobile,Referral,1,0.03,5.0,99485.4,1658.09,Gold
9116,1,2593.2,2593.2,Toys & Baby,Desktop,Referral,1,0.03,5.0,155592.0,2593.2,Platinum
9122,2,2888.73,1444.365,Beauty & Personal Care,Mobile,Direct,29,0.97,2.0619,35737.63,2888.73,Silver
9124,2,2110.72,1055.36,Beauty & Personal Care,Desktop,Direct,2,0.07,5.0,63321.6,2110.72,Gold
9129,1,2223.39,2223.39,Beauty & Personal Care,Mobile,Email Campaign,1,0.03,5.0,133403.4,2223.39,Platinum
9134,1,2071.94,2071.94,Electronics,Mobile,Direct,1,0.03,5.0,124316.4,2071.94,Platinum
9137,1,466.59,466.59,Toys & Baby,Mobile,Social Media,1,0.03,5.0,27995.4,466.59,Silver
9138,1,768.37,768.37,Toys & Baby,Mobile,Email Campaign,1,0.03,5.0,46102.2,768.37,Silver
9139,1,866.75,866.75,Beauty & Personal Care,Tablet,Email Campaign,1,0.03,5.0,52005.0,866.75,Silver
9141,1,721.74,721.74,Fashion,Desktop,Paid Ads,1,0.03,5.0,43304.4,721.74,Silver
9142,1,313.57,313.57,Sports & Fitness,Tablet,Email Campaign,1,0.03,5.0,18814.2,313.57,Bronze
9148,1,3392.49,3392.49,Books,Desktop,Organic Search,1,0.03,5.0,203549.4,3392.49,Platinum
9149,1,555.1,555.1,Books,Desktop,Social Media,1,0.03,5.0,33306.0,555.1,Silver
9150,1,729.84,729.84,Grocery,Mobile,Paid Ads,1,0.03,5.0,43790.4,729.84,Silver
9151,2,1405.28,702.64,Books,Desktop,Email Campaign,65,2.17,0.9217,7771.48,1405.28,Bronze
9154,1,2923.17,2923.17,Home & Kitchen,Mobile,Paid Ads,1,0.03,5.0,175390.2,2923.17,Platinum
9155,1,1439.68,1439.68,Home & Kitchen,Desktop,Organic Search,1,0.03,5.0,86380.8,1439.68,Gold
9157,1,368.5,368.5,Sports & Fitness,Mobile,Email Campaign,1,0.03,5.0,22110.0,368.5,Silver
9160,1,1896.5,1896.5,Electronics,Mobile,Direct,1,0.03,5.0,113790.0,1896.5,Gold
9162,1,631.18,631.18,Grocery,Desktop,Paid Ads,1,0.03,5.0,37870.8,631.18,Silver
9164,1,438.48,438.48,Grocery,Mobile,Referral,1,0.03,5.0,26308.8,438.48,Silver
9166,1,402.79,402.79,Fashion,Mobile,Paid Ads,1,0.03,5.0,24167.4,402.79,Silver
9167,1,67.71,67.71,Sports & Fitness,Desktop,Paid Ads,1,0.03,5.0,4062.6,67.71,Bronze
9168,2,5639.1,2819.55,Beauty & Personal Care,Desktop,Paid Ads,113,3.77,0.5305,17949.26,5639.1,Bronze
9176,2,2078.06,1039.03,Books,Desktop,Email Campaign,261,8.7,0.2299,2866.48,2078.06,Bronze
9179,1,898.8,898.8,Beauty & Personal Care,Mobile,Direct,1,0.03,5.0,53928.0,898.8,Silver
9180,1,1451.76,1451.76,Electronics,Mobile,Email Campaign,1,0.03,5.0,87105.6,1451.76,Gold
9183,1,1083.04,1083.04,Electronics,Mobile,Referral,1,0.03,5.0,64982.4,1083.04,Gold
9185,2,2753.51,1376.755,Grocery,Desktop,Paid Ads,8,0.27,5.0,82605.3,2753.51,Gold
9187,1,5251.83,5251.83,Books,Desktop,Paid Ads,1,0.03,5.0,315109.8,5251.83,Platinum
9188,2,5773.44,2886.72,Grocery,Mobile,Direct,260,8.67,0.2307,7991.6,5773.44,Bronze
9192,1,938.58,938.58,Toys & Baby,Desktop,Direct,1,0.03,5.0,56314.8,938.58,Gold
9193,1,213.68,213.68,Sports & Fitness,Mobile,Paid Ads,1,0.03,5.0,12820.8,213.68,Bronze
9195,1,1646.84,1646.84,Fashion,Desktop,Paid Ads,1,0.03,5.0,98810.4,1646.84,Gold
9197,4,4642.55,1160.6375,Home & Kitchen,Desktop,Referral,234,7.8,0.5128,7142.1,4642.55,Bronze
9200,1,394.1,394.1,Sports & Fitness,Desktop,Organic Search,1,0.03,5.0,23646.0,394.1,Silver
9203,1,2455.95,2455.95,Electronics,Desktop,Direct,1,0.03,5.0,147357.0,2455.95,Platinum
9205,3,5402.23,1800.743333333333,Books,Mobile,Referral,204,6.8,0.4412,9533.86,5402.23,Bronze
9206,1,603.46,603.46,Electronics,Mobile,Referral,1,0.03,5.0,36207.6,603.46,Silver
9208,1,1422.15,1422.15,Grocery,Desktop,Organic Search,1,0.03,5.0,85329.0,1422.15,Gold
9211,2,2960.7299999999996,1480.3649999999998,Books,Desktop,Direct,289,9.63,0.2077,3689.66,2960.73,Bronze
9214,1,657.21,657.21,Toys & Baby,Desktop,Email Campaign,1,0.03,5.0,39432.6,657.21,Silver
9217,1,2963.13,2963.13,Beauty & Personal Care,Desktop,Referral,1,0.03,5.0,177787.8,2963.13,Platinum
9219,2,8014.389999999999,4007.1949999999997,Toys & Baby,Desktop,Organic Search,51,1.7,1.1765,56573.58,8014.39,Gold
9223,1,1172.7,1172.7,Beauty & Personal Care,Mobile,Organic Search,1,0.03,5.0,70362.0,1172.7,Gold
9224,1,1661.51,1661.51,Grocery,Desktop,Email Campaign,1,0.03,5.0,99690.6,1661.51,Gold
9225,2,6360.83,3180.415,Home & Kitchen,Mobile,Email Campaign,60,2.0,1.0,38164.98,6360.83,Silver
9227,1,179.16,179.16,Grocery,Desktop,Direct,1,0.03,5.0,10749.6,179.16,Bronze
9228,2,3879.87,1939.935,Books,Desktop,Social Media,95,3.17,0.6309,14686.86,3879.87,Bronze
9230,1,2038.72,2038.72,Beauty & Personal Care,Desktop,Organic Search,1,0.03,5.0,122323.2,2038.72,Gold
9240,2,2506.96,1253.48,Toys & Baby,Desktop,Paid Ads,320,10.67,0.1874,2818.83,2506.96,Bronze
9241,1,1199.8,1199.8,Home & Kitchen,Mobile,Organic Search,1,0.03,5.0,71988.0,1199.8,Gold
9245,1,3844.34,3844.34,Beauty & Personal Care,Desktop,Direct,1,0.03,5.0,230660.4,3844.34,Platinum
9246,2,2775.1800000000003,1387.5900000000001,Beauty & Personal Care,Desktop,Paid Ads,70,2.33,0.8584,14293.29,2775.18,Bronze
9249,1,870.14,870.14,Fashion,Desktop,Social Media,1,0.03,5.0,52208.4,870.14,Silver
9250,1,376.18,376.18,Fashion,Mobile,Email Campaign,1,0.03,5.0,22570.8,376.18,Silver
9254,1,374.38,374.38,Books,Desktop,Paid Ads,1,0.03,5.0,22462.8,374.38,Silver
9257,1,2404.04,2404.04,Electronics,Desktop,Organic Search,1,0.03,5.0,144242.4,2404.04,Platinum
9259,1,3218.71,3218.71,Toys & Baby,Mobile,Email Campaign,1,0.03,5.0,193122.6,3218.71,Platinum
9260,2,3319.98,1659.99,Grocery,Desktop,Referral,42,1.4,1.4286,28457.54,3319.98,Silver
9263,1,3721.32,3721.32,Grocery,Desktop,Referral,1,0.03,5.0,223279.2,3721.32,Platinum
9264,2,3952.1899999999996,1976.0949999999998,Books,Desktop,Direct,72,2.4,0.8333,19760.16,3952.19,Silver
9266,1,4807.57,4807.57,Toys & Baby,Desktop,Email Campaign,1,0.03,5.0,288454.2,4807.57,Platinum
9267,2,586.41,293.205,Fashion,Mobile,Email Campaign,118,3.93,0.5089,1790.54,586.41,Bronze
9268,1,3693.19,3693.19,Home & Kitchen,Mobile,Referral,1,0.03,5.0,221591.4,3693.19,Platinum
9270,1,676.67,676.67,Electronics,Mobile,Organic Search,1,0.03,5.0,40600.2,676.67,Silver
9271,3,3472.7200000000003,1157.5733333333335,Beauty & Personal Care,Desktop,Email Campaign,285,9.5,0.3158,4386.74,3472.72,Bronze
9272,1,1597.74,1597.74,Fashion,Mobile,Email Campaign,1,0.03,5.0,95864.4,1597.74,Gold
9274,2,7532.62,3766.31,Books,Desktop,Direct,155,5.17,0.3868,17481.7,7532.62,Bronze
9275,1,2127.22,2127.22,Beauty & Personal Care,Mobile,Direct,1,0.03,5.0,127633.2,2127.22,Platinum
9276,2,2079.46,1039.73,Grocery,Desktop,Email Campaign,57,1.9,1.0526,13133.04,2079.46,Bronze
9277,1,1809.84,1809.84,Electronics,Mobile,Direct,1,0.03,5.0,108590.4,1809.84,Gold
9278,1,6440.7,6440.7,Books,Desktop,Organic Search,1,0.03,5.0,386442.0,6440.7,Platinum
9279,1,780.74,780.74,Sports & Fitness,Tablet,Organic Search,1,0.03,5.0,46844.4,780.74,Silver
9287,1,2827.8,2827.8,Fashion,Mobile,Email Campaign,1,0.03,5.0,169668.0,2827.8,Platinum
9289,2,4367.049999999999,2183.5249999999996,Books,Desktop,Direct,64,2.13,0.939,24603.96,4367.05,Silver
9291,1,273.41,273.41,Sports & Fitness,Desktop,Referral,1,0.03,5.0,16404.6,273.41,Bronze
9292,1,1079.43,1079.43,Sports & Fitness,Desktop,Paid Ads,1,0.03,5.0,64765.8,1079.43,Gold
9294,1,4750.29,4750.29,Toys & Baby,Mobile,Referral,1,0.03,5.0,285017.4,4750.29,Platinum
9300,1,2165.7,2165.7,Grocery,Tablet,Email Campaign,1,0.03,5.0,129942.0,2165.7,Platinum
9302,1,244.52,244.52,Fashion,Mobile,Social Media,1,0.03,5.0,14671.2,244.52,Bronze
9303,1,857.92,857.92,Home & Kitchen,Mobile,Organic Search,1,0.03,5.0,51475.2,857.92,Silver
9305,2,3571.08,1785.54,Beauty & Personal Care,Mobile,Organic Search,182,6.07,0.3295,7060.03,3571.08,Bronze
9306,1,936.59,936.59,Beauty & Personal Care,Mobile,Email Campaign,1,0.03,5.0,56195.4,936.59,Gold
9307,1,1916.31,1916.31,Fashion,Mobile,Email Campaign,1,0.03,5.0,114978.6,1916.31,Gold
9308,3,4242.59,1414.1966666666667,Beauty & Personal Care,Desktop,Paid Ads,249,8.3,0.3614,6133.09,4242.59,Bronze
9313,1,3455.61,3455.61,Grocery,Mobile,Email Campaign,1,0.03,5.0,207336.6,3455.61,Platinum
9314,1,764.6,764.6,Books,Desktop,Referral,1,0.03,5.0,45876.0,764.6,Silver
9317,2,1801.12,900.56,Fashion,Mobile,Email Campaign,62,2.07,0.9662,10441.45,1801.12,Bronze
9320,1,287.63,287.63,Fashion,Tablet,Paid Ads,1,0.03,5.0,17257.8,287.63,Bronze
9321,3,2270.53,756.8433333333334,Grocery,Mobile,Organic Search,98,3.27,0.9174,8331.94,2270.53,Bronze
9323,2,2524.2200000000003,1262.1100000000001,Electronics,Desktop,Direct,40,1.33,1.5038,22775.53,2524.22,Silver
9327,1,1696.29,1696.29,Sports & Fitness,Desktop,Paid Ads,1,0.03,5.0,101777.4,1696.29,Gold
9328,1,3915.12,3915.12,Home & Kitchen,Mobile,Referral,1,0.03,5.0,234907.2,3915.12,Platinum
9330,2,2483.03,1241.515,Beauty & Personal Care,Desktop,Direct,141,4.7,0.4255,6339.18,2483.03,Bronze
9331,1,2490.54,2490.54,Books,Desktop,Paid Ads,1,0.03,5.0,149432.4,2490.54,Platinum
9336,4,6680.59,1670.1475,Toys & Baby,Desktop,Social Media,153,5.1,0.7843,15718.76,6680.59,Bronze
9337,2,3059.05,1529.525,Home & Kitchen,Desktop,Paid Ads,156,5.2,0.3846,7059.06,3059.05,Bronze
9338,1,261.72,261.72,Electronics,Mobile,Referral,1,0.03,5.0,15703.2,261.72,Bronze
9339,2,1615.92,807.96,Electronics,Mobile,Referral,71,2.37,0.8439,8182.05,1615.92,Bronze
9341,1,2259.86,2259.86,Electronics,Desktop,Referral,1,0.03,5.0,135591.6,2259.86,Platinum
9342,1,2012.56,2012.56,Electronics,Tablet,Social Media,1,0.03,5.0,120753.6,2012.56,Gold
9344,1,168.58,168.58,Sports & Fitness,Tablet,Social Media,1,0.03,5.0,10114.8,168.58,Bronze
9345,2,2951.66,1475.83,Beauty & Personal Care,Desktop,Email Campaign,225,7.5,0.2667,4723.25,2951.66,Bronze
9346,2,1029.6599999999999,514.8299999999999,Sports & Fitness,Mobile,Paid Ads,59,1.97,1.0152,6271.86,1029.66,Bronze
9348,3,6469.54,2156.5133333333333,Toys & Baby,Desktop,Direct,206,6.87,0.4367,11300.99,6469.54,Bronze
9350,1,498.91,498.91,Beauty & Personal Care,Mobile,Referral,1,0.03,5.0,29934.6,498.91,Silver
9352,1,1125.18,1125.18,Electronics,Tablet,Paid Ads,1,0.03,5.0,67510.8,1125.18,Gold
9360,1,1559.58,1559.58,Grocery,Mobile,Referral,1,0.03,5.0,93574.8,1559.58,Gold
9361,1,2416.35,2416.35,Grocery,Mobile,Paid Ads,1,0.03,5.0,144981.0,2416.35,Platinum
9362,2,7034.96,3517.48,Beauty & Personal Care,Mobile,Direct,237,7.9,0.2532,10687.51,7034.96,Bronze
9363,2,4971.89,2485.945,Home & Kitchen,Mobile,Referral,324,10.8,0.1852,5524.76,4971.89,Bronze
9366,2,3780.27,1890.135,Electronics,Desktop,Paid Ads,9,0.3,5.0,113408.1,3780.27,Gold
9368,3,4764.46,1588.1533333333334,Beauty & Personal Care,Desktop,Organic Search,133,4.43,0.6772,12905.97,4764.46,Bronze
9369,2,6135.46,3067.73,Books,Desktop,Direct,151,5.03,0.3976,14636.75,6135.46,Bronze
9370,1,2268.9,2268.9,Toys & Baby,Desktop,Email Campaign,1,0.03,5.0,136134.0,2268.9,Platinum
9371,1,800.95,800.95,Grocery,Tablet,Paid Ads,1,0.03,5.0,48057.0,800.95,Silver
9374,1,1038.82,1038.82,Books,Mobile,Social Media,1,0.03,5.0,62329.2,1038.82,Gold
9375,1,574.1,574.1,Sports & Fitness,Mobile,Organic Search,1,0.03,5.0,34446.0,574.1,Silver
9376,2,2177.17,1088.585,Fashion,Desktop,Direct,3,0.1,5.0,65315.1,2177.17,Gold
9378,1,1948.89,1948.89,Toys & Baby,Mobile,Organic Search,1,0.03,5.0,116933.4,1948.89,Gold
9379,2,2624.3100000000004,1312.1550000000002,Home & Kitchen,Desktop,Email Campaign,121,4.03,0.4963,7814.67,2624.31,Bronze
9381,1,3459.44,3459.44,Books,Mobile,Social Media,1,0.03,5.0,207566.4,3459.44,Platinum
9382,2,3535.42,1767.71,Books,Desktop,Email Campaign,290,9.67,0.2068,4386.75,3535.42,Bronze
9384,1,878.97,878.97,Toys & Baby,Tablet,Email Campaign,1,0.03,5.0,52738.2,878.97,Silver
9385,4,2464.18,616.045,Grocery,Desktop,Organic Search,181,6.03,0.6633,4903.47,2464.18,Bronze
9388,1,828.62,828.62,Grocery,Desktop,Email Campaign,1,0.03,5.0,49717.2,828.62,Silver
9389,1,376.57,376.57,Grocery,Mobile,Direct,1,0.03,5.0,22594.2,376.57,Silver
9390,1,854.8,854.8,Electronics,Mobile,Social Media,1,0.03,5.0,51288.0,854.8,Silver
9391,1,1076.59,1076.59,Home & Kitchen,Tablet,Direct,1,0.03,5.0,64595.4,1076.59,Gold
9395,3,6916.88,2305.6266666666666,Toys & Baby,Desktop,Email Campaign,77,2.57,1.1673,32296.3,6916.88,Silver
9398,1,288.14,288.14,Electronics,Mobile,Email Campaign,1,0.03,5.0,17288.4,288.14,Bronze
9399,1,6064.42,6064.42,Toys & Baby,Desktop,Paid Ads,1,0.03,5.0,363865.2,6064.42,Platinum
9408,1,3288.68,3288.68,Electronics,Desktop,Paid Ads,1,0.03,5.0,197320.8,3288.68,Platinum
9411,1,1670.19,1670.19,Home & Kitchen,Desktop,Email Campaign,1,0.03,5.0,100211.4,1670.19,Gold
9412,2,4866.42,2433.21,Books,Tablet,Direct,21,0.7,2.8571,83423.09,4866.42,Gold
9416,1,1477.35,1477.35,Books,Desktop,Organic Search,1,0.03,5.0,88641.0,1477.35,Gold
9419,1,6409.44,6409.44,Home & Kitchen,Desktop,Social Media,1,0.03,5.0,384566.4,6409.44,Platinum
9420,1,2929.95,2929.95,Books,Mobile,Social Media,1,0.03,5.0,175797.0,2929.95,Platinum
9422,2,3869.2799999999997,1934.6399999999999,Sports & Fitness,Mobile,Direct,263,8.77,0.2281,5295.5,3869.28,Bronze
9425,1,1677.07,1677.07,Grocery,Mobile,Referral,1,0.03,5.0,100624.2,1677.07,Gold
9429,1,1016.61,1016.61,Books,Desktop,Paid Ads,1,0.03,5.0,60996.6,1016.61,Gold
9431,2,4666.1,2333.05,Books,Mobile,Organic Search,105,3.5,0.5714,15997.26,4666.1,Bronze
9432,1,439.86,439.86,Toys & Baby,Desktop,Paid Ads,1,0.03,5.0,26391.6,439.86,Silver
9434,1,665.15,665.15,Fashion,Tablet,Referral,1,0.03,5.0,39909.0,665.15,Silver
9435,2,2384.99,1192.495,Grocery,Desktop,Organic Search,190,6.33,0.316,4521.94,2384.99,Bronze
9442,1,267.3,267.3,Sports & Fitness,Mobile,Social Media,1,0.03,5.0,16038.0,267.3,Bronze
9443,1,4035.76,4035.76,Grocery,Desktop,Referral,1,0.03,5.0,242145.6,4035.76,Platinum
9444,1,1818.38,1818.38,Fashion,Desktop,Email Campaign,1,0.03,5.0,109102.8,1818.38,Gold
9445,1,1950.75,1950.75,Home & Kitchen,Mobile,Paid Ads,1,0.03,5.0,117045.0,1950.75,Gold
9446,1,3802.13,3802.13,Toys & Baby,Desktop,Social Media,1,0.03,5.0,228127.8,3802.13,Platinum
9448,1,4905.51,4905.51,Home & Kitchen,Mobile,Referral,1,0.03,5.0,294330.6,4905.51,Platinum
9452,1,1204.42,1204.42,Beauty & Personal Care,Desktop,Referral,1,0.03,5.0,72265.2,1204.42,Gold
9453,2,3981.11,1990.555,Books,Desktop,Direct,34,1.13,1.7699,42277.0,3981.11,Silver
9454,1,2253.24,2253.24,Beauty & Personal Care,Desktop,Paid Ads,1,0.03,5.0,135194.4,2253.24,Platinum
9457,1,4352.02,4352.02,Home & Kitchen,Desktop,Referral,1,0.03,5.0,261121.2,4352.02,Platinum
9460,1,111.47,111.47,Sports & Fitness,Desktop,Organic Search,1,0.03,5.0,6688.2,111.47,Bronze
9462,1,1948.29,1948.29,Fashion,Mobile,Organic Search,1,0.03,5.0,116897.4,1948.29,Gold
9466,1,1963.64,1963.64,Toys & Baby,Mobile,Social Media,1,0.03,5.0,117818.4,1963.64,Gold
9470,1,1069.28,1069.28,Home & Kitchen,Desktop,Email Campaign,1,0.03,5.0,64156.8,1069.28,Gold
9473,1,1368.67,1368.67,Toys & Baby,Desktop,Organic Search,1,0.03,5.0,82120.2,1368.67,Gold
9475,1,813.36,813.36,Fashion,Mobile,Referral,1,0.03,5.0,48801.6,813.36,Silver
9476,4,11059.96,2764.99,Home & Kitchen,Desktop,Organic Search,141,4.7,0.8511,28239.4,11059.96,Silver
9477,1,5295.12,5295.12,Books,Desktop,Direct,1,0.03,5.0,317707.2,5295.12,Platinum
9479,1,4980.2,4980.2,Books,Mobile,Paid Ads,1,0.03,5.0,298812.0,4980.2,Platinum
9480,1,1621.56,1621.56,Grocery,Mobile,Paid Ads,1,0.03,5.0,97293.6,1621.56,Gold
9484,1,2522.52,2522.52,Toys & Baby,Mobile,Direct,1,0.03,5.0,151351.2,2522.52,Platinum
9485,1,1389.75,1389.75,Sports & Fitness,Desktop,Organic Search,1,0.03,5.0,83385.0,1389.75,Gold
9489,1,315.89,315.89,Sports & Fitness,Desktop,Direct,1,0.03,5.0,18953.4,315.89,Bronze
9491,1,1838.66,1838.66,Fashion,Desktop,Paid Ads,1,0.03,5.0,110319.6,1838.66,Gold
9494,1,7745.76,7745.76,Home & Kitchen,Desktop,Social Media,1,0.03,5.0,464745.6,7745.76,Platinum
9496,2,1692.67,846.335,Fashion,Desktop,Paid Ads,26,0.87,2.2989,23347.67,1692.67,Silver
9497,1,2928.02,2928.02,Toys & Baby,Desktop,Direct,1,0.03,5.0,175681.2,2928.02,Platinum
9498,2,2448.1800000000003,1224.0900000000001,Sports & Fitness,Desktop,Email Campaign,208,6.93,0.2886,4239.27,2448.18,Bronze
9504,1,1549.07,1549.07,Sports & Fitness,Mobile,Referral,1,0.03,5.0,92944.2,1549.07,Gold
9505,1,2681.46,2681.46,Books,Mobile,Social Media,1,0.03,5.0,160887.6,2681.46,Platinum
9507,2,6597.48,3298.74,Books,Desktop,Referral,51,1.7,1.1765,46571.61,6597.48,Silver
9509,2,6738.14,3369.07,Beauty & Personal Care,Desktop,Direct,246,8.2,0.2439,9860.59,6738.14,Bronze
9512,1,396.98,396.98,Electronics,Desktop,Paid Ads,1,0.03,5.0,23818.8,396.98,Silver
9513,2,841.73,420.865,Grocery,Mobile,Organic Search,183,6.1,0.3279,1656.02,841.73,Bronze
9514,1,1219.92,1219.92,Home & Kitchen,Tablet,Referral,1,0.03,5.0,73195.2,1219.92,Gold
9520,1,1286.19,1286.19,Home & Kitchen,Mobile,Social Media,1,0.03,5.0,77171.4,1286.19,Gold
9521,1,745.72,745.72,Fashion,Desktop,Email Campaign,1,0.03,5.0,44743.2,745.72,Silver
9524,1,2873.3,2873.3,Home & Kitchen,Mobile,Email Campaign,1,0.03,5.0,172398.0,2873.3,Platinum
9526,1,1724.65,1724.65,Electronics,Desktop,Paid Ads,1,0.03,5.0,103479.0,1724.65,Gold
9528,3,6753.44,2251.1466666666665,Beauty & Personal Care,Mobile,Email Campaign,246,8.2,0.3659,9884.33,6753.44,Bronze
9533,1,2653.75,2653.75,Grocery,Tablet,Direct,1,0.03,5.0,159225.0,2653.75,Platinum
9534,1,3751.99,3751.99,Toys & Baby,Mobile,Direct,1,0.03,5.0,225119.4,3751.99,Platinum
9538,3,2571.34,857.1133333333333,Sports & Fitness,Desktop,Direct,103,3.43,0.8746,8995.58,2571.34,Bronze
9540,2,2398.3,1199.15,Home & Kitchen,Desktop,Email Campaign,190,6.33,0.316,4547.18,2398.3,Bronze
9542,1,1758.43,1758.43,Books,Tablet,Social Media,1,0.03,5.0,105505.8,1758.43,Gold
9545,1,3289.61,3289.61,Beauty & Personal Care,Desktop,Referral,1,0.03,5.0,197376.6,3289.61,Platinum
9546,1,1567.78,1567.78,Beauty & Personal Care,Desktop,Direct,1,0.03,5.0,94066.8,1567.78,Gold
9547,1,3163.97,3163.97,Home & Kitchen,Desktop,Referral,1,0.03,5.0,189838.2,3163.97,Platinum
9549,2,2978.63,1489.315,Books,Mobile,Organic Search,86,2.87,0.6969,12454.84,2978.63,Bronze
9550,1,2025.96,2025.96,Home & Kitchen,Mobile,Email Campaign,1,0.03,5.0,121557.6,2025.96,Gold
9552,1,6294.28,6294.28,Home & Kitchen,Desktop,Social Media,1,0.03,5.0,377656.8,6294.28,Platinum
9557,1,2650.56,2650.56,Beauty & Personal Care,Mobile,Direct,1,0.03,5.0,159033.6,2650.56,Platinum
9558,1,2885.61,2885.61,Electronics,Desktop,Direct,1,0.03,5.0,173136.6,2885.61,Platinum
9559,1,330.64,330.64,Grocery,Desktop,Paid Ads,1,0.03,5.0,19838.4,330.64,Silver
9566,1,209.07,209.07,Sports & Fitness,Desktop,Organic Search,1,0.03,5.0,12544.2,209.07,Bronze
9567,2,3318.52,1659.26,Electronics,Desktop,Organic Search,5,0.17,5.0,99555.6,3318.52,Gold
9568,1,2140.22,2140.22,Toys & Baby,Mobile,Social Media,1,0.03,5.0,128413.2,2140.22,Platinum
9569,1,5326.77,5326.77,Home & Kitchen,Tablet,Email Campaign,1,0.03,5.0,319606.2,5326.77,Platinum
9571,2,3456.59,1728.295,Home & Kitchen,Mobile,Direct,191,6.37,0.314,6512.22,3456.59,Bronze
9573,1,1042.86,1042.86,Toys & Baby,Desktop,Referral,1,0.03,5.0,62571.6,1042.86,Gold
9574,1,1026.04,1026.04,Home & Kitchen,Desktop,Paid Ads,1,0.03,5.0,61562.4,1026.04,Gold
9575,1,1119.65,1119.65,Grocery,Desktop,Social Media,1,0.03,5.0,67179.0,1119.65,Gold
9577,1,509.34,509.34,Fashion,Desktop,Organic Search,1,0.03,5.0,30560.4,509.34,Silver
9578,2,2187.15,1093.575,Electronics,Desktop,Paid Ads,23,0.77,2.5974,34085.42,2187.15,Silver
9584,1,2046.94,2046.94,Toys & Baby,Mobile,Paid Ads,1,0.03,5.0,122816.4,2046.94,Gold
9587,1,2846.35,2846.35,Electronics,Desktop,Social Media,1,0.03,5.0,170781.0,2846.35,Platinum
9589,1,1351.04,1351.04,Fashion,Desktop,Email Campaign,1,0.03,5.0,81062.4,1351.04,Gold
9592,1,2354.85,2354.85,Electronics,Desktop,Referral,1,0.03,5.0,141291.0,2354.85,Platinum
9595,1,753.28,753.28,Sports & Fitness,Mobile,Direct,1,0.03,5.0,45196.8,753.28,Silver
9597,1,2360.92,2360.92,Grocery,Desktop,Social Media,1,0.03,5.0,141655.2,2360.92,Platinum
9598,1,642.27,642.27,Toys & Baby,Mobile,Social Media,1,0.03,5.0,38536.2,642.27,Silver
9599,2,3676.37,1838.185,Grocery,Desktop,Direct,5,0.17,5.0,110291.1,3676.37,Gold
9600,1,3321.07,3321.07,Beauty & Personal Care,Tablet,Paid Ads,1,0.03,5.0,199264.2,3321.07,Platinum
9602,1,115.49,115.49,Sports & Fitness,Desktop,Organic Search,1,0.03,5.0,6929.4,115.49,Bronze
9606,1,418.9,418.9,Electronics,Tablet,Organic Search,1,0.03,5.0,25134.0,418.9,Silver
9608,1,582.94,582.94,Books,Desktop,Direct,1,0.03,5.0,34976.4,582.94,Silver
9614,3,4422.33,1474.11,Fashion,Mobile,Email Campaign,117,3.9,0.7692,13606.62,4422.33,Bronze
9617,1,2634.8,2634.8,Fashion,Desktop,Paid Ads,1,0.03,5.0,158088.0,2634.8,Platinum
9624,1,1558.96,1558.96,Electronics,Tablet,Organic Search,1,0.03,5.0,93537.6,1558.96,Gold
9627,1,376.56,376.56,Sports & Fitness,Mobile,Social Media,1,0.03,5.0,22593.6,376.56,Silver
9629,3,5906.11,1968.7033333333331,Beauty & Personal Care,Mobile,Email Campaign,269,8.97,0.3344,7900.01,5906.11,Bronze
9630,2,1863.35,931.675,Books,Desktop,Email Campaign,106,3.53,0.5666,6334.64,1863.35,Bronze
9631,1,879.68,879.68,Home & Kitchen,Mobile,Referral,1,0.03,5.0,52780.8,879.68,Silver
9633,1,5328.79,5328.79,Beauty & Personal Care,Desktop,Paid Ads,1,0.03,5.0,319727.4,5328.79,Platinum
9634,1,6060.36,6060.36,Toys & Baby,Desktop,Email Campaign,1,0.03,5.0,363621.6,6060.36,Platinum
9636,4,8408.52,2102.13,Books,Mobile,Direct,268,8.93,0.4479,11298.53,8408.52,Bronze
9638,2,5225.09,2612.545,Home & Kitchen,Mobile,Organic Search,47,1.57,1.2739,39937.45,5225.09,Silver
9639,4,4585.86,1146.465,Grocery,Mobile,Direct,261,8.7,0.4598,6325.74,4585.86,Bronze
9641,1,1077.84,1077.84,Home & Kitchen,Mobile,Email Campaign,1,0.03,5.0,64670.4,1077.84,Gold
9643,2,2144.73,1072.365,Electronics,Mobile,Direct,100,3.33,0.6006,7728.75,2144.73,Bronze
9646,1,431.04,431.04,Books,Desktop,Referral,1,0.03,5.0,25862.4,431.04,Silver
9648,1,599.94,599.94,Sports & Fitness,Desktop,Paid Ads,1,0.03,5.0,35996.4,599.94,Silver
9651,1,1572.21,1572.21,Books,Desktop,Referral,1,0.03,5.0,94332.6,1572.21,Gold
9652,2,1690.88,845.44,Sports & Fitness,Desktop,Paid Ads,174,5.8,0.3448,3498.09,1690.88,Bronze
9655,1,1073.14,1073.14,Books,Mobile,Organic Search,1,0.03,5.0,64388.4,1073.14,Gold
9656,1,1691.63,1691.63,Books,Desktop,Direct,1,0.03,5.0,101497.8,1691.63,Gold
9658,5,11532.05,2306.41,Grocery,Desktop,Direct,178,5.93,0.8432,23337.18,11532.05,Silver
9662,2,2792.1600000000003,1396.0800000000002,Electronics,Tablet,Organic Search,284,9.47,0.2112,3538.23,2792.16,Bronze
9663,1,3129.52,3129.52,Home & Kitchen,Desktop,Organic Search,1,0.03,5.0,187771.2,3129.52,Platinum
9666,1,703.68,703.68,Toys & Baby,Mobile,Social Media,1,0.03,5.0,42220.8,703.68,Silver
9668,1,4401.23,4401.23,Beauty & Personal Care,Desktop,Referral,1,0.03,5.0,264073.8,4401.23,Platinum
9670,2,1531.63,765.815,Electronics,Desktop,Paid Ads,15,0.5,4.0,36759.12,1531.63,Silver
9677,1,1587.68,1587.68,Fashion,Desktop,Social Media,1,0.03,5.0,95260.8,1587.68,Gold
9680,1,1684.38,1684.38,Books,Desktop,Direct,1,0.03,5.0,101062.8,1684.38,Gold
9681,2,643.62,321.81,Sports & Fitness,Desktop,Organic Search,59,1.97,1.0152,3920.42,643.62,Bronze
9684,1,220.97,220.97,Sports & Fitness,Mobile,Social Media,1,0.03,5.0,13258.2,220.97,Bronze
9685,2,3810.04,1905.02,Fashion,Mobile,Email Campaign,25,0.83,2.4096,55084.03,3810.04,Silver
9691,1,885.92,885.92,Beauty & Personal Care,Desktop,Direct,1,0.03,5.0,53155.2,885.92,Silver
9692,1,3474.48,3474.48,Home & Kitchen,Desktop,Social Media,1,0.03,5.0,208468.8,3474.48,Platinum
9693,1,171.78,171.78,Sports & Fitness,Tablet,Direct,1,0.03,5.0,10306.8,171.78,Bronze
9695,1,798.58,798.58,Fashion,Mobile,Paid Ads,1,0.03,5.0,47914.8,798.58,Silver
9697,1,1631.68,1631.68,Fashion,Desktop,Direct,1,0.03,5.0,97900.8,1631.68,Gold
9698,1,490.67,490.67,Fashion,Mobile,Social Media,1,0.03,5.0,29440.2,490.67,Silver
9699,1,668.82,668.82,Electronics,Mobile,Social Media,1,0.03,5.0,40129.2,668.82,Silver
9703,1,1500.01,1500.01,Fashion,Desktop,Organic Search,1,0.03,5.0,90000.6,1500.01,Gold
9704,1,4339.03,4339.03,Books,Mobile,Referral,1,0.03,5.0,260341.8,4339.03,Platinum
9706,1,881.33,881.33,Sports & Fitness,Tablet,Social Media,1,0.03,5.0,52879.8,881.33,Silver
9707,1,5553.0,5553.0,Beauty & Personal Care,Tablet,Referral,1,0.03,5.0,333180.0,5553.0,Platinum
9711,1,104.4,104.4,Fashion,Mobile,Referral,1,0.03,5.0,6264.0,104.4,Bronze
9712,1,535.5,535.5,Fashion,Desktop,Paid Ads,1,0.03,5.0,32130.0,535.5,Silver
9713,1,1197.58,1197.58,Fashion,Mobile,Social Media,1,0.03,5.0,71854.8,1197.58,Gold
9718,1,2410.31,2410.31,Grocery,Desktop,Direct,1,0.03,5.0,144618.6,2410.31,Platinum
9719,2,1323.04,661.52,Books,Mobile,Email Campaign,51,1.7,1.1765,9339.34,1323.04,Bronze
9723,1,5173.84,5173.84,Toys & Baby,Desktop,Direct,1,0.03,5.0,310430.4,5173.84,Platinum
9726,2,6634.26,3317.13,Grocery,Desktop,Direct,85,2.83,0.7067,28130.59,6634.26,Silver
9727,1,2621.8,2621.8,Grocery,Mobile,Email Campaign,1,0.03,5.0,157308.0,2621.8,Platinum
9728,1,205.35,205.35,Fashion,Desktop,Organic Search,1,0.03,5.0,12321.0,205.35,Bronze
9730,1,3181.75,3181.75,Books,Desktop,Direct,1,0.03,5.0,190905.0,3181.75,Platinum
9732,2,4610.57,2305.285,Beauty & Personal Care,Desktop,Direct,221,7.37,0.2714,7507.85,4610.57,Bronze
9733,1,3555.88,3555.88,Toys & Baby,Mobile,Social Media,1,0.03,5.0,213352.8,3555.88,Platinum
9734,2,1942.9499999999998,971.4749999999999,Electronics,Desktop,Organic Search,269,8.97,0.223,2599.67,1942.95,Bronze
9736,1,1095.18,1095.18,Fashion,Desktop,Social Media,1,0.03,5.0,65710.8,1095.18,Gold
9738,1,925.88,925.88,Fashion,Desktop,Email Campaign,1,0.03,5.0,55552.8,925.88,Silver
9739,1,1615.15,1615.15,Toys & Baby,Desktop,Direct,1,0.03,5.0,96909.0,1615.15,Gold
9741,1,542.19,542.19,Electronics,Desktop,Direct,1,0.03,5.0,32531.4,542.19,Silver
9743,1,2288.69,2288.69,Beauty & Personal Care,Tablet,Social Media,1,0.03,5.0,137321.4,2288.69,Platinum
9744,1,1927.76,1927.76,Grocery,Mobile,Direct,1,0.03,5.0,115665.6,1927.76,Gold
9747,1,1253.28,1253.28,Sports & Fitness,Desktop,Social Media,1,0.03,5.0,75196.8,1253.28,Gold
9748,2,1867.56,933.78,Beauty & Personal Care,Desktop,Email Campaign,33,1.1,1.8182,20373.59,1867.56,Silver
9749,1,2052.83,2052.83,Home & Kitchen,Desktop,Email Campaign,1,0.03,5.0,123169.8,2052.83,Gold
9752,1,1334.88,1334.88,Sports & Fitness,Desktop,Email Campaign,1,0.03,5.0,80092.8,1334.88,Gold
9753,1,497.21,497.21,Fashion,Mobile,Paid Ads,1,0.03,5.0,29832.6,497.21,Silver
9754,1,3407.82,3407.82,Beauty & Personal Care,Mobile,Paid Ads,1,0.03,5.0,204469.2,3407.82,Platinum
9755,2,1326.72,663.36,Beauty & Personal Care,Mobile,Organic Search,239,7.97,0.2509,1997.24,1326.72,Bronze
9757,1,81.54,81.54,Sports & Fitness,Desktop,Referral,1,0.03,5.0,4892.4,81.54,Bronze
9758,1,1100.76,1100.76,Toys & Baby,Desktop,Paid Ads,1,0.03,5.0,66045.6,1100.76,Gold
9759,2,7465.32,3732.66,Toys & Baby,Desktop,Organic Search,88,2.93,0.6826,30574.96,7465.32,Silver
9760,1,378.47,378.47,Sports & Fitness,Desktop,Paid Ads,1,0.03,5.0,22708.2,378.47,Silver
9761,1,346.2,346.2,Fashion,Desktop,Email Campaign,1,0.03,5.0,20772.0,346.2,Silver
9762,2,7499.860000000001,3749.9300000000003,Beauty & Personal Care,Desktop,Email Campaign,59,1.97,1.0152,45683.15,7499.86,Silver
9763,1,346.78,346.78,Grocery,Mobile,Email Campaign,1,0.03,5.0,20806.8,346.78,Silver
9765,2,5383.120000000001,2691.5600000000004,Books,Desktop,Email Campaign,276,9.2,0.2174,7021.74,5383.12,Bronze
9766,1,1265.31,1265.31,Home & Kitchen,Mobile,Paid Ads,1,0.03,5.0,75918.6,1265.31,Gold
9768,1,1970.75,1970.75,Grocery,Tablet,Paid Ads,1,0.03,5.0,118245.0,1970.75,Gold
9770,1,1688.2,1688.2,Fashion,Desktop,Email Campaign,1,0.03,5.0,101292.0,1688.2,Gold
9771,1,5050.12,5050.12,Home & Kitchen,Mobile,Organic Search,1,0.03,5.0,303007.2,5050.12,Platinum
9772,1,1121.12,1121.12,Electronics,Tablet,Paid Ads,1,0.03,5.0,67267.2,1121.12,Gold
9777,1,6759.63,6759.63,Toys & Baby,Tablet,Referral,1,0.03,5.0,405577.8,6759.63,Platinum
9780,1,3361.47,3361.47,Beauty & Personal Care,Desktop,Organic Search,1,0.03,5.0,201688.2,3361.47,Platinum
9781,1,1155.25,1155.25,Beauty & Personal Care,Mobile,Referral,1,0.03,5.0,69315.0,1155.25,Gold
9782,1,1946.82,1946.82,Grocery,Mobile,Paid Ads,1,0.03,5.0,116809.2,1946.82,Gold
9784,1,2290.49,2290.49,Beauty & Personal Care,Mobile,Social Media,1,0.03,5.0,137429.4,2290.49,Platinum
9785,1,5796.39,5796.39,Books,Mobile,Organic Search,1,0.03,5.0,347783.4,5796.39,Platinum
9789,1,451.66,451.66,Sports & Fitness,Mobile,Paid Ads,1,0.03,5.0,27099.6,451.66,Silver
9796,2,2825.51,1412.755,Electronics,Mobile,Email Campaign,41,1.37,1.4599,24749.77,2825.51,Silver
9802,1,957.85,957.85,Books,Mobile,Organic Search,1,0.03,5.0,57471.0,957.85,Gold
9805,1,1082.08,1082.08,Toys & Baby,Desktop,Referral,1,0.03,5.0,64924.8,1082.08,Gold
9807,2,1228.63,614.315,Grocery,Desktop,Direct,196,6.53,0.3063,2257.98,1228.63,Bronze
9809,1,213.74,213.74,Fashion,Desktop,Social Media,1,0.03,5.0,12824.4,213.74,Bronze
9812,1,655.88,655.88,Toys & Baby,Desktop,Social Media,1,0.03,5.0,39352.8,655.88,Silver
9815,1,626.42,626.42,Home & Kitchen,Tablet,Email Campaign,1,0.03,5.0,37585.2,626.42,Silver
9816,1,436.59,436.59,Sports & Fitness,Mobile,Referral,1,0.03,5.0,26195.4,436.59,Silver
9817,2,5694.05,2847.025,Grocery,Desktop,Referral,45,1.5,1.3333,45551.26,5694.05,Silver
9818,1,5903.7,5903.7,Toys & Baby,Mobile,Paid Ads,1,0.03,5.0,354222.0,5903.7,Platinum
9821,1,1170.02,1170.02,Electronics,Desktop,Organic Search,1,0.03,5.0,70201.2,1170.02,Gold
9822,1,1687.52,1687.52,Sports & Fitness,Desktop,Social Media,1,0.03,5.0,101251.2,1687.52,Gold
9824,1,3184.17,3184.17,Grocery,Desktop,Organic Search,1,0.03,5.0,191050.2,3184.17,Platinum
9825,2,3344.65,1672.325,Fashion,Mobile,Paid Ads,105,3.5,0.5714,11466.8,3344.65,Bronze
9830,1,260.1,260.1,Fashion,Desktop,Direct,1,0.03,5.0,15606.0,260.1,Bronze
9831,3,2157.76,719.2533333333334,Fashion,Mobile,Direct,270,9.0,0.3333,2876.73,2157.76,Bronze
9833,1,2724.86,2724.86,Books,Desktop,Direct,1,0.03,5.0,163491.6,2724.86,Platinum
9836,2,1398.98,699.49,Electronics,Mobile,Direct,56,1.87,1.0695,8977.25,1398.98,Bronze
9838,1,1458.73,1458.73,Home & Kitchen,Mobile,Paid Ads,1,0.03,5.0,87523.8,1458.73,Gold
9839,2,3991.05,1995.525,Toys & Baby,Desktop,Organic Search,193,6.43,0.311,7447.3,3991.05,Bronze
9845,2,6979.08,3489.54,Toys & Baby,Desktop,Organic Search,107,3.57,0.5602,23458.08,6979.08,Silver
9849,1,1295.74,1295.74,Grocery,Desktop,Direct,1,0.03,5.0,77744.4,1295.74,Gold
9856,1,734.02,734.02,Sports & Fitness,Desktop,Referral,1,0.03,5.0,44041.2,734.02,Silver
9857,1,2072.57,2072.57,Electronics,Tablet,Paid Ads,1,0.03,5.0,124354.2,2072.57,Platinum
9859,3,4057.34,1352.4466666666667,Beauty & Personal Care,Mobile,Direct,61,2.03,1.4778,23983.75,4057.34,Silver
9860,2,5017.68,2508.84,Fashion,Mobile,Email Campaign,71,2.37,0.8439,25406.52,5017.68,Silver
9861,2,1026.96,513.48,Grocery,Desktop,Organic Search,90,3.0,0.6667,4108.05,1026.96,Bronze
9862,2,7869.07,3934.535,Home & Kitchen,Mobile,Email Campaign,226,7.53,0.2656,12540.15,7869.07,Bronze
9863,2,3268.36,1634.18,Fashion,Desktop,Email Campaign,324,10.8,0.1852,3631.8,3268.36,Bronze
9865,1,713.19,713.19,Electronics,Tablet,Social Media,1,0.03,5.0,42791.4,713.19,Silver
9867,2,7683.61,3841.805,Electronics,Desktop,Paid Ads,35,1.17,1.7094,78806.18,7683.61,Gold
9869,2,8202.76,4101.38,Fashion,Mobile,Organic Search,14,0.47,4.2553,209431.23,8202.76,Platinum
9873,3,3978.3900000000003,1326.13,Fashion,Desktop,Direct,103,3.43,0.8746,13918.0,3978.39,Bronze
9880,1,2133.2,2133.2,Toys & Baby,Tablet,Paid Ads,1,0.03,5.0,127992.0,2133.2,Platinum
9881,2,7184.4400000000005,3592.2200000000003,Books,Desktop,Paid Ads,31,1.03,1.9417,83700.16,7184.44,Gold
9883,3,2216.86,738.9533333333334,Electronics,Mobile,Direct,27,0.9,3.3333,29557.84,2216.86,Silver
9885,1,3008.2,3008.2,Books,Tablet,Direct,1,0.03,5.0,180492.0,3008.2,Platinum
9886,1,708.13,708.13,Fashion,Desktop,Paid Ads,1,0.03,5.0,42487.8,708.13,Silver
9887,1,526.18,526.18,Sports & Fitness,Mobile,Email Campaign,1,0.03,5.0,31570.8,526.18,Silver
9888,1,4366.62,4366.62,Home & Kitchen,Mobile,Direct,1,0.03,5.0,261997.2,4366.62,Platinum
9891,1,1808.79,1808.79,Toys & Baby,Desktop,Social Media,1,0.03,5.0,108527.4,1808.79,Gold
9892,1,1252.28,1252.28,Electronics,Desktop,Referral,1,0.03,5.0,75136.8,1252.28,Gold
9903,1,1368.84,1368.84,Grocery,Desktop,Paid Ads,1,0.03,5.0,82130.4,1368.84,Gold
9906,1,2658.15,2658.15,Beauty & Personal Care,Mobile,Social Media,1,0.03,5.0,159489.0,2658.15,Platinum
9907,1,787.37,787.37,Sports & Fitness,Mobile,Referral,1,0.03,5.0,47242.2,787.37,Silver
9909,1,2419.52,2419.52,Beauty & Personal Care,Mobile,Organic Search,1,0.03,5.0,145171.2,2419.52,Platinum
9910,1,613.1,613.1,Toys & Baby,Mobile,Direct,1,0.03,5.0,36786.0,613.1,Silver
9911,1,2633.7,2633.7,Electronics,Mobile,Organic Search,1,0.03,5.0,158022.0,2633.7,Platinum
9916,1,2948.28,2948.28,Books,Desktop,Direct,1,0.03,5.0,176896.8,2948.28,Platinum
9917,1,317.7,317.7,Fashion,Desktop,Email Campaign,1,0.03,5.0,19062.0,317.7,Bronze
9919,1,202.41,202.41,Sports & Fitness,Desktop,Social Media,1,0.03,5.0,12144.6,202.41,Bronze
9921,2,6298.85,3149.425,Grocery,Mobile,Paid Ads,134,4.47,0.4474,16908.63,6298.85,Bronze
9922,1,1975.84,1975.84,Sports & Fitness,Desktop,Email Campaign,1,0.03,5.0,118550.4,1975.84,Gold
9923,1,1348.96,1348.96,Toys & Baby,Desktop,Social Media,1,0.03,5.0,80937.6,1348.96,Gold
9924,2,4163.6,2081.8,Grocery,Mobile,Direct,226,7.53,0.2656,6635.11,4163.6,Bronze
9926,1,1483.68,1483.68,Electronics,Desktop,Email Campaign,1,0.03,5.0,89020.8,1483.68,Gold
9928,2,3254.47,1627.235,Grocery,Mobile,Direct,51,1.7,1.1765,22973.3,3254.47,Silver
9929,1,981.5,981.5,Sports & Fitness,Mobile,Direct,1,0.03,5.0,58890.0,981.5,Gold
9930,1,3192.74,3192.74,Home & Kitchen,Tablet,Email Campaign,1,0.03,5.0,191564.4,3192.74,Platinum
9931,2,6026.58,3013.29,Fashion,Desktop,Paid Ads,255,8.5,0.2353,8508.33,6026.58,Bronze
9932,2,4014.9900000000002,2007.4950000000001,Beauty & Personal Care,Desktop,Direct,84,2.8,0.7143,17207.44,4014.99,Bronze
9939,1,1273.44,1273.44,Fashion,Desktop,Paid Ads,1,0.03,5.0,76406.4,1273.44,Gold
9940,2,4222.35,2111.175,Electronics,Desktop,Email Campaign,74,2.47,0.8097,20513.02,4222.35,Silver
9947,1,1919.04,1919.04,Grocery,Desktop,Paid Ads,1,0.03,5.0,115142.4,1919.04,Gold
9948,2,2881.6,1440.8,Fashion,Desktop,Referral,53,1.77,1.1299,19535.52,2881.6,Silver
9950,2,3073.7799999999997,1536.8899999999999,Books,Desktop,Paid Ads,33,1.1,1.8182,33532.48,3073.78,Silver
9951,1,937.36,937.36,Grocery,Tablet,Paid Ads,1,0.03,5.0,56241.6,937.36,Gold
9952,1,4054.2,4054.2,Toys & Baby,Mobile,Direct,1,0.03,5.0,243252.0,4054.2,Platinum
9954,1,3849.4,3849.4,Home & Kitchen,Mobile,Organic Search,1,0.03,5.0,230964.0,3849.4,Platinum
9959,5,7052.049999999999,1410.4099999999999,Sports & Fitness,Desktop,Direct,158,5.27,0.9488,16058.36,7052.05,Bronze
9961,1,1587.64,1587.64,Grocery,Desktop,Organic Search,1,0.03,5.0,95258.4,1587.64,Gold
9962,1,1198.66,1198.66,Books,Mobile,Social Media,1,0.03,5.0,71919.6,1198.66,Gold
9963,2,3696.62,1848.31,Fashion,Desktop,Email Campaign,61,2.03,0.9852,21851.46,3696.62,Silver
9965,2,1116.83,558.415,Electronics,Desktop,Direct,169,5.63,0.3552,2380.19,1116.83,Bronze
9976,1,3573.54,3573.54,Electronics,Desktop,Email Campaign,1,0.03,5.0,214412.4,3573.54,Platinum
9977,1,879.36,879.36,Beauty & Personal Care,Desktop,Social Media,1,0.03,5.0,52761.6,879.36,Silver
9978,2,5745.68,2872.84,Beauty & Personal Care,Mobile,Direct,95,3.17,0.6309,21749.7,5745.68,Silver
9979,1,2429.94,2429.94,Books,Desktop,Email Campaign,1,0.03,5.0,145796.4,2429.94,Platinum
9982,2,921.9200000000001,460.96000000000004,Sports & Fitness,Desktop,Email Campaign,149,4.97,0.4024,2225.88,921.92,Bronze
9983,2,5784.139999999999,2892.0699999999997,Books,Mobile,Email Campaign,284,9.47,0.2112,7329.66,5784.14,Bronze
9985,1,3656.85,3656.85,Beauty & Personal Care,Desktop,Direct,1,0.03,5.0,219411.0,3656.85,Platinum
9987,1,922.81,922.81,Electronics,Desktop,Social Media,1,0.03,5.0,55368.6,922.81,Silver
9990,2,10009.98,5004.99,Home & Kitchen,Desktop,Direct,119,3.97,0.5038,30258.17,10009.98,Silver
9992,2,4906.209999999999,2453.1049999999996,Books,Desktop,Referral,105,3.5,0.5714,16820.45,4906.21,Bronze
9993,2,3413.7200000000003,1706.8600000000001,Grocery,Mobile,Direct,120,4.0,0.5,10241.16,3413.72,Bronze
9994,1,1038.24,1038.24,Toys & Baby,Desktop,Paid Ads,1,0.03,5.0,62294.4,1038.24,Gold
9997,1,1583.0,1583.0,Home & Kitchen,Mobile,Paid Ads,1,0.03,5.0,94980.0,1583.0,Gold
9998,1,1295.58,1295.58,Home & Kitchen,Desktop,Direct,1,0.03,5.0,77734.8,1295.58,Gold
