customer_id,total_purchases,total_revenue,avg_order_value,product_category,device_type,payment_method,marketing_channel,days_since_purchase,churn_status,is_churned,churn_risk
1000,1,1228.72,1228.72,Grocery,Desktop,Cash on Delivery,Direct,248,Churned,1,Churned
1003,1,1681.96,1681.96,Fashion,Mobile,UPI,Direct,89,Active,0,High Risk
1008,1,1546.42,1546.42,Home & Kitchen,Desktop,Debit Card,Referral,49,Active,0,Medium Risk
1009,3,4616.63,1538.8766666666668,Books,Desktop,Credit Card,Organic Search,100,Churned,1,Churned
1014,1,2423.92,2423.92,Toys & Baby,Desktop,Credit Card,Paid Ads,318,Churned,1,Churned
1026,1,244.3,244.3,Fashion,Mobile,Cash on Delivery,Paid Ads,350,Churned,1,Churned
1028,1,2328.44,2328.44,Toys & Baby,Desktop,Cash on Delivery,Social Media,138,Churned,1,Churned
1029,1,357.02,357.02,Grocery,Tablet,Credit Card,Email Campaign,155,Churned,1,Churned
1031,2,2231.42,1115.71,Electronics,Desktop,Cash on Delivery,Direct,129,Churned,1,Churned
1033,1,571.06,571.06,Electronics,Desktop,Debit Card,Direct,333,Churned,1,Churned
1035,1,325.77,325.77,Sports & Fitness,Desktop,Credit Card,Paid Ads,137,Churned,1,Churned
1036,1,395.17,395.17,Grocery,Mobile,UPI,Organic Search,51,Active,0,Medium Risk
1038,1,4503.98,4503.98,Beauty & Personal Care,Desktop,UPI,Social Media,52,Active,0,Medium Risk
1039,2,1852.98,926.49,Electronics,Desktop,Credit Card,Direct,15,Active,0,Low Risk
1040,2,7417.69,3708.845,Books,Mobile,Cash on Delivery,Organic Search,14,Active,0,Low Risk
1041,1,1296.48,1296.48,Sports & Fitness,Desktop,UPI,Referral,121,Churned,1,Churned
1042,3,4330.68,1443.5600000000002,Beauty & Personal Care,Mobile,Debit Card,Email Campaign,139,Churned,1,Churned
1044,2,1008.6199999999999,504.30999999999995,Fashion,Desktop,Credit Card,Organic Search,73,Active,0,High Risk
1047,1,922.92,922.92,Toys & Baby,Mobile,Credit Card,Social Media,126,Churned,1,Churned
1054,1,2322.16,2322.16,Books,Mobile,Cash on Delivery,Referral,184,Churned,1,Churned
1056,1,345.71,345.71,Grocery,Desktop,Cash on Delivery,Direct,79,Active,0,High Risk
1058,2,6257.73,3128.865,Beauty & Personal Care,Desktop,Cash on Delivery,Direct,222,Churned,1,Churned
1062,2,5304.35,2652.175,Grocery,Desktop,EMI,Organic Search,94,Churned,1,Churned
1065,1,7889.36,7889.36,Home & Kitchen,Desktop,Credit Card,Paid Ads,223,Churned,1,Churned
1066,1,3654.18,3654.18,Home & Kitchen,Mobile,EMI,Direct,142,Churned,1,Churned
1067,1,2032.07,2032.07,Electronics,Mobile,Net Banking,Social Media,119,Churned,1,Churned
1071,1,1331.9,1331.9,Toys & Baby,Desktop,Cash on Delivery,Social Media,132,Churned,1,Churned
1076,1,1449.62,1449.62,Grocery,Desktop,Debit Card,Organic Search,342,Churned,1,Churned
1077,1,1959.6,1959.6,Grocery,Mobile,Credit Card,Social Media,89,Active,0,High Risk
1078,1,490.0,490.0,Electronics,Mobile,Net Banking,Social Media,215,Churned,1,Churned
1079,1,4252.77,4252.77,Books,Mobile,EMI,Email Campaign,107,Churned,1,Churned
1080,1,2111.96,2111.96,Fashion,Desktop,Debit Card,Social Media,124,Churned,1,Churned
1082,1,1601.42,1601.42,Electronics,Mobile,Credit Card,Paid Ads,225,Churned,1,Churned
1083,1,1056.76,1056.76,Beauty & Personal Care,Desktop,EMI,Email Campaign,166,Churned,1,Churned
1084,1,3648.04,3648.04,Grocery,Mobile,UPI,Direct,355,Churned,1,Churned
1086,1,1236.24,1236.24,Fashion,Desktop,UPI,Referral,339,Churned,1,Churned
1087,1,222.61,222.61,Sports & Fitness,Mobile,Net Banking,Referral,218,Churned,1,Churned
1089,1,2169.46,2169.46,Toys & Baby,Desktop,EMI,Referral,212,Churned,1,Churned
1090,1,3331.6,3331.6,Home & Kitchen,Desktop,UPI,Email Campaign,216,Churned,1,Churned
1092,1,2987.93,2987.93,Books,Desktop,EMI,Social Media,166,Churned,1,Churned
1095,2,3681.54,1840.77,Books,Desktop,Cash on Delivery,Direct,50,Active,0,Medium Risk
1096,2,4912.93,2456.465,Beauty & Personal Care,Desktop,EMI,Email Campaign,136,Churned,1,Churned
1099,1,2717.82,2717.82,Grocery,Mobile,Debit Card,Social Media,88,Active,0,High Risk
1100,2,788.77,394.385,Fashion,Desktop,Cash on Delivery,Direct,141,Churned,1,Churned
1101,1,1339.45,1339.45,Fashion,Tablet,Cash on Delivery,Paid Ads,42,Active,0,Medium Risk
1105,1,1244.58,1244.58,Electronics,Desktop,Net Banking,Organic Search,327,Churned,1,Churned
1110,1,2098.22,2098.22,Toys & Baby,Mobile,Cash on Delivery,Email Campaign,41,Active,0,Medium Risk
1111,1,1839.86,1839.86,Beauty & Personal Care,Desktop,EMI,Paid Ads,223,Churned,1,Churned
1112,1,2540.56,2540.56,Home & Kitchen,Mobile,Credit Card,Organic Search,323,Churned,1,Churned
1115,1,1763.68,1763.68,Grocery,Desktop,EMI,Organic Search,214,Churned,1,Churned
1118,1,4522.5,4522.5,Home & Kitchen,Desktop,UPI,Organic Search,351,Churned,1,Churned
1121,1,1894.59,1894.59,Books,Desktop,Net Banking,Social Media,227,Churned,1,Churned
1124,2,1684.02,842.01,Electronics,Desktop,Cash on Delivery,Organic Search,68,Active,0,High Risk
1126,2,2051.36,1025.68,Sports & Fitness,Desktop,Debit Card,Referral,126,Churned,1,Churned
1130,1,1026.78,1026.78,Fashion,Mobile,Net Banking,Social Media,196,Churned,1,Churned
1131,1,1150.86,1150.86,Sports & Fitness,Desktop,EMI,Referral,182,Churned,1,Churned
1132,2,3476.2200000000003,1738.1100000000001,Books,Desktop,Debit Card,Referral,124,Churned,1,Churned
1134,3,7061.16,2353.72,Fashion,Desktop,Credit Card,Email Campaign,53,Active,0,Medium Risk
1138,1,924.05,924.05,Grocery,Mobile,Net Banking,Paid Ads,29,Active,0,Low Risk
1145,1,997.25,997.25,Beauty & Personal Care,Desktop,Cash on Delivery,Referral,56,Active,0,Medium Risk
1146,1,2950.09,2950.09,Home & Kitchen,Desktop,Debit Card,Email Campaign,32,Active,0,Medium Risk
1148,1,843.58,843.58,Fashion,Desktop,UPI,Direct,351,Churned,1,Churned
1150,1,2340.49,2340.49,Beauty & Personal Care,Tablet,Net Banking,Social Media,234,Churned,1,Churned
1151,1,673.69,673.69,Books,Mobile,EMI,Email Campaign,64,Active,0,High Risk
1152,1,772.78,772.78,Books,Mobile,Debit Card,Paid Ads,109,Churned,1,Churned
1153,1,1069.29,1069.29,Grocery,Mobile,Cash on Delivery,Paid Ads,86,Active,0,High Risk
1155,2,4908.51,2454.255,Beauty & Personal Care,Mobile,Cash on Delivery,Organic Search,115,Churned,1,Churned
1158,1,2864.37,2864.37,Home & Kitchen,Desktop,EMI,Referral,64,Active,0,High Risk
1159,1,5605.16,5605.16,Toys & Baby,Desktop,EMI,Paid Ads,288,Churned,1,Churned
1160,1,2058.0,2058.0,Beauty & Personal Care,Mobile,Debit Card,Email Campaign,240,Churned,1,Churned
1162,1,1483.14,1483.14,Electronics,Desktop,Cash on Delivery,Social Media,336,Churned,1,Churned
1163,1,403.7,403.7,Home & Kitchen,Mobile,UPI,Organic Search,81,Active,0,High Risk
1164,1,1126.58,1126.58,Toys & Baby,Tablet,Net Banking,Direct,180,Churned,1,Churned
1165,2,1357.8700000000001,678.9350000000001,Fashion,Mobile,Cash on Delivery,Direct,31,Active,0,Medium Risk
1167,2,3059.2,1529.6,Beauty & Personal Care,Mobile,Cash on Delivery,Direct,18,Active,0,Low Risk
1169,2,947.29,473.645,Fashion,Desktop,Cash on Delivery,Email Campaign,148,Churned,1,Churned
1172,1,332.26,332.26,Fashion,Desktop,Cash on Delivery,Organic Search,265,Churned,1,Churned
1174,1,1507.02,1507.02,Grocery,Mobile,EMI,Organic Search,171,Churned,1,Churned
1175,2,2666.8900000000003,1333.4450000000002,Beauty & Personal Care,Mobile,Credit Card,Email Campaign,128,Churned,1,Churned
1177,1,756.39,756.39,Electronics,Tablet,EMI,Email Campaign,142,Churned,1,Churned
1183,1,5294.04,5294.04,Home & Kitchen,Tablet,Credit Card,Direct,263,Churned,1,Churned
1184,2,3314.81,1657.405,Beauty & Personal Care,Desktop,EMI,Paid Ads,181,Churned,1,Churned
1187,2,9145.76,4572.88,Electronics,Mobile,Debit Card,Paid Ads,26,Active,0,Low Risk
1188,3,1550.69,516.8966666666666,Electronics,Desktop,Credit Card,Paid Ads,20,Active,0,Low Risk
1190,2,1456.45,728.225,Grocery,Desktop,Credit Card,Social Media,39,Active,0,Medium Risk
1193,1,1818.94,1818.94,Beauty & Personal Care,Desktop,Net Banking,Organic Search,360,Churned,1,Churned
1195,1,1219.67,1219.67,Books,Desktop,Cash on Delivery,Organic Search,2,Active,0,Low Risk
1196,2,5634.82,2817.41,Electronics,Mobile,Cash on Delivery,Organic Search,255,Churned,1,Churned
1197,1,4518.88,4518.88,Toys & Baby,Mobile,Debit Card,Organic Search,26,Active,0,Low Risk
1198,1,973.3,973.3,Books,Mobile,Net Banking,Email Campaign,178,Churned,1,Churned
1200,1,1897.32,1897.32,Electronics,Mobile,UPI,Paid Ads,64,Active,0,High Risk
1202,1,1248.59,1248.59,Beauty & Personal Care,Desktop,Cash on Delivery,Referral,294,Churned,1,Churned
1203,2,3619.66,1809.83,Books,Mobile,Credit Card,Organic Search,238,Churned,1,Churned
1204,1,969.32,969.32,Fashion,Mobile,Credit Card,Social Media,41,Active,0,Medium Risk
1206,1,3324.51,3324.51,Toys & Baby,Mobile,Credit Card,Social Media,319,Churned,1,Churned
1208,1,1136.65,1136.65,Books,Desktop,EMI,Organic Search,179,Churned,1,Churned
1209,1,816.6,816.6,Electronics,Tablet,Credit Card,Direct,310,Churned,1,Churned
1212,3,2666.46,888.82,Fashion,Desktop,Debit Card,Social Media,32,Active,0,Medium Risk
1213,1,744.78,744.78,Electronics,Mobile,Debit Card,Organic Search,109,Churned,1,Churned
1214,1,3055.83,3055.83,Toys & Baby,Desktop,EMI,Social Media,323,Churned,1,Churned
1215,1,1328.42,1328.42,Fashion,Mobile,Net Banking,Email Campaign,53,Active,0,Medium Risk
1218,2,3526.43,1763.215,Grocery,Desktop,Cash on Delivery,Email Campaign,69,Active,0,High Risk
1220,1,1765.86,1765.86,Books,Desktop,EMI,Paid Ads,209,Churned,1,Churned
1222,1,898.63,898.63,Books,Tablet,EMI,Referral,344,Churned,1,Churned
1223,1,522.78,522.78,Home & Kitchen,Desktop,EMI,Referral,63,Active,0,High Risk
1225,1,268.76,268.76,Sports & Fitness,Desktop,Debit Card,Referral,128,Churned,1,Churned
1226,1,1203.09,1203.09,Electronics,Mobile,Debit Card,Social Media,48,Active,0,Medium Risk
1227,1,4039.92,4039.92,Home & Kitchen,Mobile,Cash on Delivery,Referral,19,Active,0,Low Risk
1228,1,829.75,829.75,Books,Mobile,Debit Card,Social Media,301,Churned,1,Churned
1229,1,651.56,651.56,Sports & Fitness,Mobile,EMI,Organic Search,358,Churned,1,Churned
1231,1,741.57,741.57,Toys & Baby,Desktop,Cash on Delivery,Paid Ads,77,Active,0,High Risk
1234,1,377.35,377.35,Sports & Fitness,Desktop,Net Banking,Direct,224,Churned,1,Churned
1240,1,1882.12,1882.12,Grocery,Desktop,EMI,Social Media,98,Churned,1,Churned
1241,2,3617.15,1808.575,Books,Desktop,Credit Card,Direct,125,Churned,1,Churned
1243,1,3898.5,3898.5,Toys & Baby,Desktop,Debit Card,Organic Search,147,Churned,1,Churned
1244,2,3078.65,1539.325,Sports & Fitness,Mobile,Cash on Delivery,Direct,51,Active,0,Medium Risk
1252,2,7790.94,3895.47,Books,Desktop,EMI,Direct,48,Active,0,Medium Risk
1253,1,2191.33,2191.33,Books,Desktop,UPI,Email Campaign,251,Churned,1,Churned
1262,1,797.16,797.16,Sports & Fitness,Desktop,Net Banking,Direct,296,Churned,1,Churned
1264,1,1712.22,1712.22,Books,Desktop,Debit Card,Email Campaign,98,Churned,1,Churned
1268,1,1455.21,1455.21,Home & Kitchen,Tablet,Credit Card,Referral,15,Active,0,Low Risk
1269,1,1787.02,1787.02,Books,Mobile,Cash on Delivery,Referral,183,Churned,1,Churned
1270,2,3845.93,1922.965,Beauty & Personal Care,Desktop,Debit Card,Organic Search,99,Churned,1,Churned
1271,1,1130.35,1130.35,Beauty & Personal Care,Desktop,Debit Card,Direct,137,Churned,1,Churned
1274,1,2065.7,2065.7,Toys & Baby,Mobile,Debit Card,Paid Ads,273,Churned,1,Churned
1275,2,7788.92,3894.46,Books,Desktop,Debit Card,Referral,145,Churned,1,Churned
1277,1,414.36,414.36,Sports & Fitness,Desktop,Net Banking,Email Campaign,294,Churned,1,Churned
1278,2,4367.72,2183.86,Fashion,Mobile,EMI,Direct,83,Active,0,High Risk
1279,1,3180.17,3180.17,Home & Kitchen,Mobile,Credit Card,Referral,301,Churned,1,Churned
1282,1,281.46,281.46,Sports & Fitness,Desktop,UPI,Organic Search,40,Active,0,Medium Risk
1283,1,3166.32,3166.32,Grocery,Desktop,EMI,Social Media,51,Active,0,Medium Risk
1284,1,6649.04,6649.04,Home & Kitchen,Desktop,EMI,Paid Ads,153,Churned,1,Churned
1285,1,2942.34,2942.34,Fashion,Desktop,Credit Card,Email Campaign,363,Churned,1,Churned
1290,2,1015.6500000000001,507.82500000000005,Beauty & Personal Care,Desktop,Cash on Delivery,Direct,44,Active,0,Medium Risk
1291,1,2457.68,2457.68,Fashion,Tablet,Credit Card,Direct,359,Churned,1,Churned
1292,2,3075.91,1537.955,Beauty & Personal Care,Desktop,Debit Card,Direct,289,Churned,1,Churned
1295,1,267.34,267.34,Toys & Baby,Mobile,Cash on Delivery,Direct,175,Churned,1,Churned
1298,1,285.16,285.16,Beauty & Personal Care,Desktop,UPI,Direct,278,Churned,1,Churned
1302,1,821.62,821.62,Home & Kitchen,Desktop,Credit Card,Social Media,42,Active,0,Medium Risk
1303,1,989.88,989.88,Beauty & Personal Care,Mobile,Net Banking,Email Campaign,317,Churned,1,Churned
1304,1,529.27,529.27,Beauty & Personal Care,Mobile,Net Banking,Referral,81,Active,0,High Risk
1307,1,553.52,553.52,Sports & Fitness,Mobile,Net Banking,Referral,326,Churned,1,Churned
1308,1,566.61,566.61,Electronics,Tablet,Net Banking,Social Media,320,Churned,1,Churned
1312,2,6037.98,3018.99,Grocery,Mobile,Cash on Delivery,Direct,303,Churned,1,Churned
1315,1,1937.57,1937.57,Books,Desktop,Credit Card,Email Campaign,173,Churned,1,Churned
1316,5,9432.31,1886.462,Grocery,Desktop,Credit Card,Direct,34,Active,0,Medium Risk
1317,4,8119.4400000000005,2029.8600000000001,Books,Mobile,EMI,Direct,30,Active,0,Low Risk
1318,2,1692.53,846.265,Electronics,Desktop,Cash on Delivery,Referral,149,Churned,1,Churned
1319,2,3602.98,1801.49,Grocery,Desktop,Debit Card,Referral,110,Churned,1,Churned
1322,2,2239.44,1119.72,Books,Mobile,Cash on Delivery,Email Campaign,126,Churned,1,Churned
1323,1,3132.29,3132.29,Beauty & Personal Care,Mobile,Cash on Delivery,Paid Ads,212,Churned,1,Churned
1324,1,3519.68,3519.68,Home & Kitchen,Tablet,Net Banking,Social Media,90,Active,0,High Risk
1327,2,4069.45,2034.725,Fashion,Desktop,Cash on Delivery,Email Campaign,1,Active,0,Low Risk
1329,1,443.01,443.01,Sports & Fitness,Mobile,UPI,Organic Search,98,Churned,1,Churned
1331,1,4930.51,4930.51,Toys & Baby,Desktop,EMI,Email Campaign,133,Churned,1,Churned
1332,1,3016.32,3016.32,Grocery,Mobile,Cash on Delivery,Email Campaign,271,Churned,1,Churned
1334,5,12203.21,2440.642,Electronics,Desktop,Cash on Delivery,Direct,15,Active,0,Low Risk
1335,3,3522.92,1174.3066666666666,Fashion,Desktop,Credit Card,Paid Ads,10,Active,0,Low Risk
1336,1,3797.19,3797.19,Beauty & Personal Care,Desktop,Debit Card,Social Media,109,Churned,1,Churned
1337,1,783.06,783.06,Home & Kitchen,Desktop,EMI,Paid Ads,230,Churned,1,Churned
1339,1,530.31,530.31,Grocery,Mobile,Credit Card,Paid Ads,300,Churned,1,Churned
1343,1,3053.36,3053.36,Home & Kitchen,Mobile,Credit Card,Paid Ads,23,Active,0,Low Risk
1345,1,256.67,256.67,Sports & Fitness,Desktop,Net Banking,Email Campaign,164,Churned,1,Churned
1347,1,3357.67,3357.67,Electronics,Desktop,Cash on Delivery,Paid Ads,266,Churned,1,Churned
1348,1,4789.77,4789.77,Toys & Baby,Desktop,UPI,Email Campaign,208,Churned,1,Churned
1349,1,307.29,307.29,Grocery,Mobile,Net Banking,Paid Ads,180,Churned,1,Churned
1350,3,1480.29,493.43,Sports & Fitness,Mobile,Cash on Delivery,Social Media,293,Churned,1,Churned
1351,1,4652.64,4652.64,Books,Mobile,Cash on Delivery,Organic Search,89,Active,0,High Risk
1352,2,1316.79,658.395,Grocery,Mobile,Cash on Delivery,Paid Ads,246,Churned,1,Churned
1356,1,2397.1,2397.1,Beauty & Personal Care,Mobile,Debit Card,Direct,106,Churned,1,Churned
1357,1,1199.55,1199.55,Beauty & Personal Care,Desktop,Net Banking,Email Campaign,301,Churned,1,Churned
1360,3,3696.46,1232.1533333333334,Grocery,Desktop,Net Banking,Email Campaign,139,Churned,1,Churned
1361,3,4596.29,1532.0966666666666,Books,Desktop,EMI,Social Media,3,Active,0,Low Risk
1362,1,3356.54,3356.54,Beauty & Personal Care,Desktop,UPI,Referral,330,Churned,1,Churned
1363,2,181.93,90.965,Sports & Fitness,Desktop,Credit Card,Email Campaign,151,Churned,1,Churned
1365,2,3247.63,1623.815,Books,Desktop,Cash on Delivery,Direct,57,Active,0,Medium Risk
1366,1,4299.17,4299.17,Home & Kitchen,Mobile,Debit Card,Social Media,84,Active,0,High Risk
1368,2,4747.9400000000005,2373.9700000000003,Grocery,Desktop,Cash on Delivery,Direct,123,Churned,1,Churned
1370,1,1920.92,1920.92,Grocery,Desktop,Debit Card,Paid Ads,56,Active,0,Medium Risk
1372,2,7627.08,3813.54,Home & Kitchen,Mobile,Cash on Delivery,Direct,231,Churned,1,Churned
1378,3,2604.1,868.0333333333333,Electronics,Desktop,EMI,Email Campaign,31,Active,0,Medium Risk
1379,1,863.94,863.94,Fashion,Desktop,Net Banking,Direct,223,Churned,1,Churned
1380,1,700.35,700.35,Fashion,Mobile,EMI,Paid Ads,157,Churned,1,Churned
1381,1,566.3,566.3,Home & Kitchen,Mobile,Credit Card,Organic Search,217,Churned,1,Churned
1382,2,4061.77,2030.885,Books,Desktop,Debit Card,Email Campaign,107,Churned,1,Churned
1385,1,3694.52,3694.52,Books,Desktop,Credit Card,Social Media,346,Churned,1,Churned
1386,2,3064.78,1532.39,Beauty & Personal Care,Desktop,EMI,Direct,44,Active,0,Medium Risk
1387,2,1111.73,555.865,Books,Mobile,Cash on Delivery,Email Campaign,67,Active,0,High Risk
1388,1,3964.28,3964.28,Beauty & Personal Care,Tablet,UPI,Social Media,203,Churned,1,Churned
1395,2,2703.44,1351.72,Books,Desktop,Credit Card,Email Campaign,218,Churned,1,Churned
1397,1,2856.24,2856.24,Beauty & Personal Care,Mobile,EMI,Referral,155,Churned,1,Churned
1398,1,663.37,663.37,Grocery,Tablet,UPI,Paid Ads,364,Churned,1,Churned
1400,1,527.51,527.51,Electronics,Desktop,Debit Card,Direct,124,Churned,1,Churned
1403,2,2038.8500000000001,1019.4250000000001,Books,Desktop,Cash on Delivery,Direct,66,Active,0,High Risk
1404,2,1646.99,823.495,Books,Desktop,Cash on Delivery,Direct,32,Active,0,Medium Risk
1405,1,1296.62,1296.62,Fashion,Desktop,Net Banking,Organic Search,309,Churned,1,Churned
1410,1,162.49,162.49,Sports & Fitness,Desktop,Cash on Delivery,Social Media,214,Churned,1,Churned
1412,1,698.61,698.61,Sports & Fitness,Desktop,UPI,Direct,4,Active,0,Low Risk
1418,1,829.86,829.86,Grocery,Desktop,Debit Card,Organic Search,55,Active,0,Medium Risk
1419,2,5203.04,2601.52,Beauty & Personal Care,Mobile,Cash on Delivery,Direct,100,Churned,1,Churned
1420,1,4219.62,4219.62,Home & Kitchen,Desktop,UPI,Email Campaign,287,Churned,1,Churned
1422,1,2685.78,2685.78,Beauty & Personal Care,Desktop,Cash on Delivery,Email Campaign,120,Churned,1,Churned
1423,1,1066.1,1066.1,Toys & Baby,Tablet,Debit Card,Direct,361,Churned,1,Churned
1424,1,513.7,513.7,Sports & Fitness,Mobile,EMI,Direct,23,Active,0,Low Risk
1425,1,518.32,518.32,Toys & Baby,Desktop,UPI,Direct,276,Churned,1,Churned
1427,1,2279.68,2279.68,Beauty & Personal Care,Mobile,Net Banking,Direct,34,Active,0,Medium Risk
1430,1,3753.0,3753.0,Home & Kitchen,Mobile,Cash on Delivery,Direct,89,Active,0,High Risk
1433,2,8307.94,4153.97,Fashion,Desktop,Net Banking,Direct,242,Churned,1,Churned
1434,1,2580.84,2580.84,Electronics,Desktop,UPI,Direct,139,Churned,1,Churned
1436,1,3005.46,3005.46,Beauty & Personal Care,Desktop,Cash on Delivery,Direct,322,Churned,1,Churned
1437,2,1919.23,959.615,Sports & Fitness,Desktop,Credit Card,Organic Search,60,Active,0,Medium Risk
1438,1,313.88,313.88,Beauty & Personal Care,Mobile,Cash on Delivery,Organic Search,323,Churned,1,Churned
1440,1,5960.25,5960.25,Home & Kitchen,Mobile,EMI,Direct,167,Churned,1,Churned
1441,1,503.92,503.92,Fashion,Mobile,Credit Card,Referral,277,Churned,1,Churned
1445,2,2774.91,1387.455,Grocery,Desktop,Debit Card,Email Campaign,83,Active,0,High Risk
1447,2,2317.7200000000003,1158.8600000000001,Fashion,Mobile,Cash on Delivery,Direct,19,Active,0,Low Risk
1450,1,2384.76,2384.76,Electronics,Desktop,UPI,Social Media,311,Churned,1,Churned
1451,1,471.13,471.13,Electronics,Desktop,Debit Card,Social Media,95,Churned,1,Churned
1454,1,2611.03,2611.03,Toys & Baby,Desktop,Cash on Delivery,Referral,50,Active,0,Medium Risk
1455,1,254.85,254.85,Fashion,Desktop,Cash on Delivery,Social Media,278,Churned,1,Churned
1456,2,2899.21,1449.605,Beauty & Personal Care,Desktop,Cash on Delivery,Direct,261,Churned,1,Churned
1458,2,2026.27,1013.135,Books,Desktop,EMI,Email Campaign,23,Active,0,Low Risk
1461,1,579.51,579.51,Toys & Baby,Mobile,Cash on Delivery,Direct,6,Active,0,Low Risk
1462,2,1191.03,595.515,Electronics,Mobile,Debit Card,Direct,53,Active,0,Medium Risk
1463,1,4949.6,4949.6,Books,Mobile,Net Banking,Social Media,72,Active,0,High Risk
1464,2,1238.58,619.29,Fashion,Desktop,Cash on Delivery,Direct,291,Churned,1,Churned
1466,1,1417.23,1417.23,Grocery,Desktop,Net Banking,Email Campaign,171,Churned,1,Churned
1467,2,1121.45,560.725,Grocery,Mobile,Cash on Delivery,Direct,137,Churned,1,Churned
1471,1,1161.18,1161.18,Electronics,Mobile,Debit Card,Paid Ads,47,Active,0,Medium Risk
1472,1,220.52,220.52,Electronics,Mobile,UPI,Paid Ads,259,Churned,1,Churned
1473,1,1213.67,1213.67,Sports & Fitness,Mobile,EMI,Email Campaign,143,Churned,1,Churned
1477,1,2809.28,2809.28,Home & Kitchen,Mobile,Net Banking,Email Campaign,179,Churned,1,Churned
1478,1,656.62,656.62,Sports & Fitness,Desktop,UPI,Referral,46,Active,0,Medium Risk
1479,1,2925.48,2925.48,Books,Desktop,Credit Card,Organic Search,158,Churned,1,Churned
1483,2,4226.91,2113.455,Grocery,Desktop,UPI,Email Campaign,22,Active,0,Low Risk
1484,2,4044.9100000000003,2022.4550000000002,Electronics,Desktop,Credit Card,Email Campaign,100,Churned,1,Churned
1486,1,2089.06,2089.06,Home & Kitchen,Tablet,Cash on Delivery,Direct,246,Churned,1,Churned
1487,1,5778.76,5778.76,Books,Mobile,Cash on Delivery,Organic Search,69,Active,0,High Risk
1489,2,730.27,365.135,Beauty & Personal Care,Desktop,EMI,Paid Ads,131,Churned,1,Churned
1490,1,1211.39,1211.39,Fashion,Desktop,UPI,Direct,189,Churned,1,Churned
1492,2,2307.77,1153.885,Beauty & Personal Care,Desktop,Credit Card,Email Campaign,15,Active,0,Low Risk
1493,1,416.59,416.59,Beauty & Personal Care,Desktop,Cash on Delivery,Email Campaign,307,Churned,1,Churned
1496,2,2929.2999999999997,1464.6499999999999,Electronics,Mobile,Cash on Delivery,Email Campaign,10,Active,0,Low Risk
1497,1,5020.5,5020.5,Home & Kitchen,Mobile,Credit Card,Paid Ads,214,Churned,1,Churned
1498,1,5302.37,5302.37,Home & Kitchen,Mobile,EMI,Email Campaign,25,Active,0,Low Risk
1499,1,131.96,131.96,Sports & Fitness,Mobile,Debit Card,Email Campaign,1,Active,0,Low Risk
1501,1,6016.54,6016.54,Home & Kitchen,Desktop,EMI,Social Media,144,Churned,1,Churned
1503,1,4151.74,4151.74,Books,Tablet,UPI,Social Media,76,Active,0,High Risk
1505,1,574.4,574.4,Sports & Fitness,Desktop,Cash on Delivery,Paid Ads,172,Churned,1,Churned
1506,4,11867.1,2966.775,Books,Mobile,Debit Card,Referral,93,Churned,1,Churned
1509,1,963.2,963.2,Toys & Baby,Desktop,Net Banking,Referral,12,Active,0,Low Risk
1510,1,4993.48,4993.48,Beauty & Personal Care,Mobile,UPI,Direct,40,Active,0,Medium Risk
1513,1,165.17,165.17,Fashion,Mobile,Net Banking,Paid Ads,187,Churned,1,Churned
1515,3,1602.91,534.3033333333334,Sports & Fitness,Desktop,Cash on Delivery,Referral,15,Active,0,Low Risk
1517,1,2029.92,2029.92,Electronics,Mobile,EMI,Organic Search,143,Churned,1,Churned
1518,3,6890.76,2296.92,Fashion,Desktop,EMI,Email Campaign,8,Active,0,Low Risk
1521,1,334.46,334.46,Sports & Fitness,Mobile,Debit Card,Email Campaign,245,Churned,1,Churned
1523,1,5576.1,5576.1,Home & Kitchen,Mobile,Cash on Delivery,Email Campaign,244,Churned,1,Churned
1524,1,972.99,972.99,Fashion,Desktop,EMI,Organic Search,233,Churned,1,Churned
1527,1,476.82,476.82,Books,Tablet,Net Banking,Direct,88,Active,0,High Risk
1529,2,4588.91,2294.455,Grocery,Mobile,Debit Card,Direct,173,Churned,1,Churned
1530,2,1126.92,563.46,Grocery,Desktop,Credit Card,Paid Ads,8,Active,0,Low Risk
1531,1,2598.35,2598.35,Toys & Baby,Mobile,UPI,Referral,4,Active,0,Low Risk
1532,1,3212.5,3212.5,Home & Kitchen,Mobile,Cash on Delivery,Email Campaign,189,Churned,1,Churned
1533,1,1858.18,1858.18,Fashion,Mobile,EMI,Organic Search,249,Churned,1,Churned
1538,1,1661.69,1661.69,Grocery,Tablet,Net Banking,Direct,52,Active,0,Medium Risk
1539,2,4421.79,2210.895,Electronics,Desktop,Debit Card,Organic Search,27,Active,0,Low Risk
1543,1,4321.89,4321.89,Home & Kitchen,Mobile,Credit Card,Direct,60,Active,0,Medium Risk
1545,2,1395.81,697.905,Sports & Fitness,Desktop,Cash on Delivery,Organic Search,26,Active,0,Low Risk
1548,1,2348.55,2348.55,Home & Kitchen,Desktop,UPI,Direct,123,Churned,1,Churned
1550,2,7921.13,3960.565,Books,Desktop,Credit Card,Email Campaign,5,Active,0,Low Risk
1551,1,641.61,641.61,Fashion,Desktop,Debit Card,Paid Ads,278,Churned,1,Churned
1555,1,2601.76,2601.76,Beauty & Personal Care,Tablet,Debit Card,Social Media,158,Churned,1,Churned
1557,1,1890.24,1890.24,Fashion,Mobile,Debit Card,Social Media,348,Churned,1,Churned
1560,1,1852.44,1852.44,Electronics,Tablet,UPI,Referral,21,Active,0,Low Risk
1564,1,1536.96,1536.96,Fashion,Desktop,EMI,Email Campaign,188,Churned,1,Churned
1566,1,589.15,589.15,Toys & Baby,Desktop,Net Banking,Paid Ads,109,Churned,1,Churned
1569,1,2879.92,2879.92,Grocery,Mobile,EMI,Organic Search,290,Churned,1,Churned
1570,1,3623.82,3623.82,Beauty & Personal Care,Desktop,EMI,Organic Search,282,Churned,1,Churned
1571,1,2562.31,2562.31,Beauty & Personal Care,Mobile,Cash on Delivery,Organic Search,320,Churned,1,Churned
1577,1,1887.37,1887.37,Toys & Baby,Mobile,UPI,Social Media,210,Churned,1,Churned
1581,1,956.08,956.08,Electronics,Desktop,UPI,Organic Search,302,Churned,1,Churned
1585,1,4847.17,4847.17,Toys & Baby,Mobile,Debit Card,Direct,299,Churned,1,Churned
1589,1,1146.6,1146.6,Beauty & Personal Care,Desktop,UPI,Referral,348,Churned,1,Churned
1595,1,253.56,253.56,Sports & Fitness,Desktop,Credit Card,Paid Ads,102,Churned,1,Churned
1599,2,3167.7400000000002,1583.8700000000001,Grocery,Desktop,Debit Card,Direct,228,Churned,1,Churned
1600,1,970.88,970.88,Sports & Fitness,Mobile,Credit Card,Direct,35,Active,0,Medium Risk
1601,1,1166.22,1166.22,Grocery,Mobile,Debit Card,Direct,135,Churned,1,Churned
1604,1,425.65,425.65,Beauty & Personal Care,Desktop,Cash on Delivery,Referral,253,Churned,1,Churned
1607,1,766.55,766.55,Grocery,Desktop,Credit Card,Paid Ads,299,Churned,1,Churned
1608,4,8634.02,2158.505,Sports & Fitness,Desktop,Credit Card,Referral,79,Active,0,High Risk
1612,1,2539.1,2539.1,Fashion,Mobile,UPI,Organic Search,45,Active,0,Medium Risk
1613,2,2440.56,1220.28,Books,Desktop,Cash on Delivery,Email Campaign,83,Active,0,High Risk
1615,1,2330.22,2330.22,Toys & Baby,Desktop,Debit Card,Paid Ads,275,Churned,1,Churned
1618,2,1529.82,764.91,Fashion,Desktop,Debit Card,Organic Search,33,Active,0,Medium Risk
1620,1,4390.95,4390.95,Home & Kitchen,Mobile,Cash on Delivery,Email Campaign,356,Churned,1,Churned
1622,1,1951.13,1951.13,Toys & Baby,Mobile,Debit Card,Email Campaign,214,Churned,1,Churned
1624,2,1483.5700000000002,741.7850000000001,Books,Desktop,Cash on Delivery,Email Campaign,154,Churned,1,Churned
1627,1,1327.0,1327.0,Home & Kitchen,Desktop,Net Banking,Email Campaign,140,Churned,1,Churned
1629,1,432.01,432.01,Electronics,Mobile,Credit Card,Organic Search,137,Churned,1,Churned
1631,1,2336.52,2336.52,Fashion,Mobile,Net Banking,Paid Ads,105,Churned,1,Churned
1632,2,1683.5900000000001,841.7950000000001,Electronics,Desktop,Credit Card,Email Campaign,15,Active,0,Low Risk
1635,2,1696.4,848.2,Beauty & Personal Care,Desktop,Net Banking,Organic Search,201,Churned,1,Churned
1640,1,765.98,765.98,Fashion,Mobile,Debit Card,Direct,235,Churned,1,Churned
1641,1,1094.88,1094.88,Books,Mobile,Net Banking,Email Campaign,40,Active,0,Medium Risk
1644,2,1552.99,776.495,Grocery,Desktop,Cash on Delivery,Paid Ads,191,Churned,1,Churned
1645,1,3067.74,3067.74,Beauty & Personal Care,Desktop,Net Banking,Social Media,225,Churned,1,Churned
1646,2,5386.24,2693.12,Home & Kitchen,Desktop,EMI,Direct,250,Churned,1,Churned
1647,2,3613.1000000000004,1806.5500000000002,Beauty & Personal Care,Desktop,Credit Card,Direct,112,Churned,1,Churned
1649,1,1929.76,1929.76,Home & Kitchen,Mobile,UPI,Direct,237,Churned,1,Churned
1657,2,1068.19,534.095,Electronics,Desktop,Debit Card,Referral,201,Churned,1,Churned
1658,1,1048.12,1048.12,Electronics,Tablet,Debit Card,Social Media,102,Churned,1,Churned
1659,1,809.91,809.91,Grocery,Desktop,Debit Card,Direct,44,Active,0,Medium Risk
1661,3,10152.52,3384.1733333333336,Electronics,Desktop,EMI,Direct,134,Churned,1,Churned
1667,1,3170.98,3170.98,Home & Kitchen,Mobile,Net Banking,Email Campaign,58,Active,0,Medium Risk
1668,1,722.8,722.8,Sports & Fitness,Desktop,EMI,Direct,68,Active,0,High Risk
1672,1,807.22,807.22,Electronics,Tablet,EMI,Paid Ads,248,Churned,1,Churned
1673,1,1104.84,1104.84,Electronics,Desktop,Net Banking,Social Media,212,Churned,1,Churned
1675,2,5207.360000000001,2603.6800000000003,Beauty & Personal Care,Desktop,EMI,Direct,37,Active,0,Medium Risk
1676,2,3942.9700000000003,1971.4850000000001,Electronics,Desktop,Credit Card,Referral,213,Churned,1,Churned
1681,1,407.71,407.71,Electronics,Mobile,Net Banking,Email Campaign,309,Churned,1,Churned
1682,1,2536.28,2536.28,Home & Kitchen,Desktop,Credit Card,Direct,99,Churned,1,Churned
1683,1,1929.0,1929.0,Home & Kitchen,Desktop,Net Banking,Paid Ads,251,Churned,1,Churned
1687,1,1318.78,1318.78,Books,Tablet,Debit Card,Paid Ads,178,Churned,1,Churned
1688,1,1141.31,1141.31,Toys & Baby,Mobile,EMI,Paid Ads,338,Churned,1,Churned
1690,2,3004.06,1502.03,Books,Desktop,Credit Card,Referral,39,Active,0,Medium Risk
1694,1,3849.17,3849.17,Grocery,Desktop,Cash on Delivery,Direct,233,Churned,1,Churned
1695,1,725.39,725.39,Fashion,Tablet,Cash on Delivery,Direct,67,Active,0,High Risk
1697,1,1989.62,1989.62,Home & Kitchen,Desktop,UPI,Direct,334,Churned,1,Churned
1698,2,4020.0,2010.0,Fashion,Desktop,Debit Card,Social Media,246,Churned,1,Churned
1699,1,1136.57,1136.57,Grocery,Tablet,EMI,Email Campaign,203,Churned,1,Churned
1702,2,805.1700000000001,402.58500000000004,Books,Mobile,Cash on Delivery,Paid Ads,287,Churned,1,Churned
1703,1,2702.64,2702.64,Fashion,Desktop,EMI,Referral,313,Churned,1,Churned
1706,1,1735.8,1735.8,Fashion,Desktop,Net Banking,Social Media,114,Churned,1,Churned
1708,2,1565.29,782.645,Beauty & Personal Care,Desktop,Net Banking,Direct,16,Active,0,Low Risk
1709,1,1876.09,1876.09,Home & Kitchen,Desktop,Cash on Delivery,Direct,149,Churned,1,Churned
1710,1,6703.32,6703.32,Books,Desktop,Cash on Delivery,Email Campaign,166,Churned,1,Churned
1711,3,1730.48,576.8266666666667,Electronics,Desktop,Cash on Delivery,Email Campaign,103,Churned,1,Churned
1712,1,3794.86,3794.86,Toys & Baby,Mobile,Cash on Delivery,Email Campaign,18,Active,0,Low Risk
1713,1,1641.2,1641.2,Books,Mobile,UPI,Organic Search,257,Churned,1,Churned
1719,2,4606.89,2303.445,Electronics,Desktop,Credit Card,Organic Search,3,Active,0,Low Risk
1720,1,2791.04,2791.04,Beauty & Personal Care,Mobile,Cash on Delivery,Social Media,353,Churned,1,Churned
1722,2,2146.9700000000003,1073.4850000000001,Electronics,Desktop,Cash on Delivery,Email Campaign,34,Active,0,Medium Risk
1723,1,365.57,365.57,Books,Mobile,Credit Card,Paid Ads,130,Churned,1,Churned
1728,1,4775.0,4775.0,Home & Kitchen,Desktop,UPI,Email Campaign,135,Churned,1,Churned
1730,1,681.53,681.53,Home & Kitchen,Mobile,Net Banking,Paid Ads,15,Active,0,Low Risk
1731,1,1130.1,1130.1,Sports & Fitness,Mobile,Credit Card,Organic Search,74,Active,0,High Risk
1732,1,415.91,415.91,Toys & Baby,Desktop,Net Banking,Referral,82,Active,0,High Risk
1733,1,688.34,688.34,Home & Kitchen,Desktop,Cash on Delivery,Direct,364,Churned,1,Churned
1736,1,2510.82,2510.82,Home & Kitchen,Desktop,Debit Card,Paid Ads,319,Churned,1,Churned
1738,3,13800.96,4600.32,Toys & Baby,Mobile,Credit Card,Paid Ads,12,Active,0,Low Risk
1742,1,1286.8,1286.8,Beauty & Personal Care,Tablet,Debit Card,Organic Search,4,Active,0,Low Risk
1745,2,1012.98,506.49,Electronics,Desktop,UPI,Email Campaign,163,Churned,1,Churned
1746,1,288.04,288.04,Grocery,Desktop,UPI,Organic Search,63,Active,0,High Risk
1747,3,5489.889999999999,1829.9633333333331,Fashion,Mobile,Cash on Delivery,Direct,89,Active,0,High Risk
1749,1,882.81,882.81,Books,Tablet,Net Banking,Direct,345,Churned,1,Churned
1751,1,1128.93,1128.93,Grocery,Mobile,Debit Card,Paid Ads,38,Active,0,Medium Risk
1756,1,666.3,666.3,Sports & Fitness,Mobile,Debit Card,Social Media,254,Churned,1,Churned
1757,1,794.94,794.94,Home & Kitchen,Mobile,Debit Card,Paid Ads,137,Churned,1,Churned
1759,1,922.11,922.11,Fashion,Desktop,Cash on Delivery,Referral,85,Active,0,High Risk
1762,1,4314.87,4314.87,Toys & Baby,Desktop,Debit Card,Organic Search,139,Churned,1,Churned
1763,1,5219.03,5219.03,Home & Kitchen,Mobile,Cash on Delivery,Organic Search,133,Churned,1,Churned
1764,1,1182.76,1182.76,Fashion,Desktop,Debit Card,Organic Search,37,Active,0,Medium Risk
1765,3,6114.2,2038.0666666666666,Beauty & Personal Care,Desktop,Cash on Delivery,Direct,218,Churned,1,Churned
1766,1,606.83,606.83,Fashion,Mobile,Debit Card,Email Campaign,70,Active,0,High Risk
1767,1,537.62,537.62,Sports & Fitness,Desktop,Net Banking,Referral,97,Churned,1,Churned
1770,1,678.33,678.33,Fashion,Mobile,Credit Card,Social Media,225,Churned,1,Churned
1773,4,4761.9400000000005,1190.4850000000001,Electronics,Mobile,Debit Card,Email Campaign,72,Active,0,High Risk
1777,1,150.84,150.84,Sports & Fitness,Mobile,Credit Card,Referral,258,Churned,1,Churned
1778,1,1006.0,1006.0,Electronics,Tablet,Cash on Delivery,Social Media,123,Churned,1,Churned
1780,1,3213.85,3213.85,Home & Kitchen,Mobile,Credit Card,Paid Ads,230,Churned,1,Churned
1781,1,752.89,752.89,Toys & Baby,Desktop,Net Banking,Paid Ads,354,Churned,1,Churned
1783,1,958.94,958.94,Fashion,Mobile,Credit Card,Organic Search,34,Active,0,Medium Risk
1786,2,2626.37,1313.185,Books,Mobile,Debit Card,Email Campaign,331,Churned,1,Churned
1787,1,1424.09,1424.09,Beauty & Personal Care,Mobile,EMI,Email Campaign,348,Churned,1,Churned
1788,1,632.04,632.04,Electronics,Tablet,Cash on Delivery,Referral,158,Churned,1,Churned
1789,1,4764.74,4764.74,Books,Desktop,Debit Card,Direct,307,Churned,1,Churned
1795,1,527.61,527.61,Fashion,Desktop,Cash on Delivery,Organic Search,27,Active,0,Low Risk
1797,1,2043.63,2043.63,Toys & Baby,Mobile,Debit Card,Email Campaign,200,Churned,1,Churned
1798,1,3230.25,3230.25,Grocery,Desktop,UPI,Social Media,106,Churned,1,Churned
1800,1,1153.65,1153.65,Grocery,Desktop,Debit Card,Direct,275,Churned,1,Churned
1801,1,2547.22,2547.22,Beauty & Personal Care,Mobile,Debit Card,Email Campaign,166,Churned,1,Churned
1802,1,1337.24,1337.24,Beauty & Personal Care,Tablet,Credit Card,Social Media,19,Active,0,Low Risk
1803,1,2206.11,2206.11,Fashion,Mobile,Cash on Delivery,Social Media,32,Active,0,Medium Risk
1808,1,506.2,506.2,Toys & Baby,Desktop,Debit Card,Email Campaign,152,Churned,1,Churned
1811,2,2675.0099999999998,1337.5049999999999,Grocery,Mobile,Cash on Delivery,Direct,80,Active,0,High Risk
1812,1,1980.48,1980.48,Fashion,Desktop,Cash on Delivery,Social Media,313,Churned,1,Churned
1814,2,2276.38,1138.19,Beauty & Personal Care,Desktop,EMI,Direct,315,Churned,1,Churned
1815,1,1156.8,1156.8,Sports & Fitness,Desktop,EMI,Direct,136,Churned,1,Churned
1819,1,3192.12,3192.12,Home & Kitchen,Desktop,Net Banking,Organic Search,85,Active,0,High Risk
1823,2,2421.66,1210.83,Books,Desktop,Cash on Delivery,Organic Search,187,Churned,1,Churned
1825,2,2864.42,1432.21,Books,Desktop,Credit Card,Organic Search,79,Active,0,High Risk
1829,1,1398.4,1398.4,Sports & Fitness,Desktop,Cash on Delivery,Paid Ads,13,Active,0,Low Risk
1830,2,1788.8899999999999,894.4449999999999,Sports & Fitness,Desktop,EMI,Referral,4,Active,0,Low Risk
1832,1,1846.82,1846.82,Grocery,Desktop,Credit Card,Direct,16,Active,0,Low Risk
1834,2,1904.63,952.315,Beauty & Personal Care,Mobile,Cash on Delivery,Email Campaign,36,Active,0,Medium Risk
1835,1,177.68,177.68,Electronics,Desktop,EMI,Social Media,363,Churned,1,Churned
1837,1,343.86,343.86,Toys & Baby,Mobile,Credit Card,Paid Ads,232,Churned,1,Churned
1839,1,756.53,756.53,Books,Desktop,EMI,Social Media,332,Churned,1,Churned
1840,2,6283.03,3141.515,Beauty & Personal Care,Desktop,Net Banking,Referral,231,Churned,1,Churned
1841,1,689.02,689.02,Beauty & Personal Care,Mobile,EMI,Social Media,306,Churned,1,Churned
1842,2,2288.83,1144.415,Beauty & Personal Care,Desktop,Cash on Delivery,Paid Ads,214,Churned,1,Churned
1846,1,2908.1,2908.1,Home & Kitchen,Mobile,UPI,Paid Ads,262,Churned,1,Churned
1851,1,5448.2,5448.2,Toys & Baby,Mobile,Net Banking,Organic Search,347,Churned,1,Churned
1853,2,3799.8199999999997,1899.9099999999999,Beauty & Personal Care,Desktop,EMI,Paid Ads,49,Active,0,Medium Risk
1854,2,4694.13,2347.065,Books,Desktop,EMI,Organic Search,83,Active,0,High Risk
1856,1,1251.12,1251.12,Home & Kitchen,Desktop,Cash on Delivery,Paid Ads,278,Churned,1,Churned
1861,2,6969.4400000000005,3484.7200000000003,Beauty & Personal Care,Desktop,Credit Card,Direct,159,Churned,1,Churned
1862,1,787.95,787.95,Electronics,Desktop,EMI,Organic Search,328,Churned,1,Churned
1865,1,934.29,934.29,Books,Desktop,UPI,Organic Search,112,Churned,1,Churned
1867,1,1414.74,1414.74,Grocery,Desktop,Cash on Delivery,Referral,192,Churned,1,Churned
1868,1,550.28,550.28,Beauty & Personal Care,Desktop,Net Banking,Organic Search,186,Churned,1,Churned
1873,1,4479.51,4479.51,Beauty & Personal Care,Desktop,Cash on Delivery,Social Media,143,Churned,1,Churned
1874,1,742.85,742.85,Grocery,Desktop,Net Banking,Direct,254,Churned,1,Churned
1880,1,7776.56,7776.56,Toys & Baby,Mobile,Debit Card,Email Campaign,3,Active,0,Low Risk
1881,1,2444.0,2444.0,Books,Mobile,EMI,Social Media,115,Churned,1,Churned
1885,1,773.51,773.51,Electronics,Mobile,Cash on Delivery,Referral,191,Churned,1,Churned
1886,1,3758.12,3758.12,Home & Kitchen,Tablet,Debit Card,Email Campaign,205,Churned,1,Churned
1889,1,3985.24,3985.24,Beauty & Personal Care,Desktop,UPI,Paid Ads,26,Active,0,Low Risk
1890,1,1673.45,1673.45,Electronics,Desktop,EMI,Email Campaign,306,Churned,1,Churned
1894,1,3616.48,3616.48,Grocery,Desktop,Cash on Delivery,Email Campaign,336,Churned,1,Churned
1899,1,3473.2,3473.2,Grocery,Tablet,Debit Card,Organic Search,112,Churned,1,Churned
1903,1,611.98,611.98,Sports & Fitness,Mobile,UPI,Direct,162,Churned,1,Churned
1908,1,619.54,619.54,Books,Tablet,Cash on Delivery,Organic Search,278,Churned,1,Churned
1914,1,337.89,337.89,Electronics,Desktop,Net Banking,Direct,229,Churned,1,Churned
1915,1,1722.87,1722.87,Home & Kitchen,Mobile,Cash on Delivery,Organic Search,265,Churned,1,Churned
1916,1,211.63,211.63,Fashion,Desktop,Credit Card,Referral,95,Churned,1,Churned
1922,1,742.32,742.32,Sports & Fitness,Desktop,Credit Card,Organic Search,236,Churned,1,Churned
1923,1,2511.84,2511.84,Electronics,Desktop,Net Banking,Organic Search,93,Churned,1,Churned
1926,3,3901.2299999999996,1300.4099999999999,Grocery,Desktop,Cash on Delivery,Organic Search,52,Active,0,Medium Risk
1927,1,944.91,944.91,Electronics,Mobile,Credit Card,Direct,275,Churned,1,Churned
1929,2,2165.5699999999997,1082.7849999999999,Books,Desktop,Credit Card,Email Campaign,58,Active,0,Medium Risk
1930,2,1232.25,616.125,Electronics,Desktop,Cash on Delivery,Paid Ads,222,Churned,1,Churned
1934,2,3780.33,1890.165,Beauty & Personal Care,Mobile,Debit Card,Paid Ads,60,Active,0,Medium Risk
1936,1,1525.02,1525.02,Grocery,Desktop,Credit Card,Direct,109,Churned,1,Churned
1937,1,450.44,450.44,Sports & Fitness,Desktop,EMI,Referral,114,Churned,1,Churned
1941,3,4066.58,1355.5266666666666,Electronics,Desktop,Credit Card,Email Campaign,227,Churned,1,Churned
1943,2,5817.66,2908.83,Home & Kitchen,Desktop,EMI,Email Campaign,107,Churned,1,Churned
1945,1,740.14,740.14,Beauty & Personal Care,Desktop,Debit Card,Paid Ads,355,Churned,1,Churned
1946,1,442.42,442.42,Beauty & Personal Care,Desktop,Net Banking,Email Campaign,203,Churned,1,Churned
1947,1,2008.35,2008.35,Grocery,Mobile,EMI,Paid Ads,221,Churned,1,Churned
1948,1,3147.14,3147.14,Grocery,Mobile,Cash on Delivery,Organic Search,117,Churned,1,Churned
1950,1,3595.68,3595.68,Beauty & Personal Care,Desktop,Credit Card,Email Campaign,322,Churned,1,Churned
1951,4,5702.030000000001,1425.5075000000002,Beauty & Personal Care,Desktop,Debit Card,Paid Ads,26,Active,0,Low Risk
1953,2,4341.24,2170.62,Books,Desktop,EMI,Direct,136,Churned,1,Churned
1955,1,2123.25,2123.25,Grocery,Mobile,Credit Card,Email Campaign,221,Churned,1,Churned
1956,1,1135.6,1135.6,Electronics,Desktop,EMI,Referral,166,Churned,1,Churned
1957,2,2259.73,1129.865,Fashion,Desktop,Credit Card,Direct,206,Churned,1,Churned
1958,2,3011.63,1505.815,Beauty & Personal Care,Desktop,EMI,Organic Search,15,Active,0,Low Risk
1959,1,825.0,825.0,Fashion,Mobile,EMI,Organic Search,313,Churned,1,Churned
1960,2,7002.41,3501.205,Beauty & Personal Care,Desktop,Cash on Delivery,Email Campaign,91,Churned,1,Churned
1963,1,1399.0,1399.0,Sports & Fitness,Desktop,UPI,Referral,258,Churned,1,Churned
1965,1,1619.46,1619.46,Toys & Baby,Tablet,Credit Card,Direct,2,Active,0,Low Risk
1966,1,2704.6,2704.6,Grocery,Desktop,Cash on Delivery,Social Media,187,Churned,1,Churned
1969,1,3084.52,3084.52,Electronics,Desktop,Cash on Delivery,Organic Search,116,Churned,1,Churned
1971,1,1431.76,1431.76,Grocery,Desktop,UPI,Paid Ads,288,Churned,1,Churned
1973,2,10467.41,5233.705,Books,Desktop,Credit Card,Email Campaign,260,Churned,1,Churned
1974,2,1278.26,639.13,Beauty & Personal Care,Desktop,Cash on Delivery,Email Campaign,141,Churned,1,Churned
1977,3,6820.77,2273.59,Fashion,Mobile,Cash on Delivery,Social Media,61,Active,0,High Risk
1979,1,6200.4,6200.4,Books,Tablet,Debit Card,Direct,43,Active,0,Medium Risk
1982,1,1212.63,1212.63,Beauty & Personal Care,Desktop,Credit Card,Referral,104,Churned,1,Churned
1985,1,4485.96,4485.96,Home & Kitchen,Desktop,Cash on Delivery,Referral,253,Churned,1,Churned
1986,1,723.1,723.1,Electronics,Desktop,Debit Card,Referral,230,Churned,1,Churned
1987,1,564.16,564.16,Electronics,Desktop,UPI,Direct,356,Churned,1,Churned
1990,1,4020.52,4020.52,Toys & Baby,Desktop,Credit Card,Social Media,98,Churned,1,Churned
1993,2,756.09,378.045,Electronics,Desktop,Cash on Delivery,Direct,95,Churned,1,Churned
1994,1,355.84,355.84,Fashion,Desktop,Cash on Delivery,Referral,178,Churned,1,Churned
1995,1,493.96,493.96,Electronics,Desktop,Debit Card,Direct,317,Churned,1,Churned
1996,1,3338.77,3338.77,Grocery,Mobile,EMI,Social Media,114,Churned,1,Churned
1997,1,2431.34,2431.34,Beauty & Personal Care,Mobile,EMI,Referral,316,Churned,1,Churned
2002,2,1472.05,736.025,Grocery,Desktop,Debit Card,Email Campaign,144,Churned,1,Churned
2004,1,315.81,315.81,Sports & Fitness,Desktop,Debit Card,Social Media,188,Churned,1,Churned
2008,2,2099.9500000000003,1049.9750000000001,Beauty & Personal Care,Desktop,Cash on Delivery,Direct,196,Churned,1,Churned
2009,2,4369.6,2184.8,Books,Desktop,Credit Card,Email Campaign,191,Churned,1,Churned
2013,2,1609.31,804.655,Books,Mobile,Cash on Delivery,Paid Ads,5,Active,0,Low Risk
2014,1,232.87,232.87,Books,Desktop,Credit Card,Paid Ads,5,Active,0,Low Risk
2017,1,325.76,325.76,Grocery,Desktop,Net Banking,Email Campaign,295,Churned,1,Churned
2020,1,3592.26,3592.26,Grocery,Desktop,Net Banking,Email Campaign,98,Churned,1,Churned
2025,1,407.23,407.23,Electronics,Desktop,Debit Card,Paid Ads,81,Active,0,High Risk
2026,2,7683.26,3841.63,Books,Desktop,Cash on Delivery,Direct,14,Active,0,Low Risk
2027,1,1507.9,1507.9,Electronics,Mobile,Debit Card,Organic Search,256,Churned,1,Churned
2029,1,970.4,970.4,Grocery,Tablet,Cash on Delivery,Organic Search,48,Active,0,Medium Risk
2030,1,415.02,415.02,Books,Mobile,Debit Card,Social Media,272,Churned,1,Churned
2035,1,2652.92,2652.92,Home & Kitchen,Tablet,Net Banking,Email Campaign,256,Churned,1,Churned
2036,1,522.43,522.43,Books,Tablet,Net Banking,Social Media,31,Active,0,Medium Risk
2037,1,3138.17,3138.17,Home & Kitchen,Desktop,Debit Card,Paid Ads,349,Churned,1,Churned
2039,2,1490.94,745.47,Books,Desktop,Credit Card,Direct,142,Churned,1,Churned
2041,2,8680.05,4340.025,Books,Desktop,Debit Card,Email Campaign,17,Active,0,Low Risk
2044,1,843.44,843.44,Fashion,Mobile,EMI,Referral,271,Churned,1,Churned
2046,1,898.84,898.84,Grocery,Desktop,Net Banking,Referral,328,Churned,1,Churned
2048,1,1290.46,1290.46,Fashion,Mobile,Credit Card,Email Campaign,37,Active,0,Medium Risk
2051,1,507.47,507.47,Home & Kitchen,Mobile,Debit Card,Paid Ads,259,Churned,1,Churned
2053,2,1988.96,994.48,Electronics,Desktop,Debit Card,Organic Search,2,Active,0,Low Risk
2054,1,433.5,433.5,Fashion,Desktop,Cash on Delivery,Direct,285,Churned,1,Churned
2055,1,213.01,213.01,Sports & Fitness,Mobile,Debit Card,Referral,11,Active,0,Low Risk
2057,1,2175.32,2175.32,Books,Desktop,Net Banking,Paid Ads,301,Churned,1,Churned
2058,1,1955.16,1955.16,Books,Mobile,UPI,Paid Ads,338,Churned,1,Churned
2063,1,1665.32,1665.32,Sports & Fitness,Mobile,Debit Card,Referral,187,Churned,1,Churned
2064,1,4722.15,4722.15,Books,Desktop,Credit Card,Organic Search,60,Active,0,Medium Risk
2066,2,2298.8,1149.4,Books,Desktop,Debit Card,Referral,40,Active,0,Medium Risk
2068,1,319.95,319.95,Grocery,Desktop,EMI,Organic Search,9,Active,0,Low Risk
2069,2,2338.08,1169.04,Books,Mobile,EMI,Direct,82,Active,0,High Risk
2072,2,1600.6,800.3,Beauty & Personal Care,Desktop,Credit Card,Paid Ads,100,Churned,1,Churned
2073,1,3105.8,3105.8,Toys & Baby,Mobile,Credit Card,Social Media,75,Active,0,High Risk
2074,2,5171.09,2585.545,Beauty & Personal Care,Desktop,EMI,Referral,5,Active,0,Low Risk
2076,1,2587.71,2587.71,Beauty & Personal Care,Desktop,Net Banking,Direct,292,Churned,1,Churned
2077,1,1295.93,1295.93,Home & Kitchen,Desktop,Credit Card,Social Media,297,Churned,1,Churned
2078,1,482.55,482.55,Sports & Fitness,Desktop,Cash on Delivery,Social Media,128,Churned,1,Churned
2079,1,863.97,863.97,Fashion,Tablet,Debit Card,Email Campaign,3,Active,0,Low Risk
2081,1,3992.52,3992.52,Beauty & Personal Care,Desktop,Net Banking,Referral,274,Churned,1,Churned
2082,2,6424.95,3212.475,Beauty & Personal Care,Desktop,UPI,Social Media,219,Churned,1,Churned
2089,1,679.29,679.29,Sports & Fitness,Desktop,Credit Card,Organic Search,134,Churned,1,Churned
2097,3,4193.98,1397.993333333333,Books,Mobile,Credit Card,Direct,85,Active,0,High Risk
2106,1,539.16,539.16,Grocery,Mobile,Net Banking,Social Media,344,Churned,1,Churned
2107,1,2090.28,2090.28,Toys & Baby,Mobile,Debit Card,Organic Search,351,Churned,1,Churned
2113,1,1287.54,1287.54,Beauty & Personal Care,Desktop,Net Banking,Direct,258,Churned,1,Churned
2114,1,1299.41,1299.41,Beauty & Personal Care,Desktop,EMI,Organic Search,193,Churned,1,Churned
2115,1,1159.48,1159.48,Grocery,Desktop,Net Banking,Referral,39,Active,0,Medium Risk
2116,1,545.1,545.1,Sports & Fitness,Desktop,Credit Card,Direct,217,Churned,1,Churned
2117,1,1873.58,1873.58,Grocery,Mobile,UPI,Organic Search,178,Churned,1,Churned
2119,2,1731.77,865.885,Beauty & Personal Care,Mobile,Credit Card,Direct,100,Churned,1,Churned
2120,1,4068.52,4068.52,Books,Desktop,EMI,Email Campaign,122,Churned,1,Churned
2121,2,1081.49,540.745,Fashion,Mobile,Debit Card,Referral,102,Churned,1,Churned
2123,1,414.46,414.46,Sports & Fitness,Mobile,Net Banking,Direct,56,Active,0,Medium Risk
2130,1,1295.7,1295.7,Sports & Fitness,Mobile,Credit Card,Paid Ads,269,Churned,1,Churned
2131,1,648.46,648.46,Electronics,Mobile,EMI,Direct,146,Churned,1,Churned
2132,1,1207.19,1207.19,Sports & Fitness,Mobile,Cash on Delivery,Email Campaign,150,Churned,1,Churned
2135,1,390.76,390.76,Toys & Baby,Mobile,Cash on Delivery,Direct,74,Active,0,High Risk
2136,1,2507.7,2507.7,Books,Mobile,Cash on Delivery,Organic Search,238,Churned,1,Churned
2140,1,3053.3,3053.3,Electronics,Tablet,Cash on Delivery,Direct,336,Churned,1,Churned
2141,1,4993.64,4993.64,Toys & Baby,Mobile,Cash on Delivery,Organic Search,243,Churned,1,Churned
2143,1,1030.14,1030.14,Beauty & Personal Care,Mobile,Debit Card,Direct,75,Active,0,High Risk
2144,1,251.92,251.92,Books,Desktop,Cash on Delivery,Social Media,170,Churned,1,Churned
2147,1,2638.53,2638.53,Grocery,Mobile,Credit Card,Email Campaign,88,Active,0,High Risk
2151,3,7503.79,2501.2633333333333,Beauty & Personal Care,Mobile,EMI,Organic Search,153,Churned,1,Churned
2154,1,304.51,304.51,Sports & Fitness,Mobile,UPI,Email Campaign,162,Churned,1,Churned
2155,3,5645.68,1881.8933333333334,Beauty & Personal Care,Desktop,Debit Card,Direct,280,Churned,1,Churned
2156,2,1314.3600000000001,657.1800000000001,Fashion,Mobile,Net Banking,Email Campaign,109,Churned,1,Churned
2157,2,1499.4299999999998,749.7149999999999,Electronics,Desktop,Credit Card,Direct,287,Churned,1,Churned
2163,2,1255.83,627.915,Electronics,Mobile,Cash on Delivery,Organic Search,4,Active,0,Low Risk
2164,1,2502.0,2502.0,Grocery,Desktop,Debit Card,Direct,78,Active,0,High Risk
2165,1,1361.19,1361.19,Sports & Fitness,Mobile,Cash on Delivery,Email Campaign,201,Churned,1,Churned
2167,2,667.13,333.565,Books,Desktop,Cash on Delivery,Email Campaign,38,Active,0,Medium Risk
2169,1,633.88,633.88,Electronics,Desktop,Cash on Delivery,Paid Ads,177,Churned,1,Churned
2170,2,7742.3,3871.15,Home & Kitchen,Desktop,Cash on Delivery,Referral,193,Churned,1,Churned
2176,1,563.42,563.42,Grocery,Desktop,Debit Card,Social Media,207,Churned,1,Churned
2177,1,427.52,427.52,Fashion,Desktop,Cash on Delivery,Paid Ads,255,Churned,1,Churned
2179,1,255.85,255.85,Fashion,Desktop,Debit Card,Organic Search,175,Churned,1,Churned
2180,1,1217.97,1217.97,Sports & Fitness,Desktop,Net Banking,Social Media,252,Churned,1,Churned
2182,1,597.85,597.85,Electronics,Desktop,Credit Card,Social Media,112,Churned,1,Churned
2183,1,2957.16,2957.16,Toys & Baby,Desktop,Credit Card,Social Media,355,Churned,1,Churned
2184,1,1473.0,1473.0,Sports & Fitness,Mobile,UPI,Organic Search,264,Churned,1,Churned
2185,1,2041.33,2041.33,Fashion,Desktop,Net Banking,Email Campaign,132,Churned,1,Churned
2189,1,3144.92,3144.92,Home & Kitchen,Tablet,Debit Card,Email Campaign,182,Churned,1,Churned
2191,1,1446.88,1446.88,Fashion,Mobile,Cash on Delivery,Paid Ads,35,Active,0,Medium Risk
2192,1,1029.07,1029.07,Toys & Baby,Tablet,EMI,Referral,135,Churned,1,Churned
2193,2,2115.64,1057.82,Beauty & Personal Care,Desktop,Cash on Delivery,Direct,31,Active,0,Medium Risk
2199,2,4552.85,2276.425,Home & Kitchen,Desktop,Credit Card,Direct,11,Active,0,Low Risk
2200,2,2584.41,1292.205,Electronics,Desktop,Cash on Delivery,Email Campaign,121,Churned,1,Churned
2201,1,2167.5,2167.5,Grocery,Desktop,EMI,Email Campaign,311,Churned,1,Churned
2202,2,2080.6000000000004,1040.3000000000002,Books,Tablet,Debit Card,Email Campaign,76,Active,0,High Risk
2205,1,694.49,694.49,Home & Kitchen,Desktop,Net Banking,Direct,267,Churned,1,Churned
2207,1,348.62,348.62,Grocery,Mobile,Net Banking,Social Media,179,Churned,1,Churned
2210,1,2921.29,2921.29,Fashion,Mobile,Debit Card,Social Media,134,Churned,1,Churned
2215,2,4814.959999999999,2407.4799999999996,Home & Kitchen,Desktop,Cash on Delivery,Referral,137,Churned,1,Churned
2223,1,6708.92,6708.92,Home & Kitchen,Mobile,EMI,Social Media,107,Churned,1,Churned
2224,1,888.29,888.29,Toys & Baby,Desktop,EMI,Email Campaign,212,Churned,1,Churned
2225,1,864.8,864.8,Fashion,Desktop,Cash on Delivery,Social Media,173,Churned,1,Churned
2226,1,4514.0,4514.0,Home & Kitchen,Mobile,Cash on Delivery,Paid Ads,353,Churned,1,Churned
2227,1,508.2,508.2,Toys & Baby,Desktop,Net Banking,Email Campaign,279,Churned,1,Churned
2228,1,1168.78,1168.78,Home & Kitchen,Desktop,Credit Card,Social Media,291,Churned,1,Churned
2229,1,1940.76,1940.76,Fashion,Desktop,Credit Card,Paid Ads,312,Churned,1,Churned
2232,1,490.58,490.58,Fashion,Mobile,Credit Card,Paid Ads,319,Churned,1,Churned
2234,1,66.76,66.76,Sports & Fitness,Tablet,Cash on Delivery,Direct,323,Churned,1,Churned
2236,1,802.98,802.98,Grocery,Tablet,Net Banking,Referral,250,Churned,1,Churned
2237,1,3555.01,3555.01,Books,Mobile,UPI,Direct,166,Churned,1,Churned
2240,1,2536.47,2536.47,Toys & Baby,Mobile,Cash on Delivery,Organic Search,126,Churned,1,Churned
2244,1,2059.52,2059.52,Books,Desktop,Credit Card,Email Campaign,239,Churned,1,Churned
2247,1,450.13,450.13,Toys & Baby,Desktop,Net Banking,Email Campaign,281,Churned,1,Churned
2255,2,3328.34,1664.17,Electronics,Desktop,Cash on Delivery,Email Campaign,2,Active,0,Low Risk
2258,1,617.2,617.2,Electronics,Desktop,UPI,Paid Ads,144,Churned,1,Churned
2260,2,4882.51,2441.255,Beauty & Personal Care,Mobile,Cash on Delivery,Direct,227,Churned,1,Churned
2262,1,415.06,415.06,Beauty & Personal Care,Desktop,Credit Card,Referral,24,Active,0,Low Risk
2266,1,641.5,641.5,Beauty & Personal Care,Desktop,UPI,Referral,128,Churned,1,Churned
2275,1,767.39,767.39,Fashion,Desktop,Net Banking,Direct,289,Churned,1,Churned
2277,1,951.32,951.32,Sports & Fitness,Mobile,Credit Card,Direct,245,Churned,1,Churned
2278,1,2229.28,2229.28,Beauty & Personal Care,Mobile,Credit Card,Paid Ads,183,Churned,1,Churned
2280,1,1117.05,1117.05,Fashion,Desktop,Debit Card,Organic Search,234,Churned,1,Churned
2281,1,1506.42,1506.42,Books,Mobile,EMI,Paid Ads,57,Active,0,Medium Risk
2282,1,2032.3,2032.3,Beauty & Personal Care,Mobile,Credit Card,Paid Ads,24,Active,0,Low Risk
2286,2,1859.9899999999998,929.9949999999999,Grocery,Desktop,Debit Card,Referral,104,Churned,1,Churned
2287,2,7664.75,3832.375,Grocery,Desktop,Credit Card,Referral,104,Churned,1,Churned
2288,1,2882.34,2882.34,Home & Kitchen,Desktop,EMI,Direct,69,Active,0,High Risk
2289,1,2204.36,2204.36,Fashion,Tablet,EMI,Email Campaign,346,Churned,1,Churned
2292,1,2318.59,2318.59,Beauty & Personal Care,Desktop,Debit Card,Email Campaign,279,Churned,1,Churned
2294,2,1449.48,724.74,Electronics,Desktop,Cash on Delivery,Direct,103,Churned,1,Churned
2295,1,6400.47,6400.47,Toys & Baby,Tablet,Net Banking,Direct,103,Churned,1,Churned
2296,2,2406.66,1203.33,Fashion,Desktop,Cash on Delivery,Direct,207,Churned,1,Churned
2297,2,2106.12,1053.06,Grocery,Mobile,Cash on Delivery,Email Campaign,117,Churned,1,Churned
2303,1,403.28,403.28,Sports & Fitness,Mobile,Net Banking,Referral,58,Active,0,Medium Risk
2307,1,1828.44,1828.44,Books,Desktop,Net Banking,Paid Ads,166,Churned,1,Churned
2308,1,1523.48,1523.48,Books,Mobile,Net Banking,Organic Search,183,Churned,1,Churned
2312,1,5409.68,5409.68,Toys & Baby,Desktop,EMI,Direct,227,Churned,1,Churned
2314,2,2389.71,1194.855,Fashion,Desktop,Debit Card,Direct,47,Active,0,Medium Risk
2319,1,799.92,799.92,Electronics,Mobile,Net Banking,Organic Search,144,Churned,1,Churned
2324,1,632.77,632.77,Toys & Baby,Desktop,Credit Card,Referral,270,Churned,1,Churned
2325,1,5234.01,5234.01,Books,Desktop,Credit Card,Organic Search,102,Churned,1,Churned
2327,1,354.06,354.06,Sports & Fitness,Desktop,UPI,Direct,285,Churned,1,Churned
2329,2,2434.0,1217.0,Fashion,Desktop,EMI,Direct,25,Active,0,Low Risk
2335,2,3961.23,1980.615,Grocery,Desktop,UPI,Email Campaign,121,Churned,1,Churned
2344,2,2970.8500000000004,1485.4250000000002,Electronics,Desktop,Credit Card,Referral,70,Active,0,High Risk
2347,2,3007.0,1503.5,Electronics,Mobile,Debit Card,Organic Search,138,Churned,1,Churned
2349,2,4454.2300000000005,2227.1150000000002,Fashion,Desktop,Cash on Delivery,Referral,111,Churned,1,Churned
2350,1,1769.0,1769.0,Electronics,Desktop,EMI,Referral,14,Active,0,Low Risk
2355,2,2391.05,1195.525,Electronics,Desktop,Cash on Delivery,Email Campaign,85,Active,0,High Risk
2357,1,484.42,484.42,Fashion,Desktop,Cash on Delivery,Referral,269,Churned,1,Churned
2359,3,10788.55,3596.183333333333,Books,Desktop,Cash on Delivery,Social Media,11,Active,0,Low Risk
2361,1,1184.9,1184.9,Sports & Fitness,Desktop,Cash on Delivery,Referral,95,Churned,1,Churned
2363,1,423.72,423.72,Fashion,Mobile,UPI,Paid Ads,334,Churned,1,Churned
2364,1,4331.28,4331.28,Books,Desktop,Cash on Delivery,Direct,290,Churned,1,Churned
2365,1,495.65,495.65,Toys & Baby,Desktop,Net Banking,Organic Search,317,Churned,1,Churned
2367,1,1637.1,1637.1,Grocery,Desktop,EMI,Email Campaign,27,Active,0,Low Risk
2368,1,793.74,793.74,Beauty & Personal Care,Tablet,UPI,Organic Search,220,Churned,1,Churned
2370,1,540.62,540.62,Sports & Fitness,Desktop,UPI,Social Media,315,Churned,1,Churned
2375,1,3161.86,3161.86,Books,Desktop,EMI,Social Media,308,Churned,1,Churned
2376,1,1353.56,1353.56,Books,Desktop,UPI,Referral,123,Churned,1,Churned
2378,2,5497.6,2748.8,Beauty & Personal Care,Mobile,Cash on Delivery,Direct,167,Churned,1,Churned
2381,1,869.54,869.54,Beauty & Personal Care,Mobile,Credit Card,Social Media,25,Active,0,Low Risk
2385,1,2476.74,2476.74,Grocery,Mobile,UPI,Direct,181,Churned,1,Churned
2387,1,643.25,643.25,Home & Kitchen,Desktop,Cash on Delivery,Direct,299,Churned,1,Churned
2388,1,1168.64,1168.64,Beauty & Personal Care,Mobile,Credit Card,Direct,39,Active,0,Medium Risk
2390,1,1128.06,1128.06,Grocery,Desktop,Cash on Delivery,Referral,344,Churned,1,Churned
2394,1,2244.2,2244.2,Fashion,Desktop,UPI,Organic Search,166,Churned,1,Churned
2395,1,963.64,963.64,Grocery,Mobile,Credit Card,Email Campaign,280,Churned,1,Churned
2396,2,3426.21,1713.105,Beauty & Personal Care,Mobile,Debit Card,Organic Search,5,Active,0,Low Risk
2398,2,7151.139999999999,3575.5699999999997,Fashion,Desktop,Cash on Delivery,Direct,96,Churned,1,Churned
2399,1,256.94,256.94,Electronics,Mobile,EMI,Organic Search,210,Churned,1,Churned
2402,2,4831.389999999999,2415.6949999999997,Beauty & Personal Care,Mobile,EMI,Email Campaign,132,Churned,1,Churned
2405,1,1034.52,1034.52,Beauty & Personal Care,Mobile,Net Banking,Paid Ads,177,Churned,1,Churned
2406,1,2242.92,2242.92,Fashion,Desktop,EMI,Email Campaign,198,Churned,1,Churned
2407,1,242.01,242.01,Electronics,Desktop,Debit Card,Email Campaign,105,Churned,1,Churned
2410,1,1982.73,1982.73,Beauty & Personal Care,Tablet,EMI,Direct,339,Churned,1,Churned
2412,2,842.66,421.33,Fashion,Desktop,Credit Card,Direct,24,Active,0,Low Risk
2415,1,2792.32,2792.32,Books,Mobile,Credit Card,Email Campaign,359,Churned,1,Churned
2417,3,7266.429999999999,2422.143333333333,Books,Desktop,Cash on Delivery,Email Campaign,113,Churned,1,Churned
2418,3,3150.91,1050.3033333333333,Sports & Fitness,Desktop,Debit Card,Paid Ads,233,Churned,1,Churned
2419,1,262.53,262.53,Fashion,Mobile,Net Banking,Direct,178,Churned,1,Churned
2421,2,4790.17,2395.085,Toys & Baby,Desktop,Debit Card,Referral,123,Churned,1,Churned
2422,3,2554.2200000000003,851.4066666666668,Grocery,Desktop,EMI,Paid Ads,43,Active,0,Medium Risk
2423,2,1721.88,860.94,Fashion,Mobile,Credit Card,Paid Ads,5,Active,0,Low Risk
2424,1,3172.36,3172.36,Grocery,Tablet,Debit Card,Email Campaign,42,Active,0,Medium Risk
2425,1,1592.51,1592.51,Fashion,Tablet,Cash on Delivery,Direct,276,Churned,1,Churned
2429,1,3957.48,3957.48,Home & Kitchen,Desktop,EMI,Organic Search,196,Churned,1,Churned
2430,1,641.88,641.88,Sports & Fitness,Desktop,Net Banking,Email Campaign,141,Churned,1,Churned
2431,2,2341.2799999999997,1170.6399999999999,Fashion,Desktop,EMI,Email Campaign,168,Churned,1,Churned
2435,2,5916.63,2958.315,Beauty & Personal Care,Mobile,Credit Card,Referral,17,Active,0,Low Risk
2436,1,1363.24,1363.24,Electronics,Desktop,Debit Card,Paid Ads,95,Churned,1,Churned
2438,1,4495.8,4495.8,Toys & Baby,Mobile,Net Banking,Social Media,127,Churned,1,Churned
2440,1,1616.89,1616.89,Toys & Baby,Mobile,Cash on Delivery,Paid Ads,306,Churned,1,Churned
2443,2,1095.1399999999999,547.5699999999999,Books,Desktop,EMI,Direct,44,Active,0,Medium Risk
2446,1,6305.0,6305.0,Home & Kitchen,Desktop,Net Banking,Social Media,303,Churned,1,Churned
2448,1,3704.66,3704.66,Books,Desktop,EMI,Paid Ads,111,Churned,1,Churned
2451,2,4754.38,2377.19,Fashion,Desktop,Credit Card,Email Campaign,181,Churned,1,Churned
2453,2,8017.26,4008.63,Books,Desktop,Credit Card,Social Media,217,Churned,1,Churned
2455,1,2008.08,2008.08,Fashion,Desktop,Debit Card,Direct,249,Churned,1,Churned
2458,1,1843.14,1843.14,Home & Kitchen,Desktop,Debit Card,Email Campaign,90,Active,0,High Risk
2459,1,1398.81,1398.81,Books,Mobile,Net Banking,Social Media,40,Active,0,Medium Risk
2460,1,634.56,634.56,Grocery,Tablet,Net Banking,Direct,309,Churned,1,Churned
2461,1,3136.9,3136.9,Books,Tablet,Debit Card,Referral,256,Churned,1,Churned
2462,2,3195.4700000000003,1597.7350000000001,Grocery,Desktop,Cash on Delivery,Direct,307,Churned,1,Churned
2465,2,1060.6599999999999,530.3299999999999,Grocery,Desktop,Debit Card,Direct,55,Active,0,Medium Risk
2466,1,1050.38,1050.38,Electronics,Desktop,Credit Card,Organic Search,317,Churned,1,Churned
2469,2,2834.2,1417.1,Electronics,Desktop,Debit Card,Direct,151,Churned,1,Churned
2472,1,2631.31,2631.31,Home & Kitchen,Desktop,EMI,Referral,96,Churned,1,Churned
2474,1,2877.06,2877.06,Books,Mobile,UPI,Paid Ads,227,Churned,1,Churned
2476,1,1014.83,1014.83,Books,Tablet,UPI,Paid Ads,323,Churned,1,Churned
2478,1,619.42,619.42,Electronics,Desktop,Debit Card,Email Campaign,60,Active,0,Medium Risk
2484,1,442.98,442.98,Fashion,Mobile,Cash on Delivery,Email Campaign,94,Churned,1,Churned
2486,1,986.19,986.19,Home & Kitchen,Mobile,UPI,Email Campaign,10,Active,0,Low Risk
2487,1,3466.22,3466.22,Toys & Baby,Desktop,Net Banking,Direct,286,Churned,1,Churned
2488,3,2745.75,915.25,Fashion,Desktop,Credit Card,Direct,207,Churned,1,Churned
2489,1,384.48,384.48,Sports & Fitness,Mobile,EMI,Email Campaign,225,Churned,1,Churned
2490,1,1874.09,1874.09,Grocery,Mobile,Credit Card,Social Media,358,Churned,1,Churned
2491,1,1057.06,1057.06,Books,Mobile,Net Banking,Direct,260,Churned,1,Churned
2492,1,1765.4,1765.4,Toys & Baby,Mobile,Net Banking,Email Campaign,330,Churned,1,Churned
2494,1,174.93,174.93,Sports & Fitness,Mobile,UPI,Email Campaign,223,Churned,1,Churned
2498,1,2589.03,2589.03,Grocery,Desktop,UPI,Paid Ads,328,Churned,1,Churned
2501,1,289.33,289.33,Electronics,Desktop,Debit Card,Email Campaign,191,Churned,1,Churned
2503,1,1406.12,1406.12,Home & Kitchen,Desktop,Debit Card,Social Media,220,Churned,1,Churned
2506,1,5779.33,5779.33,Toys & Baby,Desktop,Debit Card,Social Media,241,Churned,1,Churned
2507,1,943.81,943.81,Grocery,Desktop,Net Banking,Email Campaign,268,Churned,1,Churned
2509,4,9080.46,2270.115,Toys & Baby,Desktop,Cash on Delivery,Organic Search,44,Active,0,Medium Risk
2510,1,655.47,655.47,Sports & Fitness,Desktop,EMI,Paid Ads,122,Churned,1,Churned
2511,1,3293.65,3293.65,Grocery,Desktop,Debit Card,Paid Ads,155,Churned,1,Churned
2515,2,2717.28,1358.64,Fashion,Mobile,Credit Card,Direct,61,Active,0,High Risk
2517,2,4964.02,2482.01,Grocery,Mobile,Cash on Delivery,Email Campaign,268,Churned,1,Churned
2519,2,1165.01,582.505,Books,Mobile,Credit Card,Email Campaign,73,Active,0,High Risk
2522,1,2041.77,2041.77,Fashion,Desktop,Net Banking,Social Media,142,Churned,1,Churned
2524,1,544.2,544.2,Grocery,Mobile,Cash on Delivery,Social Media,307,Churned,1,Churned
2526,2,4137.12,2068.56,Beauty & Personal Care,Desktop,Cash on Delivery,Direct,113,Churned,1,Churned
2527,2,4376.7,2188.35,Electronics,Desktop,Net Banking,Organic Search,70,Active,0,High Risk
2528,1,325.58,325.58,Electronics,Desktop,Cash on Delivery,Referral,187,Churned,1,Churned
2532,1,2456.1,2456.1,Toys & Baby,Desktop,Debit Card,Social Media,346,Churned,1,Churned
2533,1,3765.61,3765.61,Home & Kitchen,Mobile,EMI,Referral,251,Churned,1,Churned
2534,1,2291.33,2291.33,Beauty & Personal Care,Mobile,UPI,Email Campaign,51,Active,0,Medium Risk
2535,1,800.73,800.73,Grocery,Tablet,UPI,Email Campaign,41,Active,0,Medium Risk
2543,1,308.43,308.43,Books,Tablet,UPI,Referral,25,Active,0,Low Risk
2546,1,5820.69,5820.69,Books,Desktop,Credit Card,Referral,21,Active,0,Low Risk
2549,2,4126.59,2063.295,Books,Desktop,Net Banking,Direct,161,Churned,1,Churned
2551,2,2166.74,1083.37,Beauty & Personal Care,Desktop,Net Banking,Referral,248,Churned,1,Churned
2556,1,4668.81,4668.81,Home & Kitchen,Mobile,Cash on Delivery,Paid Ads,302,Churned,1,Churned
2557,1,1406.84,1406.84,Fashion,Mobile,Debit Card,Direct,170,Churned,1,Churned
2558,3,7011.08,2337.0266666666666,Home & Kitchen,Tablet,UPI,Referral,13,Active,0,Low Risk
2559,1,3969.94,3969.94,Grocery,Desktop,Cash on Delivery,Email Campaign,238,Churned,1,Churned
2564,1,3319.36,3319.36,Beauty & Personal Care,Desktop,Debit Card,Organic Search,354,Churned,1,Churned
2567,1,602.4,602.4,Sports & Fitness,Desktop,EMI,Social Media,220,Churned,1,Churned
2569,1,217.17,217.17,Fashion,Mobile,Net Banking,Direct,245,Churned,1,Churned
2572,1,1479.39,1479.39,Grocery,Desktop,Cash on Delivery,Email Campaign,227,Churned,1,Churned
2573,1,233.0,233.0,Sports & Fitness,Mobile,Cash on Delivery,Social Media,311,Churned,1,Churned
2574,3,8379.22,2793.0733333333333,Beauty & Personal Care,Mobile,Credit Card,Paid Ads,79,Active,0,High Risk
2576,1,1934.76,1934.76,Books,Desktop,EMI,Organic Search,314,Churned,1,Churned
2577,1,1496.55,1496.55,Home & Kitchen,Tablet,EMI,Referral,247,Churned,1,Churned
2583,1,473.5,473.5,Beauty & Personal Care,Desktop,EMI,Paid Ads,189,Churned,1,Churned
2584,1,3175.56,3175.56,Toys & Baby,Mobile,UPI,Organic Search,307,Churned,1,Churned
2585,3,10070.72,3356.9066666666663,Home & Kitchen,Desktop,Cash on Delivery,Direct,20,Active,0,Low Risk
2586,1,4102.48,4102.48,Beauty & Personal Care,Desktop,Net Banking,Referral,351,Churned,1,Churned
2590,2,1663.9,831.95,Fashion,Mobile,Credit Card,Direct,192,Churned,1,Churned
2591,1,3883.94,3883.94,Home & Kitchen,Desktop,Cash on Delivery,Email Campaign,227,Churned,1,Churned
2595,1,822.96,822.96,Toys & Baby,Desktop,EMI,Direct,355,Churned,1,Churned
2596,1,425.54,425.54,Fashion,Desktop,Debit Card,Social Media,172,Churned,1,Churned
2597,1,3559.62,3559.62,Beauty & Personal Care,Desktop,EMI,Organic Search,163,Churned,1,Churned
2599,1,2026.4,2026.4,Fashion,Tablet,Credit Card,Direct,341,Churned,1,Churned
2600,1,819.53,819.53,Electronics,Desktop,Net Banking,Email Campaign,300,Churned,1,Churned
2601,3,2820.4300000000003,940.1433333333334,Beauty & Personal Care,Desktop,EMI,Email Campaign,101,Churned,1,Churned
2602,1,5324.58,5324.58,Toys & Baby,Mobile,EMI,Paid Ads,282,Churned,1,Churned
2607,2,8590.07,4295.035,Beauty & Personal Care,Mobile,Cash on Delivery,Direct,179,Churned,1,Churned
2608,1,2632.28,2632.28,Home & Kitchen,Desktop,UPI,Paid Ads,362,Churned,1,Churned
2611,1,868.77,868.77,Beauty & Personal Care,Mobile,Credit Card,Paid Ads,63,Active,0,High Risk
2613,1,2156.08,2156.08,Books,Desktop,Credit Card,Paid Ads,71,Active,0,High Risk
2615,1,1471.45,1471.45,Home & Kitchen,Mobile,EMI,Paid Ads,39,Active,0,Medium Risk
2622,1,236.64,236.64,Grocery,Mobile,Credit Card,Direct,132,Churned,1,Churned
2629,1,372.65,372.65,Beauty & Personal Care,Desktop,Cash on Delivery,Organic Search,96,Churned,1,Churned
2631,1,4762.62,4762.62,Home & Kitchen,Desktop,UPI,Email Campaign,126,Churned,1,Churned
2632,1,631.96,631.96,Grocery,Tablet,Credit Card,Email Campaign,21,Active,0,Low Risk
2633,1,320.26,320.26,Sports & Fitness,Mobile,Cash on Delivery,Organic Search,97,Churned,1,Churned
2636,1,545.95,545.95,Books,Tablet,Credit Card,Direct,175,Churned,1,Churned
2644,2,3809.29,1904.645,Grocery,Desktop,UPI,Referral,49,Active,0,Medium Risk
2646,2,2113.0499999999997,1056.5249999999999,Grocery,Desktop,Cash on Delivery,Organic Search,117,Churned,1,Churned
2647,1,2839.53,2839.53,Beauty & Personal Care,Tablet,UPI,Email Campaign,102,Churned,1,Churned
2648,3,6517.379999999999,2172.4599999999996,Fashion,Desktop,Debit Card,Direct,153,Churned,1,Churned
2649,1,1448.16,1448.16,Grocery,Mobile,Debit Card,Direct,74,Active,0,High Risk
2650,1,752.76,752.76,Grocery,Tablet,EMI,Organic Search,130,Churned,1,Churned
2656,1,1952.0,1952.0,Electronics,Mobile,Net Banking,Email Campaign,307,Churned,1,Churned
2658,1,783.21,783.21,Electronics,Desktop,Net Banking,Organic Search,151,Churned,1,Churned
2659,1,3550.06,3550.06,Home & Kitchen,Desktop,Cash on Delivery,Organic Search,230,Churned,1,Churned
2663,2,2529.43,1264.715,Grocery,Desktop,Credit Card,Direct,108,Churned,1,Churned
2665,1,2962.44,2962.44,Electronics,Mobile,Net Banking,Organic Search,130,Churned,1,Churned
2666,1,180.92,180.92,Sports & Fitness,Tablet,Cash on Delivery,Direct,297,Churned,1,Churned
2667,2,2895.0600000000004,1447.5300000000002,Electronics,Mobile,EMI,Email Campaign,61,Active,0,High Risk
2668,1,749.17,749.17,Fashion,Tablet,Net Banking,Organic Search,158,Churned,1,Churned
2669,1,673.05,673.05,Sports & Fitness,Desktop,Net Banking,Direct,241,Churned,1,Churned
2671,3,7731.25,2577.0833333333335,Home & Kitchen,Mobile,Cash on Delivery,Direct,70,Active,0,High Risk
2678,1,236.89,236.89,Books,Mobile,Net Banking,Email Campaign,152,Churned,1,Churned
2680,2,4179.96,2089.98,Grocery,Desktop,Credit Card,Social Media,286,Churned,1,Churned
2684,2,3029.67,1514.835,Fashion,Desktop,Credit Card,Direct,19,Active,0,Low Risk
2688,4,4665.7699999999995,1166.4424999999999,Home & Kitchen,Desktop,Cash on Delivery,Organic Search,31,Active,0,Medium Risk
2689,3,3816.79,1272.2633333333333,Electronics,Mobile,Cash on Delivery,Email Campaign,63,Active,0,High Risk
2690,1,557.97,557.97,Electronics,Mobile,Cash on Delivery,Direct,258,Churned,1,Churned
2691,1,92.11,92.11,Sports & Fitness,Desktop,Net Banking,Paid Ads,47,Active,0,Medium Risk
2692,1,223.47,223.47,Sports & Fitness,Desktop,Credit Card,Organic Search,212,Churned,1,Churned
2693,1,1687.28,1687.28,Electronics,Desktop,Debit Card,Organic Search,201,Churned,1,Churned
2698,1,296.98,296.98,Electronics,Mobile,Debit Card,Paid Ads,247,Churned,1,Churned
2701,1,3732.45,3732.45,Books,Mobile,Cash on Delivery,Direct,286,Churned,1,Churned
2703,1,1355.73,1355.73,Toys & Baby,Desktop,EMI,Referral,54,Active,0,Medium Risk
2705,1,5568.58,5568.58,Toys & Baby,Mobile,Debit Card,Paid Ads,363,Churned,1,Churned
2707,1,731.68,731.68,Fashion,Mobile,Cash on Delivery,Email Campaign,316,Churned,1,Churned
2708,1,2952.29,2952.29,Home & Kitchen,Mobile,Credit Card,Direct,109,Churned,1,Churned
2710,2,1335.5700000000002,667.7850000000001,Books,Desktop,Credit Card,Direct,142,Churned,1,Churned
2711,1,1368.76,1368.76,Beauty & Personal Care,Desktop,Net Banking,Email Campaign,88,Active,0,High Risk
2714,1,514.09,514.09,Electronics,Desktop,UPI,Email Campaign,173,Churned,1,Churned
2716,1,2245.98,2245.98,Fashion,Mobile,EMI,Referral,260,Churned,1,Churned
2717,2,3890.17,1945.085,Electronics,Mobile,EMI,Direct,45,Active,0,Medium Risk
2721,1,389.03,389.03,Beauty & Personal Care,Desktop,Credit Card,Paid Ads,104,Churned,1,Churned
2722,1,2545.56,2545.56,Electronics,Mobile,UPI,Email Campaign,258,Churned,1,Churned
2726,2,2550.6800000000003,1275.3400000000001,Beauty & Personal Care,Mobile,Cash on Delivery,Organic Search,270,Churned,1,Churned
2727,1,1124.67,1124.67,Toys & Baby,Desktop,Credit Card,Organic Search,83,Active,0,High Risk
2728,2,2921.7200000000003,1460.8600000000001,Books,Mobile,Cash on Delivery,Organic Search,220,Churned,1,Churned
2730,1,518.11,518.11,Fashion,Desktop,Debit Card,Direct,158,Churned,1,Churned
2732,1,435.85,435.85,Beauty & Personal Care,Tablet,Debit Card,Social Media,73,Active,0,High Risk
2733,1,1231.76,1231.76,Toys & Baby,Mobile,Net Banking,Email Campaign,48,Active,0,Medium Risk
2735,2,1635.5300000000002,817.7650000000001,Beauty & Personal Care,Desktop,EMI,Organic Search,54,Active,0,Medium Risk
2736,1,1461.58,1461.58,Toys & Baby,Mobile,UPI,Direct,92,Churned,1,Churned
2737,1,1798.58,1798.58,Home & Kitchen,Mobile,Net Banking,Referral,144,Churned,1,Churned
2738,2,2302.67,1151.335,Beauty & Personal Care,Desktop,Credit Card,Paid Ads,207,Churned,1,Churned
2739,1,1943.51,1943.51,Electronics,Mobile,Credit Card,Paid Ads,246,Churned,1,Churned
2740,1,476.04,476.04,Electronics,Desktop,UPI,Social Media,340,Churned,1,Churned
2742,1,1051.26,1051.26,Beauty & Personal Care,Desktop,Net Banking,Paid Ads,359,Churned,1,Churned
2743,1,765.41,765.41,Fashion,Mobile,Credit Card,Referral,147,Churned,1,Churned
2745,1,468.55,468.55,Electronics,Mobile,Credit Card,Email Campaign,354,Churned,1,Churned
2746,1,1431.67,1431.67,Home & Kitchen,Mobile,Cash on Delivery,Social Media,27,Active,0,Low Risk
2748,1,592.78,592.78,Grocery,Desktop,Credit Card,Organic Search,314,Churned,1,Churned
2749,1,333.0,333.0,Fashion,Desktop,Cash on Delivery,Social Media,53,Active,0,Medium Risk
2751,2,8097.55,4048.775,Beauty & Personal Care,Desktop,Credit Card,Direct,100,Churned,1,Churned
2753,2,3799.09,1899.545,Electronics,Mobile,Cash on Delivery,Direct,315,Churned,1,Churned
2754,1,1175.41,1175.41,Home & Kitchen,Mobile,Credit Card,Direct,102,Churned,1,Churned
2755,1,1076.95,1076.95,Toys & Baby,Desktop,Cash on Delivery,Social Media,334,Churned,1,Churned
2756,2,1468.6,734.3,Electronics,Mobile,Cash on Delivery,Referral,185,Churned,1,Churned
2757,1,3275.71,3275.71,Beauty & Personal Care,Mobile,EMI,Paid Ads,27,Active,0,Low Risk
2758,1,587.9,587.9,Fashion,Desktop,Cash on Delivery,Email Campaign,116,Churned,1,Churned
2759,1,3785.88,3785.88,Home & Kitchen,Mobile,UPI,Referral,36,Active,0,Medium Risk
2760,1,2884.8,2884.8,Beauty & Personal Care,Mobile,Credit Card,Social Media,345,Churned,1,Churned
2761,1,1030.62,1030.62,Fashion,Desktop,Debit Card,Direct,266,Churned,1,Churned
2769,1,343.64,343.64,Electronics,Tablet,Debit Card,Paid Ads,134,Churned,1,Churned
2770,2,6422.71,3211.355,Sports & Fitness,Mobile,Net Banking,Direct,255,Churned,1,Churned
2771,1,762.26,762.26,Grocery,Desktop,Debit Card,Email Campaign,64,Active,0,High Risk
2772,1,2171.84,2171.84,Beauty & Personal Care,Desktop,Net Banking,Social Media,20,Active,0,Low Risk
2780,2,6567.049999999999,3283.5249999999996,Grocery,Desktop,Cash on Delivery,Direct,237,Churned,1,Churned
2783,4,6986.240000000001,1746.5600000000002,Grocery,Mobile,Cash on Delivery,Referral,59,Active,0,Medium Risk
2786,1,1198.02,1198.02,Fashion,Mobile,Cash on Delivery,Social Media,237,Churned,1,Churned
2787,1,1560.73,1560.73,Toys & Baby,Mobile,Cash on Delivery,Email Campaign,202,Churned,1,Churned
2788,1,707.16,707.16,Fashion,Desktop,Debit Card,Direct,196,Churned,1,Churned
2790,1,108.44,108.44,Sports & Fitness,Desktop,Debit Card,Email Campaign,139,Churned,1,Churned
2793,1,331.95,331.95,Fashion,Desktop,Credit Card,Social Media,27,Active,0,Low Risk
2794,1,4580.96,4580.96,Grocery,Desktop,Credit Card,Direct,244,Churned,1,Churned
2796,1,3518.39,3518.39,Toys & Baby,Mobile,Net Banking,Paid Ads,178,Churned,1,Churned
2797,1,1169.0,1169.0,Electronics,Tablet,Credit Card,Paid Ads,184,Churned,1,Churned
2798,2,4643.15,2321.575,Beauty & Personal Care,Desktop,Cash on Delivery,Paid Ads,168,Churned,1,Churned
2799,3,6504.94,2168.313333333333,Sports & Fitness,Desktop,Cash on Delivery,Organic Search,91,Churned,1,Churned
2801,2,1282.23,641.115,Sports & Fitness,Desktop,Credit Card,Email Campaign,118,Churned,1,Churned
2802,1,2972.79,2972.79,Toys & Baby,Desktop,Credit Card,Paid Ads,68,Active,0,High Risk
2804,1,2572.61,2572.61,Beauty & Personal Care,Desktop,Credit Card,Direct,246,Churned,1,Churned
2810,2,3787.02,1893.51,Fashion,Mobile,Cash on Delivery,Email Campaign,183,Churned,1,Churned
2811,1,2227.05,2227.05,Toys & Baby,Mobile,UPI,Referral,136,Churned,1,Churned
2812,1,1791.55,1791.55,Toys & Baby,Mobile,Net Banking,Paid Ads,96,Churned,1,Churned
2813,1,609.45,609.45,Grocery,Desktop,Net Banking,Referral,325,Churned,1,Churned
2814,2,6410.81,3205.405,Books,Desktop,Cash on Delivery,Organic Search,79,Active,0,High Risk
2816,1,2391.37,2391.37,Books,Mobile,Credit Card,Paid Ads,69,Active,0,High Risk
2817,1,1364.4,1364.4,Fashion,Mobile,UPI,Referral,20,Active,0,Low Risk
2818,2,6011.61,3005.805,Books,Mobile,Debit Card,Organic Search,64,Active,0,High Risk
2819,1,427.93,427.93,Electronics,Tablet,Debit Card,Paid Ads,56,Active,0,Medium Risk
2821,3,8288.779999999999,2762.9266666666663,Books,Desktop,Credit Card,Paid Ads,32,Active,0,Medium Risk
2824,3,7341.73,2447.2433333333333,Beauty & Personal Care,Tablet,UPI,Referral,85,Active,0,High Risk
2829,1,643.17,643.17,Fashion,Desktop,Debit Card,Direct,29,Active,0,Low Risk
2831,1,805.68,805.68,Electronics,Desktop,UPI,Organic Search,217,Churned,1,Churned
2832,1,4980.84,4980.84,Books,Desktop,Credit Card,Referral,327,Churned,1,Churned
2833,1,2638.71,2638.71,Beauty & Personal Care,Desktop,EMI,Email Campaign,343,Churned,1,Churned
2835,1,941.6,941.6,Books,Desktop,Credit Card,Email Campaign,269,Churned,1,Churned
2838,1,2397.51,2397.51,Fashion,Mobile,UPI,Social Media,40,Active,0,Medium Risk
2840,1,1597.05,1597.05,Books,Desktop,Debit Card,Direct,125,Churned,1,Churned
2841,1,3929.76,3929.76,Grocery,Desktop,Debit Card,Paid Ads,220,Churned,1,Churned
2842,2,3089.34,1544.67,Fashion,Desktop,Net Banking,Email Campaign,57,Active,0,Medium Risk
2845,1,1238.5,1238.5,Sports & Fitness,Desktop,EMI,Social Media,5,Active,0,Low Risk
2847,1,4613.8,4613.8,Grocery,Mobile,UPI,Organic Search,354,Churned,1,Churned
2848,1,2121.01,2121.01,Toys & Baby,Mobile,UPI,Direct,129,Churned,1,Churned
2855,1,2712.04,2712.04,Home & Kitchen,Tablet,UPI,Organic Search,355,Churned,1,Churned
2858,1,3152.38,3152.38,Beauty & Personal Care,Mobile,Net Banking,Paid Ads,186,Churned,1,Churned
2859,1,4138.96,4138.96,Grocery,Tablet,Net Banking,Social Media,76,Active,0,High Risk
2863,1,924.69,924.69,Grocery,Tablet,Debit Card,Paid Ads,287,Churned,1,Churned
2865,1,146.24,146.24,Sports & Fitness,Desktop,Cash on Delivery,Paid Ads,319,Churned,1,Churned
2867,1,847.85,847.85,Toys & Baby,Desktop,UPI,Organic Search,161,Churned,1,Churned
2869,1,454.2,454.2,Grocery,Desktop,Debit Card,Direct,276,Churned,1,Churned
2871,2,4114.53,2057.265,Grocery,Desktop,EMI,Email Campaign,239,Churned,1,Churned
2875,1,930.17,930.17,Beauty & Personal Care,Mobile,Net Banking,Social Media,352,Churned,1,Churned
2882,1,763.25,763.25,Fashion,Mobile,Cash on Delivery,Direct,290,Churned,1,Churned
2883,1,478.52,478.52,Books,Mobile,EMI,Referral,144,Churned,1,Churned
2884,1,617.88,617.88,Electronics,Desktop,Credit Card,Organic Search,154,Churned,1,Churned
2886,1,1603.0,1603.0,Electronics,Desktop,EMI,Email Campaign,146,Churned,1,Churned
2887,1,1927.85,1927.85,Electronics,Desktop,EMI,Email Campaign,201,Churned,1,Churned
2888,1,1966.66,1966.66,Books,Tablet,Cash on Delivery,Referral,359,Churned,1,Churned
2889,2,4884.33,2442.165,Home & Kitchen,Desktop,Credit Card,Direct,201,Churned,1,Churned
2891,1,1406.27,1406.27,Grocery,Desktop,Net Banking,Referral,323,Churned,1,Churned
2892,1,342.8,342.8,Electronics,Tablet,Net Banking,Direct,280,Churned,1,Churned
2894,1,2382.92,2382.92,Beauty & Personal Care,Desktop,Credit Card,Email Campaign,317,Churned,1,Churned
2896,1,3365.4,3365.4,Electronics,Mobile,UPI,Direct,139,Churned,1,Churned
2897,1,823.77,823.77,Beauty & Personal Care,Desktop,UPI,Referral,202,Churned,1,Churned
2903,1,1175.54,1175.54,Home & Kitchen,Mobile,Credit Card,Email Campaign,140,Churned,1,Churned
2905,1,1739.54,1739.54,Electronics,Desktop,UPI,Social Media,324,Churned,1,Churned
2908,1,3074.4,3074.4,Grocery,Desktop,Cash on Delivery,Referral,206,Churned,1,Churned
2909,1,1826.85,1826.85,Fashion,Mobile,UPI,Organic Search,212,Churned,1,Churned
2913,2,1228.38,614.19,Sports & Fitness,Mobile,Credit Card,Email Campaign,190,Churned,1,Churned
2914,1,461.23,461.23,Beauty & Personal Care,Mobile,UPI,Social Media,122,Churned,1,Churned
2916,2,4901.32,2450.66,Beauty & Personal Care,Mobile,Net Banking,Email Campaign,267,Churned,1,Churned
2919,2,1208.96,604.48,Electronics,Desktop,Debit Card,Organic Search,109,Churned,1,Churned
2920,1,391.61,391.61,Sports & Fitness,Mobile,Net Banking,Paid Ads,40,Active,0,Medium Risk
2924,1,907.07,907.07,Grocery,Mobile,Credit Card,Referral,31,Active,0,Medium Risk
2928,2,372.48,186.24,Fashion,Desktop,UPI,Direct,100,Churned,1,Churned
2930,1,2868.06,2868.06,Toys & Baby,Desktop,Debit Card,Paid Ads,250,Churned,1,Churned
2931,1,4104.24,4104.24,Beauty & Personal Care,Mobile,EMI,Social Media,118,Churned,1,Churned
2932,1,790.8,790.8,Grocery,Desktop,Net Banking,Direct,51,Active,0,Medium Risk
2933,1,255.36,255.36,Sports & Fitness,Mobile,Credit Card,Email Campaign,4,Active,0,Low Risk
2934,1,873.0,873.0,Sports & Fitness,Desktop,EMI,Social Media,276,Churned,1,Churned
2935,1,2615.72,2615.72,Home & Kitchen,Desktop,EMI,Paid Ads,239,Churned,1,Churned
2936,3,3655.1000000000004,1218.3666666666668,Beauty & Personal Care,Desktop,Credit Card,Direct,141,Churned,1,Churned
2938,1,1864.33,1864.33,Grocery,Mobile,UPI,Email Campaign,259,Churned,1,Churned
2939,5,10970.79,2194.1580000000004,Electronics,Mobile,UPI,Paid Ads,15,Active,0,Low Risk
2940,1,262.75,262.75,Toys & Baby,Mobile,Credit Card,Paid Ads,121,Churned,1,Churned
2941,1,1301.2,1301.2,Toys & Baby,Mobile,UPI,Referral,132,Churned,1,Churned
2944,1,629.29,629.29,Grocery,Desktop,Cash on Delivery,Direct,133,Churned,1,Churned
2949,2,3033.5,1516.75,Fashion,Desktop,Cash on Delivery,Referral,147,Churned,1,Churned
2950,1,7273.84,7273.84,Home & Kitchen,Desktop,Credit Card,Direct,245,Churned,1,Churned
2952,1,251.28,251.28,Sports & Fitness,Desktop,EMI,Referral,342,Churned,1,Churned
2955,2,5796.3,2898.15,Books,Mobile,Cash on Delivery,Paid Ads,36,Active,0,Medium Risk
2957,1,584.86,584.86,Fashion,Mobile,Credit Card,Referral,365,Churned,1,Churned
2960,1,1527.31,1527.31,Home & Kitchen,Tablet,UPI,Direct,286,Churned,1,Churned
2962,1,2069.36,2069.36,Toys & Baby,Desktop,Debit Card,Direct,237,Churned,1,Churned
2964,1,1198.49,1198.49,Beauty & Personal Care,Desktop,UPI,Direct,231,Churned,1,Churned
2967,1,821.97,821.97,Sports & Fitness,Desktop,Cash on Delivery,Referral,35,Active,0,Medium Risk
2970,1,3120.36,3120.36,Fashion,Desktop,Net Banking,Social Media,291,Churned,1,Churned
2971,1,2426.64,2426.64,Books,Mobile,Credit Card,Direct,19,Active,0,Low Risk
2972,1,363.71,363.71,Fashion,Desktop,Debit Card,Email Campaign,26,Active,0,Low Risk
2973,3,5777.7,1925.8999999999999,Beauty & Personal Care,Mobile,Credit Card,Email Campaign,8,Active,0,Low Risk
2974,1,890.53,890.53,Beauty & Personal Care,Desktop,Credit Card,Paid Ads,78,Active,0,High Risk
2976,1,1399.04,1399.04,Electronics,Desktop,EMI,Social Media,178,Churned,1,Churned
2977,1,2622.92,2622.92,Toys & Baby,Desktop,Cash on Delivery,Email Campaign,160,Churned,1,Churned
2978,1,395.35,395.35,Sports & Fitness,Desktop,Credit Card,Organic Search,138,Churned,1,Churned
2980,2,2601.2,1300.6,Electronics,Desktop,Credit Card,Email Campaign,139,Churned,1,Churned
2986,1,569.71,569.71,Electronics,Tablet,Net Banking,Social Media,307,Churned,1,Churned
2988,2,537.24,268.62,Beauty & Personal Care,Desktop,Net Banking,Paid Ads,278,Churned,1,Churned
2990,1,299.85,299.85,Sports & Fitness,Desktop,Net Banking,Email Campaign,337,Churned,1,Churned
2992,2,1485.57,742.785,Beauty & Personal Care,Desktop,Credit Card,Email Campaign,7,Active,0,Low Risk
2993,1,934.68,934.68,Beauty & Personal Care,Tablet,Net Banking,Referral,249,Churned,1,Churned
2994,3,12989.279999999999,4329.759999999999,Home & Kitchen,Desktop,Cash on Delivery,Direct,138,Churned,1,Churned
2995,1,736.83,736.83,Sports & Fitness,Desktop,Net Banking,Social Media,170,Churned,1,Churned
3000,2,2312.56,1156.28,Books,Mobile,EMI,Organic Search,189,Churned,1,Churned
3002,1,1464.6,1464.6,Beauty & Personal Care,Mobile,Cash on Delivery,Organic Search,32,Active,0,Medium Risk
3005,1,720.4,720.4,Sports & Fitness,Desktop,Net Banking,Organic Search,151,Churned,1,Churned
3009,1,1952.78,1952.78,Toys & Baby,Mobile,UPI,Email Campaign,172,Churned,1,Churned
3013,1,180.62,180.62,Grocery,Mobile,UPI,Paid Ads,237,Churned,1,Churned
3015,2,3544.8,1772.4,Electronics,Desktop,Debit Card,Email Campaign,12,Active,0,Low Risk
3019,1,805.68,805.68,Books,Desktop,Debit Card,Organic Search,287,Churned,1,Churned
3020,1,707.3,707.3,Toys & Baby,Tablet,Credit Card,Direct,190,Churned,1,Churned
3021,2,3663.0899999999997,1831.5449999999998,Sports & Fitness,Desktop,Credit Card,Direct,105,Churned,1,Churned
3022,1,3718.5,3718.5,Home & Kitchen,Desktop,Cash on Delivery,Email Campaign,335,Churned,1,Churned
3024,2,2757.8900000000003,1378.9450000000002,Electronics,Desktop,Credit Card,Email Campaign,166,Churned,1,Churned
3027,1,1859.91,1859.91,Toys & Baby,Mobile,Credit Card,Organic Search,169,Churned,1,Churned
3029,1,3623.36,3623.36,Home & Kitchen,Mobile,UPI,Email Campaign,206,Churned,1,Churned
3030,1,836.96,836.96,Electronics,Desktop,UPI,Direct,353,Churned,1,Churned
3036,2,3871.66,1935.83,Toys & Baby,Desktop,EMI,Direct,13,Active,0,Low Risk
3038,1,1149.52,1149.52,Fashion,Desktop,Net Banking,Referral,31,Active,0,Medium Risk
3045,1,1281.66,1281.66,Home & Kitchen,Desktop,Credit Card,Paid Ads,15,Active,0,Low Risk
3046,1,1960.17,1960.17,Home & Kitchen,Mobile,EMI,Referral,15,Active,0,Low Risk
3048,1,354.54,354.54,Electronics,Desktop,EMI,Direct,211,Churned,1,Churned
3049,2,2610.6,1305.3,Electronics,Desktop,EMI,Direct,152,Churned,1,Churned
3052,3,6955.42,2318.4733333333334,Beauty & Personal Care,Mobile,Cash on Delivery,Organic Search,180,Churned,1,Churned
3057,1,2733.19,2733.19,Home & Kitchen,Mobile,Cash on Delivery,Referral,111,Churned,1,Churned
3059,1,913.98,913.98,Books,Desktop,Cash on Delivery,Email Campaign,354,Churned,1,Churned
3061,1,3134.76,3134.76,Home & Kitchen,Mobile,Cash on Delivery,Social Media,344,Churned,1,Churned
3065,1,1164.46,1164.46,Toys & Baby,Mobile,EMI,Direct,167,Churned,1,Churned
3067,1,1071.75,1071.75,Beauty & Personal Care,Mobile,Cash on Delivery,Paid Ads,280,Churned,1,Churned
3068,1,887.56,887.56,Sports & Fitness,Desktop,EMI,Paid Ads,133,Churned,1,Churned
3069,1,676.4,676.4,Sports & Fitness,Mobile,Net Banking,Paid Ads,52,Active,0,Medium Risk
3071,1,1649.41,1649.41,Electronics,Desktop,Cash on Delivery,Paid Ads,162,Churned,1,Churned
3072,2,4101.24,2050.62,Home & Kitchen,Desktop,Cash on Delivery,Organic Search,51,Active,0,Medium Risk
3073,1,4979.55,4979.55,Home & Kitchen,Desktop,Debit Card,Direct,197,Churned,1,Churned
3077,1,2031.59,2031.59,Books,Mobile,UPI,Email Campaign,265,Churned,1,Churned
3078,1,224.83,224.83,Fashion,Desktop,UPI,Paid Ads,114,Churned,1,Churned
3079,1,3527.74,3527.74,Books,Tablet,EMI,Referral,171,Churned,1,Churned
3081,1,1658.87,1658.87,Books,Desktop,UPI,Social Media,272,Churned,1,Churned
3087,2,967.83,483.915,Electronics,Desktop,Cash on Delivery,Referral,160,Churned,1,Churned
3088,1,246.29,246.29,Fashion,Tablet,Net Banking,Paid Ads,344,Churned,1,Churned
3090,1,734.66,734.66,Books,Desktop,Credit Card,Organic Search,64,Active,0,High Risk
3092,2,7062.030000000001,3531.0150000000003,Beauty & Personal Care,Desktop,Debit Card,Direct,129,Churned,1,Churned
3094,1,2375.11,2375.11,Books,Mobile,Credit Card,Paid Ads,68,Active,0,High Risk
3101,1,1956.67,1956.67,Fashion,Desktop,Credit Card,Email Campaign,339,Churned,1,Churned
3105,1,821.18,821.18,Beauty & Personal Care,Desktop,Credit Card,Direct,163,Churned,1,Churned
3106,1,2749.36,2749.36,Toys & Baby,Mobile,EMI,Referral,93,Churned,1,Churned
3107,1,1754.48,1754.48,Sports & Fitness,Desktop,Cash on Delivery,Paid Ads,193,Churned,1,Churned
3111,1,169.29,169.29,Electronics,Desktop,EMI,Paid Ads,193,Churned,1,Churned
3113,1,1879.1,1879.1,Home & Kitchen,Desktop,Credit Card,Paid Ads,266,Churned,1,Churned
3116,2,2318.0699999999997,1159.0349999999999,Beauty & Personal Care,Tablet,Credit Card,Email Campaign,314,Churned,1,Churned
3117,1,1065.5,1065.5,Books,Desktop,Credit Card,Direct,50,Active,0,Medium Risk
3118,2,2332.74,1166.37,Home & Kitchen,Desktop,Cash on Delivery,Referral,211,Churned,1,Churned
3119,2,4961.79,2480.895,Sports & Fitness,Mobile,Debit Card,Paid Ads,118,Churned,1,Churned
3121,2,4383.87,2191.935,Grocery,Desktop,EMI,Referral,31,Active,0,Medium Risk
3122,1,2434.09,2434.09,Beauty & Personal Care,Desktop,Net Banking,Organic Search,198,Churned,1,Churned
3123,1,403.01,403.01,Sports & Fitness,Mobile,Debit Card,Referral,192,Churned,1,Churned
3124,1,240.26,240.26,Sports & Fitness,Desktop,Net Banking,Referral,98,Churned,1,Churned
3126,1,724.99,724.99,Grocery,Desktop,Debit Card,Social Media,157,Churned,1,Churned
3128,3,2478.08,826.0266666666666,Sports & Fitness,Desktop,Cash on Delivery,Email Campaign,238,Churned,1,Churned
3129,1,2074.68,2074.68,Grocery,Tablet,Net Banking,Organic Search,65,Active,0,High Risk
3131,1,881.86,881.86,Grocery,Desktop,Credit Card,Social Media,34,Active,0,Medium Risk
3133,1,1733.53,1733.53,Home & Kitchen,Desktop,Cash on Delivery,Email Campaign,82,Active,0,High Risk
3134,1,604.0,604.0,Fashion,Mobile,Cash on Delivery,Direct,120,Churned,1,Churned
3135,2,1976.2,988.1,Books,Desktop,Cash on Delivery,Direct,26,Active,0,Low Risk
3137,1,3071.68,3071.68,Fashion,Desktop,Debit Card,Social Media,220,Churned,1,Churned
3139,1,2161.92,2161.92,Electronics,Desktop,Debit Card,Referral,326,Churned,1,Churned
3140,2,3433.88,1716.94,Home & Kitchen,Desktop,EMI,Direct,19,Active,0,Low Risk
3141,1,893.18,893.18,Toys & Baby,Mobile,Net Banking,Email Campaign,342,Churned,1,Churned
3142,2,965.03,482.515,Fashion,Desktop,Cash on Delivery,Direct,188,Churned,1,Churned
3144,1,2964.06,2964.06,Electronics,Desktop,Debit Card,Referral,194,Churned,1,Churned
3145,1,2348.29,2348.29,Fashion,Mobile,EMI,Email Campaign,253,Churned,1,Churned
3150,1,351.11,351.11,Fashion,Desktop,Debit Card,Paid Ads,175,Churned,1,Churned
3151,1,3652.0,3652.0,Home & Kitchen,Desktop,EMI,Email Campaign,220,Churned,1,Churned
3155,1,257.28,257.28,Grocery,Tablet,EMI,Direct,2,Active,0,Low Risk
3160,1,825.21,825.21,Sports & Fitness,Desktop,UPI,Referral,337,Churned,1,Churned
3162,2,5189.4400000000005,2594.7200000000003,Grocery,Desktop,Cash on Delivery,Email Campaign,168,Churned,1,Churned
3166,1,165.26,165.26,Sports & Fitness,Desktop,Cash on Delivery,Email Campaign,288,Churned,1,Churned
3170,1,1152.64,1152.64,Fashion,Desktop,Net Banking,Organic Search,6,Active,0,Low Risk
3173,1,1159.81,1159.81,Electronics,Mobile,Cash on Delivery,Social Media,350,Churned,1,Churned
3176,1,1004.96,1004.96,Home & Kitchen,Mobile,Debit Card,Organic Search,57,Active,0,Medium Risk
3180,1,119.71,119.71,Fashion,Mobile,EMI,Email Campaign,230,Churned,1,Churned
3182,1,1050.62,1050.62,Beauty & Personal Care,Desktop,UPI,Direct,217,Churned,1,Churned
3183,1,401.2,401.2,Sports & Fitness,Desktop,Debit Card,Organic Search,145,Churned,1,Churned
3184,1,1203.93,1203.93,Electronics,Mobile,Debit Card,Organic Search,126,Churned,1,Churned
3188,2,2043.6399999999999,1021.8199999999999,Beauty & Personal Care,Desktop,Cash on Delivery,Email Campaign,48,Active,0,Medium Risk
3189,1,653.14,653.14,Books,Mobile,UPI,Direct,185,Churned,1,Churned
3191,2,4114.66,2057.33,Fashion,Desktop,Credit Card,Direct,82,Active,0,High Risk
3192,2,3772.46,1886.23,Books,Desktop,Credit Card,Referral,22,Active,0,Low Risk
3193,2,6477.18,3238.59,Toys & Baby,Desktop,Cash on Delivery,Referral,281,Churned,1,Churned
3196,1,796.46,796.46,Books,Mobile,Net Banking,Organic Search,162,Churned,1,Churned
3197,1,2187.33,2187.33,Electronics,Mobile,Debit Card,Paid Ads,94,Churned,1,Churned
3199,1,113.04,113.04,Fashion,Desktop,Credit Card,Email Campaign,365,Churned,1,Churned
3200,3,4233.42,1411.14,Books,Desktop,Cash on Delivery,Paid Ads,68,Active,0,High Risk
3202,1,1859.47,1859.47,Fashion,Desktop,Cash on Delivery,Social Media,165,Churned,1,Churned
3203,1,438.66,438.66,Sports & Fitness,Desktop,UPI,Organic Search,213,Churned,1,Churned
3204,1,3017.0,3017.0,Books,Mobile,Credit Card,Email Campaign,191,Churned,1,Churned
3205,1,2309.84,2309.84,Home & Kitchen,Mobile,UPI,Direct,192,Churned,1,Churned
3206,1,2005.05,2005.05,Books,Desktop,Cash on Delivery,Organic Search,65,Active,0,High Risk
3207,2,7242.75,3621.375,Beauty & Personal Care,Desktop,Credit Card,Organic Search,235,Churned,1,Churned
3211,1,5794.96,5794.96,Beauty & Personal Care,Desktop,Debit Card,Direct,345,Churned,1,Churned
3213,2,3030.91,1515.455,Books,Desktop,EMI,Organic Search,183,Churned,1,Churned
3214,1,634.7,634.7,Books,Desktop,Credit Card,Social Media,215,Churned,1,Churned
3216,1,2933.06,2933.06,Home & Kitchen,Mobile,EMI,Paid Ads,304,Churned,1,Churned
3218,1,4502.4,4502.4,Books,Desktop,Debit Card,Referral,306,Churned,1,Churned
3221,2,3051.3599999999997,1525.6799999999998,Electronics,Mobile,Credit Card,Organic Search,307,Churned,1,Churned
3222,1,2717.68,2717.68,Home & Kitchen,Desktop,Cash on Delivery,Social Media,167,Churned,1,Churned
3225,3,4888.14,1629.38,Beauty & Personal Care,Desktop,Cash on Delivery,Organic Search,40,Active,0,Medium Risk
3228,1,1034.3,1034.3,Books,Desktop,EMI,Direct,104,Churned,1,Churned
3229,1,2260.08,2260.08,Home & Kitchen,Desktop,Credit Card,Referral,236,Churned,1,Churned
3237,1,1911.91,1911.91,Toys & Baby,Desktop,UPI,Email Campaign,308,Churned,1,Churned
3238,1,3150.44,3150.44,Toys & Baby,Desktop,EMI,Social Media,319,Churned,1,Churned
3239,1,3147.62,3147.62,Books,Desktop,EMI,Referral,344,Churned,1,Churned
3240,2,5949.87,2974.935,Electronics,Desktop,Credit Card,Direct,39,Active,0,Medium Risk
3241,1,1005.99,1005.99,Sports & Fitness,Mobile,UPI,Organic Search,177,Churned,1,Churned
3243,1,993.0,993.0,Beauty & Personal Care,Mobile,Debit Card,Paid Ads,154,Churned,1,Churned
3244,1,1171.08,1171.08,Fashion,Desktop,Debit Card,Referral,202,Churned,1,Churned
3245,2,5923.93,2961.965,Home & Kitchen,Desktop,Net Banking,Direct,6,Active,0,Low Risk
3247,1,997.77,997.77,Fashion,Desktop,Credit Card,Social Media,91,Churned,1,Churned
3251,1,1336.07,1336.07,Books,Desktop,Debit Card,Email Campaign,248,Churned,1,Churned
3252,2,2312.12,1156.06,Electronics,Desktop,EMI,Direct,96,Churned,1,Churned
3253,2,1151.15,575.575,Books,Mobile,Debit Card,Paid Ads,197,Churned,1,Churned
3258,1,4411.99,4411.99,Books,Tablet,UPI,Social Media,70,Active,0,High Risk
3259,1,533.81,533.81,Home & Kitchen,Desktop,Credit Card,Email Campaign,107,Churned,1,Churned
3263,2,4747.86,2373.93,Electronics,Desktop,Credit Card,Organic Search,227,Churned,1,Churned
3267,1,798.8,798.8,Toys & Baby,Mobile,Cash on Delivery,Paid Ads,19,Active,0,Low Risk
3273,1,423.2,423.2,Fashion,Desktop,Debit Card,Social Media,349,Churned,1,Churned
3277,2,2710.45,1355.225,Beauty & Personal Care,Desktop,Credit Card,Email Campaign,12,Active,0,Low Risk
3279,1,240.42,240.42,Toys & Baby,Mobile,Credit Card,Organic Search,240,Churned,1,Churned
3280,1,386.38,386.38,Grocery,Desktop,EMI,Organic Search,244,Churned,1,Churned
3281,1,644.69,644.69,Sports & Fitness,Desktop,Cash on Delivery,Organic Search,36,Active,0,Medium Risk
3282,1,2087.93,2087.93,Toys & Baby,Desktop,UPI,Paid Ads,127,Churned,1,Churned
3283,1,4274.84,4274.84,Books,Mobile,Credit Card,Social Media,45,Active,0,Medium Risk
3284,1,2739.08,2739.08,Home & Kitchen,Mobile,Cash on Delivery,Paid Ads,331,Churned,1,Churned
3285,1,1263.83,1263.83,Beauty & Personal Care,Desktop,Credit Card,Paid Ads,355,Churned,1,Churned
3287,1,147.91,147.91,Fashion,Tablet,Debit Card,Social Media,57,Active,0,Medium Risk
3291,2,5370.21,2685.105,Books,Desktop,Cash on Delivery,Email Campaign,150,Churned,1,Churned
3292,1,1468.34,1468.34,Books,Mobile,Net Banking,Direct,267,Churned,1,Churned
3293,1,521.76,521.76,Electronics,Desktop,UPI,Social Media,309,Churned,1,Churned
3296,1,625.81,625.81,Grocery,Desktop,Debit Card,Direct,81,Active,0,High Risk
3300,3,4454.7300000000005,1484.91,Grocery,Desktop,Debit Card,Direct,93,Churned,1,Churned
3301,1,3925.78,3925.78,Home & Kitchen,Mobile,EMI,Social Media,27,Active,0,Low Risk
3307,1,1220.33,1220.33,Beauty & Personal Care,Mobile,Net Banking,Paid Ads,229,Churned,1,Churned
3310,2,5221.030000000001,2610.5150000000003,Beauty & Personal Care,Desktop,Credit Card,Paid Ads,108,Churned,1,Churned
3311,1,685.27,685.27,Beauty & Personal Care,Desktop,Net Banking,Direct,35,Active,0,Medium Risk
3315,1,2191.24,2191.24,Home & Kitchen,Desktop,Debit Card,Paid Ads,216,Churned,1,Churned
3316,1,137.74,137.74,Sports & Fitness,Mobile,Cash on Delivery,Social Media,294,Churned,1,Churned
3318,1,3604.26,3604.26,Grocery,Desktop,Debit Card,Organic Search,343,Churned,1,Churned
3320,1,2607.94,2607.94,Fashion,Desktop,Cash on Delivery,Organic Search,117,Churned,1,Churned
3322,2,1001.37,500.685,Fashion,Mobile,EMI,Paid Ads,20,Active,0,Low Risk
3326,3,3405.75,1135.25,Electronics,Desktop,Debit Card,Email Campaign,42,Active,0,Medium Risk
3332,1,1074.4,1074.4,Sports & Fitness,Desktop,Credit Card,Organic Search,259,Churned,1,Churned
3333,1,1789.48,1789.48,Books,Desktop,Net Banking,Email Campaign,1,Active,0,Low Risk
3334,1,59.89,59.89,Sports & Fitness,Desktop,UPI,Paid Ads,195,Churned,1,Churned
3336,1,705.1,705.1,Grocery,Mobile,EMI,Social Media,142,Churned,1,Churned
3338,1,492.48,492.48,Sports & Fitness,Desktop,Cash on Delivery,Paid Ads,154,Churned,1,Churned
3339,1,721.76,721.76,Fashion,Desktop,EMI,Referral,324,Churned,1,Churned
3342,1,5903.34,5903.34,Toys & Baby,Tablet,Credit Card,Email Campaign,103,Churned,1,Churned
3343,1,910.42,910.42,Books,Mobile,Net Banking,Organic Search,185,Churned,1,Churned
3344,1,505.66,505.66,Toys & Baby,Mobile,Cash on Delivery,Social Media,73,Active,0,High Risk
3345,1,600.6,600.6,Home & Kitchen,Desktop,EMI,Referral,192,Churned,1,Churned
3346,1,3470.25,3470.25,Beauty & Personal Care,Desktop,Cash on Delivery,Social Media,94,Churned,1,Churned
3347,1,1242.62,1242.62,Beauty & Personal Care,Desktop,Credit Card,Referral,167,Churned,1,Churned
3350,2,1715.62,857.81,Home & Kitchen,Desktop,Credit Card,Email Campaign,179,Churned,1,Churned
3352,1,3358.76,3358.76,Toys & Baby,Desktop,Net Banking,Paid Ads,348,Churned,1,Churned
3357,1,1420.48,1420.48,Home & Kitchen,Desktop,Cash on Delivery,Paid Ads,343,Churned,1,Churned
3358,1,4474.89,4474.89,Toys & Baby,Mobile,Cash on Delivery,Paid Ads,133,Churned,1,Churned
3361,1,2519.24,2519.24,Home & Kitchen,Mobile,Credit Card,Direct,166,Churned,1,Churned
3362,1,279.9,279.9,Electronics,Mobile,UPI,Email Campaign,241,Churned,1,Churned
3366,2,2239.67,1119.835,Grocery,Mobile,Debit Card,Paid Ads,17,Active,0,Low Risk
3368,1,394.78,394.78,Sports & Fitness,Tablet,Credit Card,Email Campaign,38,Active,0,Medium Risk
3374,2,2421.4700000000003,1210.7350000000001,Electronics,Mobile,Debit Card,Social Media,13,Active,0,Low Risk
3375,1,856.0,856.0,Books,Desktop,Debit Card,Referral,153,Churned,1,Churned
3376,1,1505.65,1505.65,Home & Kitchen,Desktop,Debit Card,Paid Ads,218,Churned,1,Churned
3377,1,6388.2,6388.2,Home & Kitchen,Tablet,Net Banking,Referral,353,Churned,1,Churned
3381,2,969.0799999999999,484.53999999999996,Electronics,Mobile,Cash on Delivery,Direct,81,Active,0,High Risk
3382,1,391.84,391.84,Fashion,Desktop,Debit Card,Referral,172,Churned,1,Churned
3383,2,5576.62,2788.31,Beauty & Personal Care,Desktop,Cash on Delivery,Referral,108,Churned,1,Churned
3384,1,251.7,251.7,Electronics,Mobile,Credit Card,Referral,91,Churned,1,Churned
3386,2,4699.51,2349.755,Beauty & Personal Care,Mobile,Debit Card,Paid Ads,13,Active,0,Low Risk
3387,1,3658.96,3658.96,Beauty & Personal Care,Desktop,UPI,Organic Search,125,Churned,1,Churned
3391,1,2749.4,2749.4,Electronics,Desktop,Cash on Delivery,Email Campaign,50,Active,0,Medium Risk
3392,1,372.63,372.63,Sports & Fitness,Mobile,EMI,Paid Ads,26,Active,0,Low Risk
3393,1,3370.34,3370.34,Home & Kitchen,Tablet,UPI,Direct,121,Churned,1,Churned
3394,1,196.74,196.74,Grocery,Desktop,EMI,Organic Search,181,Churned,1,Churned
3398,1,3165.84,3165.84,Beauty & Personal Care,Mobile,Net Banking,Social Media,51,Active,0,Medium Risk
3402,4,4704.38,1176.095,Books,Mobile,EMI,Direct,15,Active,0,Low Risk
3403,2,6197.36,3098.68,Books,Mobile,Debit Card,Paid Ads,90,Active,0,High Risk
3404,1,1355.7,1355.7,Grocery,Desktop,Cash on Delivery,Organic Search,29,Active,0,Low Risk
3405,1,1821.53,1821.53,Fashion,Desktop,Credit Card,Organic Search,17,Active,0,Low Risk
3406,1,1057.37,1057.37,Beauty & Personal Care,Desktop,EMI,Direct,188,Churned,1,Churned
3407,2,1278.8899999999999,639.4449999999999,Electronics,Desktop,Debit Card,Organic Search,52,Active,0,Medium Risk
3409,2,1790.9299999999998,895.4649999999999,Home & Kitchen,Desktop,Credit Card,Email Campaign,323,Churned,1,Churned
3412,2,6989.15,3494.575,Home & Kitchen,Desktop,Credit Card,Email Campaign,244,Churned,1,Churned
3414,1,592.12,592.12,Toys & Baby,Desktop,UPI,Organic Search,229,Churned,1,Churned
3415,1,961.2,961.2,Toys & Baby,Tablet,Net Banking,Paid Ads,322,Churned,1,Churned
3418,1,638.0,638.0,Sports & Fitness,Desktop,UPI,Paid Ads,355,Churned,1,Churned
3419,2,3938.33,1969.165,Electronics,Desktop,EMI,Paid Ads,76,Active,0,High Risk
3420,1,2290.18,2290.18,Toys & Baby,Mobile,Debit Card,Direct,254,Churned,1,Churned
3422,1,1727.88,1727.88,Sports & Fitness,Desktop,UPI,Referral,123,Churned,1,Churned
3423,1,207.01,207.01,Sports & Fitness,Desktop,Debit Card,Referral,202,Churned,1,Churned
3424,1,3025.64,3025.64,Home & Kitchen,Tablet,Debit Card,Email Campaign,72,Active,0,High Risk
3425,2,1945.23,972.615,Electronics,Desktop,Credit Card,Email Campaign,106,Churned,1,Churned
3432,2,4211.07,2105.535,Home & Kitchen,Desktop,Net Banking,Organic Search,189,Churned,1,Churned
3434,1,648.62,648.62,Beauty & Personal Care,Desktop,Credit Card,Direct,341,Churned,1,Churned
3435,1,1218.84,1218.84,Toys & Baby,Mobile,Cash on Delivery,Organic Search,362,Churned,1,Churned
3436,2,2152.7,1076.35,Electronics,Desktop,Cash on Delivery,Social Media,132,Churned,1,Churned
3437,2,3057.62,1528.81,Books,Mobile,Credit Card,Referral,27,Active,0,Low Risk
3438,3,4428.71,1476.2366666666667,Beauty & Personal Care,Desktop,Credit Card,Social Media,157,Churned,1,Churned
3439,1,920.65,920.65,Electronics,Tablet,Credit Card,Email Campaign,313,Churned,1,Churned
3440,1,3063.96,3063.96,Fashion,Desktop,Credit Card,Organic Search,313,Churned,1,Churned
3441,3,10079.25,3359.75,Grocery,Mobile,Debit Card,Organic Search,10,Active,0,Low Risk
3444,1,356.44,356.44,Fashion,Mobile,Debit Card,Email Campaign,139,Churned,1,Churned
3448,1,2963.9,2963.9,Toys & Baby,Desktop,Credit Card,Organic Search,44,Active,0,Medium Risk
3449,1,1049.52,1049.52,Toys & Baby,Mobile,EMI,Email Campaign,35,Active,0,Medium Risk
3452,1,886.34,886.34,Home & Kitchen,Mobile,Debit Card,Social Media,360,Churned,1,Churned
3453,1,405.05,405.05,Sports & Fitness,Mobile,UPI,Direct,329,Churned,1,Churned
3456,3,2437.7,812.5666666666666,Beauty & Personal Care,Desktop,Cash on Delivery,Referral,24,Active,0,Low Risk
3457,1,2720.07,2720.07,Home & Kitchen,Desktop,Debit Card,Email Campaign,51,Active,0,Medium Risk
3458,1,3372.98,3372.98,Books,Mobile,Debit Card,Email Campaign,45,Active,0,Medium Risk
3460,1,727.54,727.54,Toys & Baby,Desktop,EMI,Email Campaign,139,Churned,1,Churned
3461,1,442.26,442.26,Grocery,Mobile,Debit Card,Paid Ads,89,Active,0,High Risk
3462,2,3136.1400000000003,1568.0700000000002,Home & Kitchen,Desktop,Credit Card,Email Campaign,79,Active,0,High Risk
3465,1,2744.0,2744.0,Home & Kitchen,Desktop,Cash on Delivery,Organic Search,176,Churned,1,Churned
3466,1,4520.0,4520.0,Grocery,Desktop,EMI,Email Campaign,154,Churned,1,Churned
3467,1,3949.23,3949.23,Books,Tablet,UPI,Direct,51,Active,0,Medium Risk
3473,4,4706.65,1176.6625,Fashion,Mobile,Net Banking,Direct,2,Active,0,Low Risk
3474,1,1513.84,1513.84,Toys & Baby,Mobile,Net Banking,Paid Ads,242,Churned,1,Churned
3475,1,257.44,257.44,Grocery,Mobile,Debit Card,Paid Ads,236,Churned,1,Churned
3481,1,174.59,174.59,Electronics,Mobile,Cash on Delivery,Email Campaign,154,Churned,1,Churned
3482,1,2203.12,2203.12,Grocery,Desktop,EMI,Social Media,130,Churned,1,Churned
3483,1,3297.71,3297.71,Electronics,Mobile,Net Banking,Social Media,244,Churned,1,Churned
3486,1,5275.04,5275.04,Books,Tablet,Net Banking,Referral,341,Churned,1,Churned
3488,1,2360.82,2360.82,Electronics,Desktop,Net Banking,Social Media,164,Churned,1,Churned
3493,1,1731.48,1731.48,Beauty & Personal Care,Mobile,Debit Card,Organic Search,103,Churned,1,Churned
3499,1,250.58,250.58,Sports & Fitness,Tablet,UPI,Direct,219,Churned,1,Churned
3502,1,1859.06,1859.06,Toys & Baby,Mobile,UPI,Direct,353,Churned,1,Churned
3503,1,305.54,305.54,Sports & Fitness,Desktop,Credit Card,Direct,334,Churned,1,Churned
3507,1,2470.9,2470.9,Beauty & Personal Care,Desktop,Debit Card,Direct,12,Active,0,Low Risk
3508,1,436.31,436.31,Fashion,Tablet,Cash on Delivery,Direct,204,Churned,1,Churned
3510,1,273.54,273.54,Sports & Fitness,Desktop,Credit Card,Organic Search,90,Active,0,High Risk
3513,3,1897.7,632.5666666666667,Beauty & Personal Care,Mobile,Credit Card,Referral,7,Active,0,Low Risk
3514,1,2836.86,2836.86,Home & Kitchen,Tablet,EMI,Organic Search,281,Churned,1,Churned
3515,1,2332.66,2332.66,Electronics,Desktop,Cash on Delivery,Social Media,278,Churned,1,Churned
3520,1,2173.56,2173.56,Toys & Baby,Mobile,UPI,Social Media,216,Churned,1,Churned
3521,1,516.03,516.03,Electronics,Mobile,Cash on Delivery,Social Media,188,Churned,1,Churned
3523,1,2151.97,2151.97,Beauty & Personal Care,Desktop,UPI,Paid Ads,148,Churned,1,Churned
3524,1,2757.08,2757.08,Books,Desktop,Net Banking,Paid Ads,101,Churned,1,Churned
3528,1,3108.08,3108.08,Grocery,Desktop,Credit Card,Organic Search,42,Active,0,Medium Risk
3531,1,296.31,296.31,Grocery,Desktop,Net Banking,Paid Ads,308,Churned,1,Churned
3534,2,4984.02,2492.01,Beauty & Personal Care,Desktop,Credit Card,Email Campaign,24,Active,0,Low Risk
3535,2,3622.63,1811.315,Books,Desktop,Cash on Delivery,Paid Ads,56,Active,0,Medium Risk
3537,2,3244.62,1622.31,Home & Kitchen,Desktop,Credit Card,Organic Search,285,Churned,1,Churned
3539,1,1041.32,1041.32,Electronics,Mobile,Net Banking,Social Media,12,Active,0,Low Risk
3541,1,1572.76,1572.76,Books,Mobile,Net Banking,Social Media,283,Churned,1,Churned
3543,3,6348.01,2116.0033333333336,Electronics,Tablet,Debit Card,Direct,57,Active,0,Medium Risk
3544,2,1812.22,906.11,Electronics,Mobile,Credit Card,Email Campaign,62,Active,0,High Risk
3545,1,2429.0,2429.0,Beauty & Personal Care,Mobile,Debit Card,Social Media,48,Active,0,Medium Risk
3550,1,6604.36,6604.36,Books,Desktop,Credit Card,Referral,350,Churned,1,Churned
3551,2,5448.4,2724.2,Home & Kitchen,Desktop,Cash on Delivery,Direct,9,Active,0,Low Risk
3555,1,3296.3,3296.3,Books,Mobile,Credit Card,Referral,21,Active,0,Low Risk
3558,2,3705.13,1852.565,Books,Desktop,Cash on Delivery,Organic Search,9,Active,0,Low Risk
3559,2,5479.88,2739.94,Beauty & Personal Care,Desktop,Debit Card,Organic Search,267,Churned,1,Churned
3560,1,576.52,576.52,Fashion,Desktop,Cash on Delivery,Paid Ads,204,Churned,1,Churned
3561,1,254.86,254.86,Sports & Fitness,Tablet,Net Banking,Paid Ads,133,Churned,1,Churned
3562,1,3824.88,3824.88,Home & Kitchen,Mobile,UPI,Paid Ads,158,Churned,1,Churned
3565,1,848.64,848.64,Electronics,Desktop,UPI,Referral,144,Churned,1,Churned
3566,1,1955.35,1955.35,Electronics,Desktop,UPI,Social Media,110,Churned,1,Churned
3567,1,694.84,694.84,Electronics,Desktop,Credit Card,Direct,9,Active,0,Low Risk
3571,1,1518.45,1518.45,Toys & Baby,Desktop,UPI,Direct,104,Churned,1,Churned
3573,1,2340.42,2340.42,Beauty & Personal Care,Desktop,Net Banking,Social Media,126,Churned,1,Churned
3575,1,735.45,735.45,Electronics,Desktop,EMI,Organic Search,45,Active,0,Medium Risk
3576,1,1079.81,1079.81,Electronics,Desktop,EMI,Organic Search,195,Churned,1,Churned
3577,1,2658.4,2658.4,Home & Kitchen,Desktop,Credit Card,Organic Search,330,Churned,1,Churned
3578,1,1727.02,1727.02,Home & Kitchen,Mobile,Credit Card,Direct,195,Churned,1,Churned
3580,1,1473.45,1473.45,Fashion,Mobile,Debit Card,Social Media,354,Churned,1,Churned
3581,2,2547.36,1273.68,Electronics,Desktop,Credit Card,Direct,112,Churned,1,Churned
3582,1,1015.69,1015.69,Beauty & Personal Care,Mobile,Cash on Delivery,Email Campaign,166,Churned,1,Churned
3584,1,478.91,478.91,Sports & Fitness,Desktop,Cash on Delivery,Email Campaign,256,Churned,1,Churned
3586,1,3007.06,3007.06,Books,Mobile,Debit Card,Referral,201,Churned,1,Churned
3590,1,996.11,996.11,Sports & Fitness,Mobile,Debit Card,Email Campaign,26,Active,0,Low Risk
3592,1,263.01,263.01,Fashion,Mobile,Debit Card,Paid Ads,147,Churned,1,Churned
3593,3,3994.54,1331.5133333333333,Beauty & Personal Care,Desktop,Credit Card,Referral,227,Churned,1,Churned
3594,1,839.79,839.79,Toys & Baby,Desktop,Debit Card,Social Media,277,Churned,1,Churned
3595,1,544.64,544.64,Grocery,Mobile,Net Banking,Social Media,169,Churned,1,Churned
3597,2,2591.53,1295.765,Home & Kitchen,Desktop,Debit Card,Email Campaign,21,Active,0,Low Risk
3598,1,940.04,940.04,Toys & Baby,Desktop,Cash on Delivery,Paid Ads,167,Churned,1,Churned
3599,1,187.98,187.98,Electronics,Desktop,EMI,Paid Ads,141,Churned,1,Churned
3600,2,1794.19,897.095,Fashion,Desktop,EMI,Organic Search,164,Churned,1,Churned
3605,1,341.07,341.07,Electronics,Mobile,Cash on Delivery,Social Media,345,Churned,1,Churned
3608,1,620.78,620.78,Grocery,Mobile,EMI,Direct,263,Churned,1,Churned
3609,2,3116.0299999999997,1558.0149999999999,Home & Kitchen,Desktop,Net Banking,Direct,94,Churned,1,Churned
3613,2,5662.04,2831.02,Beauty & Personal Care,Mobile,Cash on Delivery,Email Campaign,312,Churned,1,Churned
3617,1,2846.45,2846.45,Toys & Baby,Mobile,UPI,Referral,119,Churned,1,Churned
3619,2,3243.06,1621.53,Sports & Fitness,Desktop,Cash on Delivery,Organic Search,29,Active,0,Low Risk
3621,2,6670.0,3335.0,Beauty & Personal Care,Desktop,Credit Card,Direct,268,Churned,1,Churned
3622,1,224.89,224.89,Fashion,Tablet,Debit Card,Email Campaign,263,Churned,1,Churned
3623,1,3065.9,3065.9,Home & Kitchen,Desktop,Credit Card,Organic Search,70,Active,0,High Risk
3624,1,168.82,168.82,Sports & Fitness,Desktop,EMI,Direct,335,Churned,1,Churned
3626,1,1101.24,1101.24,Fashion,Desktop,UPI,Paid Ads,332,Churned,1,Churned
3627,1,4768.74,4768.74,Beauty & Personal Care,Tablet,Net Banking,Direct,82,Active,0,High Risk
3629,1,4764.84,4764.84,Toys & Baby,Desktop,Debit Card,Organic Search,328,Churned,1,Churned
3630,2,9547.78,4773.89,Books,Desktop,Cash on Delivery,Direct,19,Active,0,Low Risk
3632,1,1977.56,1977.56,Electronics,Mobile,Credit Card,Organic Search,124,Churned,1,Churned
3634,1,317.66,317.66,Fashion,Mobile,UPI,Paid Ads,75,Active,0,High Risk
3635,1,1303.14,1303.14,Books,Mobile,EMI,Paid Ads,328,Churned,1,Churned
3638,3,9572.16,3190.72,Books,Mobile,EMI,Direct,312,Churned,1,Churned
3639,2,6934.1900000000005,3467.0950000000003,Grocery,Desktop,Credit Card,Direct,101,Churned,1,Churned
3640,1,640.66,640.66,Grocery,Desktop,EMI,Direct,339,Churned,1,Churned
3642,2,3481.49,1740.745,Beauty & Personal Care,Desktop,Credit Card,Email Campaign,152,Churned,1,Churned
3645,2,11806.82,5903.41,Beauty & Personal Care,Desktop,Debit Card,Referral,8,Active,0,Low Risk
3647,1,1677.22,1677.22,Toys & Baby,Mobile,Credit Card,Referral,237,Churned,1,Churned
3649,1,3040.89,3040.89,Beauty & Personal Care,Desktop,Credit Card,Paid Ads,76,Active,0,High Risk
3651,1,317.03,317.03,Electronics,Desktop,Debit Card,Email Campaign,170,Churned,1,Churned
3654,1,3644.12,3644.12,Grocery,Desktop,Credit Card,Direct,234,Churned,1,Churned
3656,2,2618.1800000000003,1309.0900000000001,Electronics,Desktop,Net Banking,Organic Search,122,Churned,1,Churned
3657,1,2605.69,2605.69,Electronics,Desktop,Net Banking,Organic Search,40,Active,0,Medium Risk
3658,3,4867.0,1622.3333333333333,Beauty & Personal Care,Desktop,Credit Card,Direct,156,Churned,1,Churned
3660,1,747.12,747.12,Sports & Fitness,Mobile,Net Banking,Direct,18,Active,0,Low Risk
3661,1,947.05,947.05,Fashion,Desktop,EMI,Social Media,63,Active,0,High Risk
3662,1,6559.04,6559.04,Toys & Baby,Desktop,Cash on Delivery,Referral,218,Churned,1,Churned
3665,2,7405.12,3702.56,Beauty & Personal Care,Mobile,Debit Card,Direct,190,Churned,1,Churned
3666,2,1620.78,810.39,Electronics,Mobile,Cash on Delivery,Email Campaign,228,Churned,1,Churned
3667,1,1210.41,1210.41,Beauty & Personal Care,Desktop,EMI,Paid Ads,222,Churned,1,Churned
3669,1,962.27,962.27,Beauty & Personal Care,Desktop,Debit Card,Email Campaign,234,Churned,1,Churned
3672,1,559.71,559.71,Electronics,Mobile,Credit Card,Organic Search,159,Churned,1,Churned
3676,1,1690.0,1690.0,Home & Kitchen,Mobile,UPI,Paid Ads,251,Churned,1,Churned
3680,2,3406.58,1703.29,Electronics,Desktop,EMI,Direct,301,Churned,1,Churned
3681,1,3297.92,3297.92,Grocery,Mobile,Net Banking,Referral,353,Churned,1,Churned
3682,1,2922.6,2922.6,Home & Kitchen,Tablet,UPI,Referral,92,Churned,1,Churned
3686,1,1174.43,1174.43,Books,Desktop,UPI,Direct,77,Active,0,High Risk
3688,1,504.6,504.6,Electronics,Desktop,Debit Card,Paid Ads,333,Churned,1,Churned
3690,1,5307.62,5307.62,Toys & Baby,Desktop,UPI,Organic Search,263,Churned,1,Churned
3691,2,1492.97,746.485,Beauty & Personal Care,Desktop,Credit Card,Direct,214,Churned,1,Churned
3693,1,3024.68,3024.68,Home & Kitchen,Mobile,Cash on Delivery,Referral,140,Churned,1,Churned
3697,1,2325.48,2325.48,Grocery,Desktop,Net Banking,Social Media,153,Churned,1,Churned
3699,1,318.05,318.05,Sports & Fitness,Mobile,Cash on Delivery,Referral,79,Active,0,High Risk
3701,1,542.49,542.49,Grocery,Mobile,Net Banking,Paid Ads,358,Churned,1,Churned
3705,1,232.75,232.75,Electronics,Mobile,EMI,Referral,136,Churned,1,Churned
3706,1,1081.96,1081.96,Home & Kitchen,Tablet,Net Banking,Social Media,139,Churned,1,Churned
3711,1,202.3,202.3,Fashion,Desktop,UPI,Referral,343,Churned,1,Churned
3713,1,1173.89,1173.89,Grocery,Desktop,Cash on Delivery,Social Media,73,Active,0,High Risk
3715,2,5040.16,2520.08,Beauty & Personal Care,Desktop,Net Banking,Paid Ads,37,Active,0,Medium Risk
3716,1,1167.95,1167.95,Electronics,Desktop,EMI,Organic Search,118,Churned,1,Churned
3717,1,701.42,701.42,Sports & Fitness,Desktop,EMI,Paid Ads,277,Churned,1,Churned
3718,2,1744.21,872.105,Beauty & Personal Care,Desktop,Net Banking,Direct,121,Churned,1,Churned
3720,2,3747.54,1873.77,Electronics,Desktop,Net Banking,Organic Search,55,Active,0,Medium Risk
3722,1,3429.88,3429.88,Books,Desktop,Net Banking,Referral,329,Churned,1,Churned
3725,1,676.94,676.94,Grocery,Desktop,Cash on Delivery,Organic Search,207,Churned,1,Churned
3726,1,6909.44,6909.44,Toys & Baby,Mobile,Credit Card,Organic Search,140,Churned,1,Churned
3727,1,2799.69,2799.69,Books,Desktop,UPI,Direct,189,Churned,1,Churned
3728,1,254.29,254.29,Fashion,Mobile,Net Banking,Direct,132,Churned,1,Churned
3732,1,1229.92,1229.92,Sports & Fitness,Mobile,Credit Card,Email Campaign,364,Churned,1,Churned
3733,1,807.14,807.14,Beauty & Personal Care,Desktop,Debit Card,Social Media,233,Churned,1,Churned
3735,1,110.17,110.17,Fashion,Desktop,Debit Card,Social Media,237,Churned,1,Churned
3741,3,6094.389999999999,2031.4633333333331,Beauty & Personal Care,Mobile,Cash on Delivery,Social Media,44,Active,0,Medium Risk
3742,1,1125.14,1125.14,Books,Desktop,Debit Card,Referral,340,Churned,1,Churned
3745,1,896.08,896.08,Fashion,Mobile,Debit Card,Referral,140,Churned,1,Churned
3746,2,9284.9,4642.45,Books,Desktop,Debit Card,Direct,76,Active,0,High Risk
3750,1,650.18,650.18,Sports & Fitness,Mobile,Cash on Delivery,Organic Search,273,Churned,1,Churned
3751,1,2637.54,2637.54,Grocery,Desktop,UPI,Social Media,60,Active,0,Medium Risk
3752,2,3028.48,1514.24,Home & Kitchen,Mobile,Net Banking,Organic Search,297,Churned,1,Churned
3753,1,569.7,569.7,Home & Kitchen,Desktop,Cash on Delivery,Email Campaign,11,Active,0,Low Risk
3754,1,623.83,623.83,Books,Tablet,EMI,Email Campaign,137,Churned,1,Churned
3761,2,2952.99,1476.495,Books,Desktop,Cash on Delivery,Referral,1,Active,0,Low Risk
3763,1,915.39,915.39,Fashion,Mobile,UPI,Social Media,61,Active,0,High Risk
3765,2,2730.73,1365.365,Electronics,Desktop,Cash on Delivery,Direct,38,Active,0,Medium Risk
3767,3,7697.549999999999,2565.85,Books,Mobile,EMI,Email Campaign,186,Churned,1,Churned
3768,1,2236.3,2236.3,Books,Mobile,Cash on Delivery,Social Media,57,Active,0,Medium Risk
3769,2,1289.65,644.825,Beauty & Personal Care,Desktop,Credit Card,Organic Search,45,Active,0,Medium Risk
3772,1,674.32,674.32,Sports & Fitness,Desktop,Cash on Delivery,Email Campaign,39,Active,0,Medium Risk
3773,1,437.63,437.63,Electronics,Mobile,Cash on Delivery,Social Media,175,Churned,1,Churned
3774,1,2699.41,2699.41,Home & Kitchen,Desktop,Cash on Delivery,Social Media,223,Churned,1,Churned
3775,2,4084.83,2042.415,Grocery,Desktop,Debit Card,Organic Search,110,Churned,1,Churned
3777,2,3038.35,1519.175,Fashion,Desktop,Cash on Delivery,Paid Ads,177,Churned,1,Churned
3779,1,2386.57,2386.57,Home & Kitchen,Tablet,Credit Card,Social Media,360,Churned,1,Churned
3783,1,604.38,604.38,Books,Desktop,Cash on Delivery,Email Campaign,208,Churned,1,Churned
3784,2,1658.4,829.2,Electronics,Desktop,Cash on Delivery,Email Campaign,86,Active,0,High Risk
3788,1,929.44,929.44,Fashion,Desktop,UPI,Referral,324,Churned,1,Churned
3790,1,1459.87,1459.87,Books,Desktop,Credit Card,Referral,235,Churned,1,Churned
3792,2,3030.7200000000003,1515.3600000000001,Sports & Fitness,Desktop,Cash on Delivery,Direct,168,Churned,1,Churned
3793,3,3480.98,1160.3266666666666,Books,Desktop,Credit Card,Direct,195,Churned,1,Churned
3796,1,2238.27,2238.27,Books,Mobile,Net Banking,Email Campaign,328,Churned,1,Churned
3798,1,205.98,205.98,Sports & Fitness,Tablet,Credit Card,Direct,334,Churned,1,Churned
3799,2,6810.64,3405.32,Beauty & Personal Care,Desktop,Credit Card,Direct,58,Active,0,Medium Risk
3801,1,821.75,821.75,Electronics,Mobile,EMI,Paid Ads,365,Churned,1,Churned
3802,1,2927.54,2927.54,Beauty & Personal Care,Desktop,Cash on Delivery,Social Media,280,Churned,1,Churned
3803,2,3018.73,1509.365,Beauty & Personal Care,Desktop,EMI,Direct,142,Churned,1,Churned
3804,1,1918.85,1918.85,Grocery,Desktop,Debit Card,Referral,198,Churned,1,Churned
3806,2,3081.5,1540.75,Books,Desktop,Credit Card,Organic Search,112,Churned,1,Churned
3812,2,2872.67,1436.335,Electronics,Desktop,Debit Card,Email Campaign,126,Churned,1,Churned
3813,1,744.09,744.09,Electronics,Mobile,Credit Card,Email Campaign,355,Churned,1,Churned
3816,1,3193.45,3193.45,Grocery,Desktop,UPI,Email Campaign,272,Churned,1,Churned
3818,1,3395.26,3395.26,Home & Kitchen,Desktop,EMI,Referral,44,Active,0,Medium Risk
3821,2,2830.43,1415.215,Grocery,Desktop,Debit Card,Organic Search,48,Active,0,Medium Risk
3822,1,505.58,505.58,Fashion,Mobile,Net Banking,Paid Ads,326,Churned,1,Churned
3823,1,2194.52,2194.52,Grocery,Desktop,EMI,Email Campaign,72,Active,0,High Risk
3824,3,3904.47,1301.49,Electronics,Mobile,Net Banking,Email Campaign,49,Active,0,Medium Risk
3827,3,6372.849999999999,2124.2833333333333,Beauty & Personal Care,Desktop,Credit Card,Organic Search,49,Active,0,Medium Risk
3828,1,950.18,950.18,Sports & Fitness,Tablet,Debit Card,Organic Search,326,Churned,1,Churned
3829,1,564.28,564.28,Fashion,Tablet,Net Banking,Direct,83,Active,0,High Risk
3830,1,1358.58,1358.58,Grocery,Mobile,Net Banking,Referral,22,Active,0,Low Risk
3831,1,7265.12,7265.12,Toys & Baby,Desktop,Credit Card,Email Campaign,150,Churned,1,Churned
3832,1,6699.59,6699.59,Books,Desktop,Credit Card,Paid Ads,147,Churned,1,Churned
3833,1,5109.3,5109.3,Beauty & Personal Care,Desktop,Debit Card,Organic Search,68,Active,0,High Risk
3834,1,968.5,968.5,Electronics,Mobile,Net Banking,Social Media,69,Active,0,High Risk
3835,1,3122.06,3122.06,Books,Desktop,EMI,Social Media,122,Churned,1,Churned
3839,1,903.92,903.92,Electronics,Desktop,Net Banking,Referral,159,Churned,1,Churned
3844,1,2859.8,2859.8,Toys & Baby,Desktop,Credit Card,Direct,53,Active,0,Medium Risk
3845,2,2819.12,1409.56,Electronics,Desktop,Credit Card,Email Campaign,34,Active,0,Medium Risk
3846,1,1652.19,1652.19,Books,Mobile,Net Banking,Organic Search,137,Churned,1,Churned
3847,1,4909.18,4909.18,Toys & Baby,Tablet,UPI,Social Media,298,Churned,1,Churned
3848,2,5083.42,2541.71,Electronics,Desktop,UPI,Organic Search,199,Churned,1,Churned
3849,1,2315.04,2315.04,Grocery,Desktop,EMI,Direct,322,Churned,1,Churned
3850,1,3675.3,3675.3,Home & Kitchen,Mobile,UPI,Email Campaign,121,Churned,1,Churned
3851,1,2101.57,2101.57,Toys & Baby,Tablet,UPI,Organic Search,167,Churned,1,Churned
3852,1,1110.02,1110.02,Fashion,Desktop,Credit Card,Paid Ads,249,Churned,1,Churned
3854,1,652.25,652.25,Electronics,Mobile,Debit Card,Direct,329,Churned,1,Churned
3857,1,2698.49,2698.49,Books,Desktop,Credit Card,Referral,81,Active,0,High Risk
3858,1,1594.4,1594.4,Beauty & Personal Care,Desktop,UPI,Organic Search,199,Churned,1,Churned
3860,1,2441.37,2441.37,Beauty & Personal Care,Desktop,Net Banking,Paid Ads,176,Churned,1,Churned
3861,1,470.39,470.39,Beauty & Personal Care,Desktop,UPI,Direct,138,Churned,1,Churned
3862,1,3433.82,3433.82,Toys & Baby,Mobile,Debit Card,Direct,265,Churned,1,Churned
3863,1,244.54,244.54,Sports & Fitness,Mobile,Credit Card,Social Media,305,Churned,1,Churned
3870,1,6415.09,6415.09,Home & Kitchen,Mobile,Credit Card,Referral,171,Churned,1,Churned
3872,1,3073.8,3073.8,Toys & Baby,Mobile,Net Banking,Direct,159,Churned,1,Churned
3874,1,1674.7,1674.7,Beauty & Personal Care,Mobile,Cash on Delivery,Paid Ads,46,Active,0,Medium Risk
3876,1,4145.45,4145.45,Books,Desktop,EMI,Email Campaign,125,Churned,1,Churned
3880,1,461.33,461.33,Electronics,Desktop,Net Banking,Referral,352,Churned,1,Churned
3881,1,4236.88,4236.88,Home & Kitchen,Desktop,EMI,Social Media,285,Churned,1,Churned
3883,2,4394.8,2197.4,Electronics,Mobile,EMI,Direct,152,Churned,1,Churned
3884,1,4545.56,4545.56,Grocery,Mobile,EMI,Email Campaign,190,Churned,1,Churned
3885,1,3134.36,3134.36,Electronics,Mobile,Debit Card,Organic Search,363,Churned,1,Churned
3886,1,2776.48,2776.48,Books,Desktop,Debit Card,Direct,294,Churned,1,Churned
3887,1,4259.91,4259.91,Beauty & Personal Care,Desktop,EMI,Organic Search,97,Churned,1,Churned
3888,2,1600.38,800.19,Books,Desktop,Cash on Delivery,Paid Ads,195,Churned,1,Churned
3889,1,1150.2,1150.2,Fashion,Mobile,UPI,Referral,353,Churned,1,Churned
3890,1,3330.18,3330.18,Toys & Baby,Mobile,Credit Card,Organic Search,321,Churned,1,Churned
3891,1,1779.52,1779.52,Fashion,Tablet,EMI,Referral,162,Churned,1,Churned
3892,2,2469.43,1234.715,Fashion,Desktop,Cash on Delivery,Direct,79,Active,0,High Risk
3893,1,413.16,413.16,Sports & Fitness,Mobile,Credit Card,Direct,238,Churned,1,Churned
3894,1,4068.51,4068.51,Grocery,Tablet,Cash on Delivery,Direct,231,Churned,1,Churned
3897,2,1052.3,526.15,Beauty & Personal Care,Desktop,EMI,Email Campaign,89,Active,0,High Risk
3907,2,2540.27,1270.135,Fashion,Desktop,Debit Card,Direct,262,Churned,1,Churned
3908,1,1345.32,1345.32,Beauty & Personal Care,Mobile,EMI,Organic Search,229,Churned,1,Churned
3909,1,3640.35,3640.35,Books,Desktop,Net Banking,Email Campaign,293,Churned,1,Churned
3910,2,2581.38,1290.69,Beauty & Personal Care,Mobile,EMI,Email Campaign,172,Churned,1,Churned
3914,1,4176.51,4176.51,Home & Kitchen,Mobile,UPI,Direct,153,Churned,1,Churned
3915,1,1288.01,1288.01,Books,Mobile,EMI,Referral,125,Churned,1,Churned
3916,1,2369.47,2369.47,Books,Mobile,UPI,Email Campaign,227,Churned,1,Churned
3918,1,1907.28,1907.28,Toys & Baby,Mobile,Cash on Delivery,Organic Search,15,Active,0,Low Risk
3920,1,1047.76,1047.76,Fashion,Tablet,UPI,Paid Ads,129,Churned,1,Churned
3921,1,1324.54,1324.54,Home & Kitchen,Desktop,Cash on Delivery,Paid Ads,147,Churned,1,Churned
3922,1,1124.12,1124.12,Sports & Fitness,Desktop,Credit Card,Paid Ads,261,Churned,1,Churned
3923,1,318.92,318.92,Toys & Baby,Mobile,Cash on Delivery,Email Campaign,224,Churned,1,Churned
3924,2,2837.02,1418.51,Sports & Fitness,Desktop,Net Banking,Direct,8,Active,0,Low Risk
3927,2,8560.12,4280.06,Fashion,Mobile,Net Banking,Paid Ads,65,Active,0,High Risk
3928,1,490.16,490.16,Toys & Baby,Desktop,Cash on Delivery,Social Media,269,Churned,1,Churned
3930,1,1088.14,1088.14,Books,Desktop,Credit Card,Referral,116,Churned,1,Churned
3931,1,1234.71,1234.71,Sports & Fitness,Desktop,Debit Card,Direct,339,Churned,1,Churned
3933,1,1443.76,1443.76,Home & Kitchen,Mobile,Debit Card,Email Campaign,47,Active,0,Medium Risk
3934,3,5505.83,1835.2766666666666,Beauty & Personal Care,Desktop,Cash on Delivery,Email Campaign,138,Churned,1,Churned
3935,1,6430.12,6430.12,Toys & Baby,Mobile,EMI,Direct,122,Churned,1,Churned
3936,2,1458.47,729.235,Fashion,Desktop,Debit Card,Email Campaign,39,Active,0,Medium Risk
3937,1,464.54,464.54,Beauty & Personal Care,Desktop,EMI,Social Media,212,Churned,1,Churned
3938,1,3931.06,3931.06,Grocery,Desktop,Cash on Delivery,Paid Ads,38,Active,0,Medium Risk
3939,1,4369.58,4369.58,Books,Desktop,Cash on Delivery,Social Media,114,Churned,1,Churned
3941,1,1630.36,1630.36,Home & Kitchen,Mobile,EMI,Social Media,41,Active,0,Medium Risk
3942,1,730.25,730.25,Electronics,Tablet,Cash on Delivery,Direct,7,Active,0,Low Risk
3943,1,1311.95,1311.95,Fashion,Desktop,Cash on Delivery,Referral,98,Churned,1,Churned
3944,1,683.05,683.05,Beauty & Personal Care,Mobile,Debit Card,Direct,252,Churned,1,Churned
3945,1,427.77,427.77,Electronics,Mobile,Credit Card,Social Media,284,Churned,1,Churned
3947,1,543.58,543.58,Grocery,Tablet,Net Banking,Direct,172,Churned,1,Churned
3948,1,2062.9,2062.9,Beauty & Personal Care,Desktop,EMI,Direct,205,Churned,1,Churned
3950,2,9031.64,4515.82,Books,Mobile,Net Banking,Direct,34,Active,0,Medium Risk
3956,1,378.45,378.45,Sports & Fitness,Desktop,Debit Card,Email Campaign,208,Churned,1,Churned
3961,1,862.45,862.45,Sports & Fitness,Tablet,Cash on Delivery,Organic Search,62,Active,0,High Risk
3962,2,3816.76,1908.38,Books,Desktop,Credit Card,Email Campaign,44,Active,0,Medium Risk
3964,1,404.17,404.17,Books,Desktop,Cash on Delivery,Email Campaign,316,Churned,1,Churned
3966,2,4789.88,2394.94,Home & Kitchen,Desktop,Debit Card,Email Campaign,144,Churned,1,Churned
3967,1,680.25,680.25,Home & Kitchen,Mobile,Cash on Delivery,Paid Ads,210,Churned,1,Churned
3968,1,199.8,199.8,Sports & Fitness,Desktop,Debit Card,Email Campaign,176,Churned,1,Churned
3970,1,1755.35,1755.35,Books,Desktop,Credit Card,Email Campaign,59,Active,0,Medium Risk
3973,2,1321.01,660.505,Electronics,Desktop,Cash on Delivery,Direct,59,Active,0,Medium Risk
3975,1,1413.24,1413.24,Books,Tablet,Cash on Delivery,Referral,131,Churned,1,Churned
3976,2,6368.5599999999995,3184.2799999999997,Electronics,Desktop,Credit Card,Organic Search,278,Churned,1,Churned
3978,1,1462.08,1462.08,Books,Desktop,Credit Card,Paid Ads,13,Active,0,Low Risk
3979,1,1357.1,1357.1,Books,Mobile,Debit Card,Organic Search,96,Churned,1,Churned
3980,2,5666.77,2833.385,Fashion,Mobile,Cash on Delivery,Organic Search,207,Churned,1,Churned
3982,1,2393.76,2393.76,Beauty & Personal Care,Desktop,Credit Card,Referral,278,Churned,1,Churned
3985,1,2319.93,2319.93,Grocery,Mobile,EMI,Paid Ads,299,Churned,1,Churned
3988,2,4183.2,2091.6,Grocery,Desktop,Cash on Delivery,Paid Ads,47,Active,0,Medium Risk
3989,2,4387.52,2193.76,Grocery,Desktop,Credit Card,Direct,89,Active,0,High Risk
3990,1,911.58,911.58,Grocery,Desktop,Debit Card,Social Media,11,Active,0,Low Risk
3991,1,2342.56,2342.56,Books,Mobile,Net Banking,Email Campaign,217,Churned,1,Churned
3992,1,337.88,337.88,Sports & Fitness,Desktop,Net Banking,Email Campaign,3,Active,0,Low Risk
3999,1,2157.54,2157.54,Home & Kitchen,Mobile,Credit Card,Email Campaign,236,Churned,1,Churned
4003,1,899.28,899.28,Sports & Fitness,Mobile,Debit Card,Referral,337,Churned,1,Churned
4004,3,11708.76,3902.92,Books,Mobile,Cash on Delivery,Direct,295,Churned,1,Churned
4007,1,2343.08,2343.08,Books,Tablet,Cash on Delivery,Email Campaign,62,Active,0,High Risk
4009,1,4003.56,4003.56,Beauty & Personal Care,Mobile,Debit Card,Social Media,273,Churned,1,Churned
4012,1,3915.48,3915.48,Toys & Baby,Desktop,UPI,Social Media,274,Churned,1,Churned
4013,2,1972.88,986.44,Fashion,Mobile,Debit Card,Referral,13,Active,0,Low Risk
4015,1,1574.48,1574.48,Books,Desktop,Net Banking,Referral,324,Churned,1,Churned
4017,1,1952.4,1952.4,Books,Mobile,Debit Card,Referral,45,Active,0,Medium Risk
4018,1,249.86,249.86,Electronics,Desktop,UPI,Social Media,250,Churned,1,Churned
4019,3,6437.1900000000005,2145.73,Electronics,Desktop,Cash on Delivery,Direct,53,Active,0,Medium Risk
4021,1,52.83,52.83,Sports & Fitness,Desktop,EMI,Direct,336,Churned,1,Churned
4024,1,2207.74,2207.74,Beauty & Personal Care,Mobile,Cash on Delivery,Social Media,346,Churned,1,Churned
4026,2,1639.45,819.725,Books,Desktop,Credit Card,Email Campaign,31,Active,0,Medium Risk
4027,1,1179.36,1179.36,Electronics,Desktop,EMI,Email Campaign,19,Active,0,Low Risk
4028,2,5048.360000000001,2524.1800000000003,Electronics,Desktop,Net Banking,Organic Search,117,Churned,1,Churned
4029,1,1469.52,1469.52,Grocery,Desktop,EMI,Email Campaign,261,Churned,1,Churned
4034,1,571.17,571.17,Fashion,Desktop,Credit Card,Email Campaign,238,Churned,1,Churned
4037,1,664.41,664.41,Electronics,Desktop,EMI,Organic Search,78,Active,0,High Risk
4043,1,2557.87,2557.87,Toys & Baby,Desktop,Debit Card,Social Media,49,Active,0,Medium Risk
4049,1,1857.63,1857.63,Fashion,Mobile,EMI,Referral,306,Churned,1,Churned
4050,1,556.25,556.25,Electronics,Desktop,Net Banking,Referral,78,Active,0,High Risk
4052,1,1791.86,1791.86,Grocery,Desktop,Net Banking,Referral,50,Active,0,Medium Risk
4053,1,741.15,741.15,Electronics,Mobile,Credit Card,Paid Ads,46,Active,0,Medium Risk
4054,2,1499.75,749.875,Electronics,Desktop,Cash on Delivery,Direct,76,Active,0,High Risk
4056,1,1388.4,1388.4,Fashion,Mobile,Credit Card,Paid Ads,6,Active,0,Low Risk
4057,3,1832.0,610.6666666666666,Sports & Fitness,Desktop,Credit Card,Direct,43,Active,0,Medium Risk
4059,2,4818.08,2409.04,Beauty & Personal Care,Mobile,Debit Card,Direct,227,Churned,1,Churned
4060,1,1658.27,1658.27,Grocery,Desktop,Credit Card,Email Campaign,168,Churned,1,Churned
4061,1,3396.89,3396.89,Electronics,Tablet,Debit Card,Direct,130,Churned,1,Churned
4062,1,1836.99,1836.99,Beauty & Personal Care,Desktop,EMI,Organic Search,290,Churned,1,Churned
4065,1,1786.8,1786.8,Grocery,Desktop,UPI,Organic Search,192,Churned,1,Churned
4067,1,3567.62,3567.62,Books,Desktop,Cash on Delivery,Direct,244,Churned,1,Churned
4070,1,6676.36,6676.36,Books,Mobile,Credit Card,Direct,27,Active,0,Low Risk
4071,2,2540.1,1270.05,Electronics,Desktop,Cash on Delivery,Referral,74,Active,0,High Risk
4072,1,3269.61,3269.61,Grocery,Mobile,EMI,Paid Ads,72,Active,0,High Risk
4074,1,1346.17,1346.17,Home & Kitchen,Mobile,UPI,Email Campaign,151,Churned,1,Churned
4077,1,210.68,210.68,Fashion,Desktop,EMI,Paid Ads,91,Churned,1,Churned
4079,2,3955.5099999999998,1977.7549999999999,Books,Desktop,Debit Card,Paid Ads,83,Active,0,High Risk
4080,1,4065.77,4065.77,Home & Kitchen,Desktop,UPI,Organic Search,95,Churned,1,Churned
4083,5,8232.84,1646.568,Beauty & Personal Care,Mobile,UPI,Email Campaign,127,Churned,1,Churned
4085,1,3217.4,3217.4,Electronics,Mobile,Debit Card,Organic Search,315,Churned,1,Churned
4087,1,741.99,741.99,Fashion,Desktop,Cash on Delivery,Paid Ads,39,Active,0,Medium Risk
4089,1,5932.46,5932.46,Toys & Baby,Mobile,Cash on Delivery,Referral,115,Churned,1,Churned
4090,1,1444.09,1444.09,Toys & Baby,Desktop,Debit Card,Direct,261,Churned,1,Churned
4092,1,3916.67,3916.67,Home & Kitchen,Desktop,UPI,Paid Ads,168,Churned,1,Churned
4094,1,588.27,588.27,Fashion,Tablet,Cash on Delivery,Organic Search,335,Churned,1,Churned
4096,1,4301.07,4301.07,Toys & Baby,Desktop,EMI,Direct,272,Churned,1,Churned
4098,1,5001.84,5001.84,Home & Kitchen,Tablet,Debit Card,Social Media,87,Active,0,High Risk
4099,1,2414.06,2414.06,Toys & Baby,Desktop,Debit Card,Direct,153,Churned,1,Churned
4104,2,4315.97,2157.985,Grocery,Desktop,UPI,Email Campaign,61,Active,0,High Risk
4105,2,4288.38,2144.19,Fashion,Mobile,Cash on Delivery,Email Campaign,150,Churned,1,Churned
4108,1,1312.99,1312.99,Electronics,Mobile,UPI,Social Media,99,Churned,1,Churned
4118,1,2096.38,2096.38,Toys & Baby,Desktop,EMI,Referral,54,Active,0,Medium Risk
4122,2,3769.7599999999998,1884.8799999999999,Beauty & Personal Care,Desktop,Cash on Delivery,Organic Search,97,Churned,1,Churned
4124,1,1192.32,1192.32,Fashion,Tablet,Cash on Delivery,Paid Ads,340,Churned,1,Churned
4130,2,3697.2200000000003,1848.6100000000001,Beauty & Personal Care,Desktop,EMI,Direct,165,Churned,1,Churned
4131,1,607.71,607.71,Toys & Baby,Mobile,Credit Card,Social Media,46,Active,0,Medium Risk
4132,1,1157.08,1157.08,Books,Mobile,Credit Card,Social Media,296,Churned,1,Churned
4136,2,1630.75,815.375,Beauty & Personal Care,Desktop,Credit Card,Organic Search,236,Churned,1,Churned
4138,2,2299.74,1149.87,Fashion,Desktop,Credit Card,Organic Search,24,Active,0,Low Risk
4139,1,1271.76,1271.76,Fashion,Mobile,Cash on Delivery,Referral,261,Churned,1,Churned
4140,1,3213.84,3213.84,Books,Mobile,EMI,Organic Search,350,Churned,1,Churned
4143,1,3290.92,3290.92,Books,Mobile,Cash on Delivery,Paid Ads,153,Churned,1,Churned
4145,1,1245.78,1245.78,Fashion,Desktop,Debit Card,Paid Ads,69,Active,0,High Risk
4146,1,6681.54,6681.54,Books,Desktop,UPI,Paid Ads,304,Churned,1,Churned
4148,1,1473.2,1473.2,Fashion,Desktop,Cash on Delivery,Social Media,149,Churned,1,Churned
4150,1,1815.75,1815.75,Beauty & Personal Care,Mobile,EMI,Referral,332,Churned,1,Churned
4152,2,8320.56,4160.28,Home & Kitchen,Desktop,Cash on Delivery,Direct,30,Active,0,Low Risk
4153,1,1728.76,1728.76,Toys & Baby,Desktop,EMI,Paid Ads,222,Churned,1,Churned
4158,1,596.49,596.49,Sports & Fitness,Tablet,Cash on Delivery,Email Campaign,286,Churned,1,Churned
4161,1,5184.08,5184.08,Beauty & Personal Care,Mobile,Net Banking,Direct,245,Churned,1,Churned
4162,3,8425.67,2808.556666666667,Beauty & Personal Care,Desktop,Credit Card,Email Campaign,24,Active,0,Low Risk
4164,1,542.22,542.22,Grocery,Desktop,Credit Card,Social Media,9,Active,0,Low Risk
4165,1,3750.87,3750.87,Home & Kitchen,Mobile,EMI,Paid Ads,102,Churned,1,Churned
4167,2,868.72,434.36,Books,Desktop,Net Banking,Direct,18,Active,0,Low Risk
4168,2,6306.76,3153.38,Beauty & Personal Care,Mobile,Credit Card,Organic Search,170,Churned,1,Churned
4169,3,3673.29,1224.43,Fashion,Desktop,Debit Card,Organic Search,109,Churned,1,Churned
4170,1,2308.1,2308.1,Electronics,Mobile,Credit Card,Paid Ads,237,Churned,1,Churned
4175,1,4287.3,4287.3,Beauty & Personal Care,Mobile,Credit Card,Email Campaign,184,Churned,1,Churned
4176,1,496.25,496.25,Electronics,Mobile,Cash on Delivery,Email Campaign,361,Churned,1,Churned
4177,1,2418.4,2418.4,Fashion,Desktop,Credit Card,Email Campaign,263,Churned,1,Churned
4178,1,1395.26,1395.26,Books,Desktop,EMI,Social Media,18,Active,0,Low Risk
4179,2,2921.35,1460.675,Beauty & Personal Care,Mobile,Debit Card,Direct,294,Churned,1,Churned
4180,1,1669.84,1669.84,Electronics,Mobile,Debit Card,Email Campaign,141,Churned,1,Churned
4184,1,1930.11,1930.11,Grocery,Desktop,Cash on Delivery,Referral,54,Active,0,Medium Risk
4185,1,5984.71,5984.71,Books,Mobile,Net Banking,Organic Search,360,Churned,1,Churned
4187,2,4956.900000000001,2478.4500000000003,Grocery,Mobile,Debit Card,Direct,250,Churned,1,Churned
4190,2,2516.34,1258.17,Beauty & Personal Care,Mobile,Cash on Delivery,Organic Search,164,Churned,1,Churned
4192,2,2515.1,1257.55,Fashion,Mobile,Cash on Delivery,Direct,281,Churned,1,Churned
4193,1,2965.89,2965.89,Books,Desktop,EMI,Direct,31,Active,0,Medium Risk
4195,1,1201.96,1201.96,Sports & Fitness,Desktop,Credit Card,Organic Search,309,Churned,1,Churned
4199,1,7250.68,7250.68,Home & Kitchen,Desktop,Cash on Delivery,Referral,245,Churned,1,Churned
4203,1,1047.03,1047.03,Toys & Baby,Tablet,UPI,Referral,5,Active,0,Low Risk
4205,1,926.28,926.28,Home & Kitchen,Desktop,EMI,Paid Ads,356,Churned,1,Churned
4209,1,1557.32,1557.32,Books,Desktop,UPI,Social Media,303,Churned,1,Churned
4210,1,462.73,462.73,Electronics,Mobile,UPI,Email Campaign,105,Churned,1,Churned
4211,1,2203.68,2203.68,Toys & Baby,Mobile,EMI,Email Campaign,77,Active,0,High Risk
4212,1,1973.96,1973.96,Toys & Baby,Mobile,Credit Card,Paid Ads,357,Churned,1,Churned
4213,1,688.26,688.26,Books,Desktop,Net Banking,Organic Search,279,Churned,1,Churned
4215,1,3273.55,3273.55,Grocery,Desktop,EMI,Paid Ads,215,Churned,1,Churned
4218,2,2586.7,1293.35,Beauty & Personal Care,Desktop,Credit Card,Organic Search,132,Churned,1,Churned
4219,1,868.6,868.6,Electronics,Desktop,Debit Card,Paid Ads,334,Churned,1,Churned
4221,1,1375.28,1375.28,Books,Desktop,Net Banking,Direct,159,Churned,1,Churned
4223,1,302.58,302.58,Electronics,Desktop,Debit Card,Paid Ads,106,Churned,1,Churned
4226,1,3746.3,3746.3,Home & Kitchen,Mobile,Cash on Delivery,Organic Search,71,Active,0,High Risk
4227,1,3564.21,3564.21,Home & Kitchen,Mobile,Credit Card,Paid Ads,220,Churned,1,Churned
4228,1,977.43,977.43,Toys & Baby,Mobile,UPI,Direct,324,Churned,1,Churned
4229,1,1200.71,1200.71,Toys & Baby,Mobile,Cash on Delivery,Organic Search,109,Churned,1,Churned
4234,1,636.91,636.91,Electronics,Desktop,Credit Card,Direct,61,Active,0,High Risk
4236,1,3526.62,3526.62,Beauty & Personal Care,Mobile,UPI,Direct,30,Active,0,Low Risk
4237,1,509.78,509.78,Grocery,Desktop,UPI,Organic Search,188,Churned,1,Churned
4238,3,7986.4,2662.133333333333,Books,Desktop,Net Banking,Organic Search,82,Active,0,High Risk
4240,1,2616.22,2616.22,Grocery,Desktop,Debit Card,Organic Search,126,Churned,1,Churned
4242,1,1817.49,1817.49,Toys & Baby,Mobile,UPI,Paid Ads,300,Churned,1,Churned
4243,2,4260.97,2130.485,Books,Desktop,Credit Card,Direct,164,Churned,1,Churned
4244,1,2282.56,2282.56,Home & Kitchen,Mobile,Credit Card,Direct,342,Churned,1,Churned
4245,3,1619.72,539.9066666666666,Fashion,Desktop,Credit Card,Organic Search,69,Active,0,High Risk
4246,1,1663.83,1663.83,Books,Desktop,UPI,Referral,136,Churned,1,Churned
4247,1,1152.74,1152.74,Sports & Fitness,Mobile,Debit Card,Paid Ads,342,Churned,1,Churned
4249,1,1963.58,1963.58,Home & Kitchen,Mobile,Net Banking,Organic Search,91,Churned,1,Churned
4251,2,5128.53,2564.265,Home & Kitchen,Desktop,Cash on Delivery,Email Campaign,27,Active,0,Low Risk
4252,1,1997.42,1997.42,Fashion,Mobile,Cash on Delivery,Direct,210,Churned,1,Churned
4254,4,4072.35,1018.0875,Sports & Fitness,Mobile,Net Banking,Direct,5,Active,0,Low Risk
4258,1,2097.84,2097.84,Books,Desktop,Cash on Delivery,Organic Search,132,Churned,1,Churned
4262,1,2245.91,2245.91,Books,Desktop,Cash on Delivery,Paid Ads,87,Active,0,High Risk
4263,1,1729.49,1729.49,Beauty & Personal Care,Mobile,Cash on Delivery,Referral,105,Churned,1,Churned
4265,1,6237.02,6237.02,Toys & Baby,Mobile,EMI,Direct,106,Churned,1,Churned
4268,1,2126.4,2126.4,Books,Desktop,UPI,Social Media,8,Active,0,Low Risk
4269,2,823.76,411.88,Sports & Fitness,Desktop,Debit Card,Paid Ads,18,Active,0,Low Risk
4270,1,2175.73,2175.73,Home & Kitchen,Desktop,Cash on Delivery,Paid Ads,187,Churned,1,Churned
4272,1,1733.94,1733.94,Beauty & Personal Care,Desktop,Debit Card,Organic Search,183,Churned,1,Churned
4273,1,1424.13,1424.13,Electronics,Mobile,Debit Card,Referral,185,Churned,1,Churned
4278,1,1409.9,1409.9,Home & Kitchen,Desktop,EMI,Organic Search,77,Active,0,High Risk
4283,2,4764.04,2382.02,Books,Mobile,Debit Card,Email Campaign,257,Churned,1,Churned
4285,1,1462.23,1462.23,Books,Mobile,EMI,Social Media,335,Churned,1,Churned
4290,1,2518.56,2518.56,Grocery,Desktop,UPI,Email Campaign,1,Active,0,Low Risk
4292,1,650.52,650.52,Fashion,Desktop,Cash on Delivery,Social Media,287,Churned,1,Churned
4294,1,1101.18,1101.18,Grocery,Mobile,Cash on Delivery,Email Campaign,357,Churned,1,Churned
4295,1,2481.93,2481.93,Fashion,Mobile,UPI,Organic Search,88,Active,0,High Risk
4296,1,4806.65,4806.65,Beauty & Personal Care,Mobile,Cash on Delivery,Paid Ads,327,Churned,1,Churned
4297,3,6885.57,2295.19,Electronics,Desktop,Credit Card,Email Campaign,78,Active,0,High Risk
4299,1,1944.66,1944.66,Grocery,Mobile,UPI,Email Campaign,344,Churned,1,Churned
4300,1,2458.92,2458.92,Grocery,Tablet,UPI,Social Media,326,Churned,1,Churned
4301,1,700.53,700.53,Books,Mobile,Credit Card,Referral,356,Churned,1,Churned
4304,1,2436.72,2436.72,Grocery,Mobile,Credit Card,Organic Search,282,Churned,1,Churned
4307,2,2687.38,1343.69,Electronics,Desktop,Debit Card,Organic Search,269,Churned,1,Churned
4309,1,1238.01,1238.01,Beauty & Personal Care,Mobile,UPI,Social Media,191,Churned,1,Churned
4310,2,5213.93,2606.965,Books,Desktop,Debit Card,Paid Ads,245,Churned,1,Churned
4311,1,232.62,232.62,Grocery,Mobile,UPI,Email Campaign,249,Churned,1,Churned
4314,1,1841.14,1841.14,Beauty & Personal Care,Mobile,Cash on Delivery,Direct,238,Churned,1,Churned
4315,1,1811.52,1811.52,Grocery,Desktop,Net Banking,Paid Ads,316,Churned,1,Churned
4317,3,5285.85,1761.95,Electronics,Desktop,Cash on Delivery,Email Campaign,13,Active,0,Low Risk
4318,2,4225.06,2112.53,Home & Kitchen,Desktop,Credit Card,Paid Ads,180,Churned,1,Churned
4319,2,1502.8600000000001,751.4300000000001,Fashion,Mobile,Cash on Delivery,Email Campaign,50,Active,0,Medium Risk
4323,2,1299.37,649.685,Books,Mobile,Credit Card,Organic Search,62,Active,0,High Risk
4325,1,2445.17,2445.17,Home & Kitchen,Desktop,UPI,Referral,83,Active,0,High Risk
4327,1,994.55,994.55,Home & Kitchen,Mobile,Cash on Delivery,Organic Search,263,Churned,1,Churned
4330,3,6137.64,2045.88,Beauty & Personal Care,Mobile,Debit Card,Email Campaign,56,Active,0,Medium Risk
4332,2,2045.28,1022.64,Electronics,Mobile,Net Banking,Email Campaign,131,Churned,1,Churned
4333,2,731.19,365.595,Books,Mobile,Cash on Delivery,Organic Search,128,Churned,1,Churned
4334,2,6667.530000000001,3333.7650000000003,Books,Desktop,Credit Card,Paid Ads,153,Churned,1,Churned
4336,1,5997.12,5997.12,Toys & Baby,Desktop,UPI,Paid Ads,276,Churned,1,Churned
4337,2,6784.42,3392.21,Fashion,Desktop,Credit Card,Paid Ads,118,Churned,1,Churned
4338,2,1376.1299999999999,688.0649999999999,Fashion,Mobile,Cash on Delivery,Organic Search,146,Churned,1,Churned
4339,1,1984.44,1984.44,Books,Mobile,Net Banking,Email Campaign,90,Active,0,High Risk
4340,2,2141.76,1070.88,Beauty & Personal Care,Desktop,Credit Card,Direct,141,Churned,1,Churned
4341,1,1294.19,1294.19,Toys & Baby,Desktop,Net Banking,Referral,197,Churned,1,Churned
4342,1,2480.58,2480.58,Toys & Baby,Desktop,Debit Card,Direct,41,Active,0,Medium Risk
4349,1,4420.73,4420.73,Home & Kitchen,Tablet,EMI,Direct,326,Churned,1,Churned
4350,1,3135.84,3135.84,Toys & Baby,Tablet,Credit Card,Paid Ads,246,Churned,1,Churned
4351,1,1947.43,1947.43,Electronics,Desktop,Cash on Delivery,Organic Search,305,Churned,1,Churned
4352,1,2243.24,2243.24,Toys & Baby,Desktop,Debit Card,Email Campaign,171,Churned,1,Churned
4355,1,1341.51,1341.51,Toys & Baby,Mobile,Cash on Delivery,Organic Search,71,Active,0,High Risk
4356,1,844.92,844.92,Sports & Fitness,Desktop,Net Banking,Social Media,184,Churned,1,Churned
4359,1,314.25,314.25,Sports & Fitness,Desktop,EMI,Organic Search,357,Churned,1,Churned
4360,3,7021.110000000001,2340.3700000000003,Beauty & Personal Care,Desktop,Debit Card,Direct,71,Active,0,High Risk
4361,1,238.8,238.8,Fashion,Desktop,Credit Card,Social Media,310,Churned,1,Churned
4363,1,1721.16,1721.16,Fashion,Desktop,UPI,Paid Ads,139,Churned,1,Churned
4364,2,7837.120000000001,3918.5600000000004,Books,Desktop,Cash on Delivery,Social Media,16,Active,0,Low Risk
4366,2,881.91,440.955,Beauty & Personal Care,Desktop,Credit Card,Referral,126,Churned,1,Churned
4374,1,613.03,613.03,Home & Kitchen,Mobile,Net Banking,Referral,287,Churned,1,Churned
4378,1,497.05,497.05,Sports & Fitness,Desktop,UPI,Referral,157,Churned,1,Churned
4379,1,4067.38,4067.38,Books,Mobile,Net Banking,Direct,347,Churned,1,Churned
4381,1,2339.8,2339.8,Home & Kitchen,Mobile,EMI,Organic Search,310,Churned,1,Churned
4387,1,1003.8,1003.8,Fashion,Desktop,Debit Card,Paid Ads,322,Churned,1,Churned
4388,1,1246.36,1246.36,Toys & Baby,Mobile,Debit Card,Direct,224,Churned,1,Churned
4390,2,1222.6399999999999,611.3199999999999,Books,Desktop,Credit Card,Direct,113,Churned,1,Churned
4391,2,3928.09,1964.045,Books,Desktop,Credit Card,Paid Ads,39,Active,0,Medium Risk
4392,3,2719.58,906.5266666666666,Fashion,Desktop,Net Banking,Direct,232,Churned,1,Churned
4394,1,980.67,980.67,Sports & Fitness,Desktop,UPI,Referral,135,Churned,1,Churned
4396,1,2756.07,2756.07,Electronics,Mobile,Cash on Delivery,Email Campaign,162,Churned,1,Churned
4399,2,2117.3,1058.65,Electronics,Desktop,EMI,Organic Search,223,Churned,1,Churned
4405,2,4808.39,2404.195,Electronics,Desktop,Credit Card,Direct,10,Active,0,Low Risk
4406,1,3534.66,3534.66,Beauty & Personal Care,Desktop,Debit Card,Organic Search,133,Churned,1,Churned
4409,1,6970.42,6970.42,Home & Kitchen,Mobile,EMI,Referral,112,Churned,1,Churned
4410,2,2222.85,1111.425,Books,Mobile,Cash on Delivery,Direct,117,Churned,1,Churned
4411,2,1267.95,633.975,Grocery,Desktop,Credit Card,Direct,162,Churned,1,Churned
4412,1,2063.49,2063.49,Grocery,Mobile,EMI,Email Campaign,211,Churned,1,Churned
4413,1,4710.4,4710.4,Books,Desktop,UPI,Email Campaign,3,Active,0,Low Risk
4419,1,1521.7,1521.7,Beauty & Personal Care,Mobile,Cash on Delivery,Organic Search,311,Churned,1,Churned
4426,2,1065.17,532.585,Sports & Fitness,Desktop,EMI,Direct,221,Churned,1,Churned
4427,1,334.12,334.12,Sports & Fitness,Mobile,Net Banking,Social Media,184,Churned,1,Churned
4430,1,1693.71,1693.71,Toys & Baby,Mobile,UPI,Paid Ads,282,Churned,1,Churned
4431,3,3672.6099999999997,1224.2033333333331,Books,Desktop,Credit Card,Direct,72,Active,0,High Risk
4432,1,1791.32,1791.32,Fashion,Mobile,UPI,Email Campaign,29,Active,0,Low Risk
4433,3,5489.330000000001,1829.7766666666669,Beauty & Personal Care,Desktop,Cash on Delivery,Social Media,18,Active,0,Low Risk
4434,1,1345.54,1345.54,Fashion,Desktop,Debit Card,Email Campaign,303,Churned,1,Churned
4438,1,2820.69,2820.69,Grocery,Mobile,Net Banking,Paid Ads,59,Active,0,Medium Risk
4442,2,652.86,326.43,Fashion,Desktop,EMI,Direct,44,Active,0,Medium Risk
4443,4,6934.299999999999,1733.5749999999998,Beauty & Personal Care,Desktop,Credit Card,Organic Search,65,Active,0,High Risk
4444,2,6973.95,3486.975,Books,Desktop,Credit Card,Direct,43,Active,0,Medium Risk
4454,1,480.07,480.07,Beauty & Personal Care,Tablet,Debit Card,Direct,352,Churned,1,Churned
4459,2,6336.02,3168.01,Electronics,Desktop,Debit Card,Email Campaign,124,Churned,1,Churned
4464,1,2895.1,2895.1,Toys & Baby,Tablet,Debit Card,Paid Ads,191,Churned,1,Churned
4466,1,770.69,770.69,Fashion,Tablet,EMI,Paid Ads,123,Churned,1,Churned
4469,1,1458.63,1458.63,Home & Kitchen,Mobile,Cash on Delivery,Paid Ads,204,Churned,1,Churned
4472,1,3625.96,3625.96,Home & Kitchen,Mobile,Cash on Delivery,Organic Search,137,Churned,1,Churned
4473,1,4621.36,4621.36,Beauty & Personal Care,Mobile,EMI,Referral,321,Churned,1,Churned
4474,1,599.22,599.22,Fashion,Mobile,Credit Card,Organic Search,259,Churned,1,Churned
4476,2,1663.8899999999999,831.9449999999999,Beauty & Personal Care,Desktop,Debit Card,Referral,2,Active,0,Low Risk
4477,1,774.38,774.38,Sports & Fitness,Desktop,UPI,Paid Ads,81,Active,0,High Risk
4478,1,2363.85,2363.85,Home & Kitchen,Mobile,Cash on Delivery,Email Campaign,122,Churned,1,Churned
4479,2,8329.7,4164.85,Books,Desktop,Debit Card,Paid Ads,5,Active,0,Low Risk
4486,1,664.62,664.62,Fashion,Desktop,Debit Card,Social Media,71,Active,0,High Risk
4487,1,521.72,521.72,Electronics,Desktop,UPI,Email Campaign,321,Churned,1,Churned
4492,2,2056.43,1028.215,Toys & Baby,Desktop,Cash on Delivery,Direct,21,Active,0,Low Risk
4493,1,596.07,596.07,Grocery,Mobile,Net Banking,Organic Search,187,Churned,1,Churned
4495,1,3321.72,3321.72,Books,Mobile,EMI,Social Media,305,Churned,1,Churned
4496,1,739.44,739.44,Sports & Fitness,Desktop,Credit Card,Social Media,8,Active,0,Low Risk
4502,1,714.18,714.18,Sports & Fitness,Mobile,Debit Card,Referral,339,Churned,1,Churned
4504,1,173.14,173.14,Fashion,Mobile,Debit Card,Email Campaign,154,Churned,1,Churned
4507,1,2014.81,2014.81,Grocery,Desktop,Cash on Delivery,Organic Search,146,Churned,1,Churned
4509,1,2263.75,2263.75,Grocery,Desktop,EMI,Email Campaign,302,Churned,1,Churned
4510,1,1570.05,1570.05,Grocery,Mobile,Debit Card,Paid Ads,12,Active,0,Low Risk
4512,1,4512.32,4512.32,Toys & Baby,Desktop,UPI,Organic Search,238,Churned,1,Churned
4514,2,3893.09,1946.545,Electronics,Mobile,Debit Card,Direct,198,Churned,1,Churned
4517,2,2295.0299999999997,1147.5149999999999,Electronics,Desktop,Credit Card,Email Campaign,79,Active,0,High Risk
4518,1,1527.33,1527.33,Home & Kitchen,Mobile,EMI,Social Media,40,Active,0,Medium Risk
4522,1,4767.7,4767.7,Beauty & Personal Care,Desktop,EMI,Email Campaign,60,Active,0,Medium Risk
4523,1,5779.32,5779.32,Home & Kitchen,Tablet,Net Banking,Email Campaign,202,Churned,1,Churned
4527,1,1290.7,1290.7,Home & Kitchen,Mobile,Debit Card,Paid Ads,138,Churned,1,Churned
4529,2,6720.13,3360.065,Beauty & Personal Care,Mobile,Debit Card,Direct,139,Churned,1,Churned
4532,1,931.34,931.34,Home & Kitchen,Mobile,Net Banking,Organic Search,59,Active,0,Medium Risk
4538,1,863.99,863.99,Electronics,Mobile,Debit Card,Direct,63,Active,0,High Risk
4539,1,961.02,961.02,Sports & Fitness,Desktop,Debit Card,Organic Search,263,Churned,1,Churned
4542,3,2648.98,882.9933333333333,Fashion,Mobile,Cash on Delivery,Referral,95,Churned,1,Churned
4543,1,800.04,800.04,Toys & Baby,Desktop,Cash on Delivery,Direct,32,Active,0,Medium Risk
4544,1,2742.6,2742.6,Grocery,Tablet,Net Banking,Organic Search,204,Churned,1,Churned
4546,3,5091.650000000001,1697.216666666667,Electronics,Mobile,Debit Card,Direct,201,Churned,1,Churned
4548,1,1570.77,1570.77,Books,Desktop,Cash on Delivery,Paid Ads,180,Churned,1,Churned
4554,2,3604.8500000000004,1802.4250000000002,Books,Desktop,Credit Card,Referral,63,Active,0,High Risk
4555,1,4871.5,4871.5,Toys & Baby,Mobile,Debit Card,Paid Ads,298,Churned,1,Churned
4561,1,2660.36,2660.36,Grocery,Desktop,EMI,Paid Ads,166,Churned,1,Churned
4563,1,639.9,639.9,Home & Kitchen,Mobile,Cash on Delivery,Email Campaign,257,Churned,1,Churned
4564,3,4397.78,1465.9266666666665,Beauty & Personal Care,Desktop,Credit Card,Direct,95,Churned,1,Churned
4569,1,2062.38,2062.38,Grocery,Mobile,EMI,Organic Search,123,Churned,1,Churned
4571,2,3554.92,1777.46,Grocery,Desktop,Debit Card,Referral,122,Churned,1,Churned
4572,2,2226.78,1113.39,Fashion,Mobile,EMI,Direct,124,Churned,1,Churned
4575,1,6218.53,6218.53,Home & Kitchen,Mobile,Credit Card,Paid Ads,194,Churned,1,Churned
4577,2,2289.94,1144.97,Fashion,Desktop,Net Banking,Email Campaign,140,Churned,1,Churned
4579,1,1203.75,1203.75,Electronics,Mobile,Net Banking,Social Media,360,Churned,1,Churned
4581,1,3190.78,3190.78,Home & Kitchen,Desktop,Credit Card,Email Campaign,238,Churned,1,Churned
4582,1,381.47,381.47,Books,Desktop,Net Banking,Paid Ads,119,Churned,1,Churned
4584,1,1095.97,1095.97,Grocery,Desktop,Cash on Delivery,Referral,215,Churned,1,Churned
4587,1,3850.44,3850.44,Books,Mobile,Debit Card,Direct,292,Churned,1,Churned
4589,1,383.64,383.64,Sports & Fitness,Desktop,Credit Card,Organic Search,209,Churned,1,Churned
4590,1,6133.61,6133.61,Books,Desktop,Cash on Delivery,Email Campaign,4,Active,0,Low Risk
4591,1,611.71,611.71,Grocery,Desktop,Debit Card,Direct,340,Churned,1,Churned
4595,2,4245.41,2122.705,Electronics,Desktop,Credit Card,Paid Ads,108,Churned,1,Churned
4596,2,6535.43,3267.715,Beauty & Personal Care,Desktop,Cash on Delivery,Direct,211,Churned,1,Churned
4597,1,3567.6,3567.6,Grocery,Mobile,Credit Card,Email Campaign,323,Churned,1,Churned
4598,1,1289.91,1289.91,Books,Desktop,Debit Card,Direct,129,Churned,1,Churned
4599,1,184.9,184.9,Sports & Fitness,Mobile,Net Banking,Direct,304,Churned,1,Churned
4600,1,259.79,259.79,Fashion,Mobile,UPI,Referral,28,Active,0,Low Risk
4604,1,305.32,305.32,Books,Tablet,Net Banking,Direct,314,Churned,1,Churned
4605,1,873.84,873.84,Fashion,Desktop,Cash on Delivery,Social Media,220,Churned,1,Churned
4608,1,5934.75,5934.75,Home & Kitchen,Desktop,Cash on Delivery,Social Media,292,Churned,1,Churned
4609,1,1378.16,1378.16,Beauty & Personal Care,Mobile,Debit Card,Email Campaign,265,Churned,1,Churned
4610,1,260.97,260.97,Sports & Fitness,Mobile,Credit Card,Referral,176,Churned,1,Churned
4611,1,3040.3,3040.3,Toys & Baby,Tablet,EMI,Paid Ads,291,Churned,1,Churned
4614,1,2116.93,2116.93,Home & Kitchen,Mobile,Credit Card,Referral,241,Churned,1,Churned
4618,1,2309.25,2309.25,Fashion,Desktop,Net Banking,Social Media,353,Churned,1,Churned
4619,1,2335.77,2335.77,Home & Kitchen,Mobile,Cash on Delivery,Organic Search,166,Churned,1,Churned
4621,1,2842.54,2842.54,Grocery,Desktop,Credit Card,Direct,39,Active,0,Medium Risk
4622,2,4269.92,2134.96,Grocery,Mobile,EMI,Referral,258,Churned,1,Churned
4623,1,1094.55,1094.55,Grocery,Desktop,UPI,Email Campaign,220,Churned,1,Churned
4624,1,2266.72,2266.72,Books,Mobile,Debit Card,Direct,341,Churned,1,Churned
4625,3,5667.76,1889.2533333333333,Books,Desktop,Credit Card,Direct,41,Active,0,Medium Risk
4629,1,615.47,615.47,Home & Kitchen,Desktop,EMI,Social Media,95,Churned,1,Churned
4631,4,7725.790000000001,1931.4475000000002,Home & Kitchen,Mobile,Cash on Delivery,Email Campaign,143,Churned,1,Churned
4632,1,4713.37,4713.37,Home & Kitchen,Mobile,UPI,Direct,284,Churned,1,Churned
4633,1,1445.38,1445.38,Electronics,Desktop,UPI,Email Campaign,318,Churned,1,Churned
4634,1,2452.52,2452.52,Books,Desktop,Cash on Delivery,Direct,29,Active,0,Low Risk
4635,1,6233.48,6233.48,Home & Kitchen,Desktop,Cash on Delivery,Referral,343,Churned,1,Churned
4636,1,739.65,739.65,Grocery,Mobile,Cash on Delivery,Direct,129,Churned,1,Churned
4638,2,1778.41,889.205,Electronics,Desktop,Credit Card,Email Campaign,1,Active,0,Low Risk
4639,1,975.59,975.59,Beauty & Personal Care,Desktop,Debit Card,Direct,230,Churned,1,Churned
4642,1,1548.43,1548.43,Sports & Fitness,Mobile,EMI,Direct,119,Churned,1,Churned
4643,1,483.06,483.06,Fashion,Desktop,EMI,Paid Ads,33,Active,0,Medium Risk
4647,1,595.87,595.87,Sports & Fitness,Desktop,Net Banking,Organic Search,206,Churned,1,Churned
4648,1,2733.66,2733.66,Electronics,Desktop,Net Banking,Email Campaign,284,Churned,1,Churned
4649,2,1861.74,930.87,Home & Kitchen,Desktop,Debit Card,Email Campaign,249,Churned,1,Churned
4653,1,387.64,387.64,Sports & Fitness,Mobile,EMI,Social Media,129,Churned,1,Churned
4654,1,921.82,921.82,Beauty & Personal Care,Desktop,Cash on Delivery,Organic Search,176,Churned,1,Churned
4657,1,3754.47,3754.47,Toys & Baby,Mobile,Cash on Delivery,Social Media,300,Churned,1,Churned
4660,1,1366.91,1366.91,Books,Tablet,Net Banking,Referral,179,Churned,1,Churned
4665,1,2427.4,2427.4,Books,Desktop,EMI,Social Media,171,Churned,1,Churned
4670,1,866.48,866.48,Sports & Fitness,Desktop,EMI,Referral,113,Churned,1,Churned
4674,2,898.15,449.075,Fashion,Mobile,UPI,Direct,107,Churned,1,Churned
4676,1,745.51,745.51,Grocery,Tablet,Net Banking,Email Campaign,110,Churned,1,Churned
4677,1,4654.66,4654.66,Home & Kitchen,Desktop,Debit Card,Referral,6,Active,0,Low Risk
4680,1,205.97,205.97,Electronics,Mobile,EMI,Social Media,211,Churned,1,Churned
4687,1,914.64,914.64,Grocery,Desktop,Debit Card,Referral,111,Churned,1,Churned
4688,2,8653.130000000001,4326.5650000000005,Home & Kitchen,Mobile,Debit Card,Email Campaign,320,Churned,1,Churned
4692,2,4754.51,2377.255,Beauty & Personal Care,Desktop,Credit Card,Email Campaign,5,Active,0,Low Risk
4693,1,164.45,164.45,Sports & Fitness,Desktop,Cash on Delivery,Email Campaign,81,Active,0,High Risk
4694,1,276.81,276.81,Toys & Baby,Desktop,EMI,Direct,126,Churned,1,Churned
4703,1,1713.57,1713.57,Electronics,Mobile,Credit Card,Organic Search,293,Churned,1,Churned
4704,1,2722.9,2722.9,Beauty & Personal Care,Desktop,Credit Card,Social Media,21,Active,0,Low Risk
4705,1,2530.89,2530.89,Beauty & Personal Care,Mobile,Debit Card,Referral,71,Active,0,High Risk
4706,1,1093.93,1093.93,Toys & Baby,Mobile,Cash on Delivery,Organic Search,362,Churned,1,Churned
4707,1,1013.44,1013.44,Toys & Baby,Desktop,Cash on Delivery,Referral,357,Churned,1,Churned
4709,1,2622.78,2622.78,Books,Desktop,Cash on Delivery,Paid Ads,9,Active,0,Low Risk
4710,1,794.66,794.66,Home & Kitchen,Desktop,Debit Card,Organic Search,42,Active,0,Medium Risk
4711,1,244.78,244.78,Electronics,Mobile,EMI,Direct,16,Active,0,Low Risk
4714,2,4254.76,2127.38,Home & Kitchen,Desktop,Credit Card,Direct,14,Active,0,Low Risk
4716,2,1149.72,574.86,Fashion,Desktop,Credit Card,Direct,153,Churned,1,Churned
4720,1,858.28,858.28,Electronics,Desktop,Debit Card,Referral,155,Churned,1,Churned
4721,2,4242.63,2121.315,Books,Desktop,Debit Card,Organic Search,199,Churned,1,Churned
4725,2,6865.23,3432.615,Home & Kitchen,Desktop,Cash on Delivery,Email Campaign,124,Churned,1,Churned
4726,1,1633.54,1633.54,Beauty & Personal Care,Mobile,Debit Card,Organic Search,21,Active,0,Low Risk
4727,1,998.24,998.24,Fashion,Desktop,Net Banking,Direct,326,Churned,1,Churned
4728,1,6321.76,6321.76,Toys & Baby,Mobile,Credit Card,Paid Ads,164,Churned,1,Churned
4730,1,902.54,902.54,Sports & Fitness,Tablet,Credit Card,Direct,236,Churned,1,Churned
4731,1,1767.68,1767.68,Toys & Baby,Mobile,Net Banking,Organic Search,259,Churned,1,Churned
4732,1,1245.51,1245.51,Beauty & Personal Care,Mobile,Credit Card,Referral,12,Active,0,Low Risk
4733,1,2331.11,2331.11,Electronics,Mobile,Net Banking,Direct,358,Churned,1,Churned
4735,1,1084.0,1084.0,Beauty & Personal Care,Tablet,UPI,Paid Ads,185,Churned,1,Churned
4740,1,1905.8,1905.8,Books,Desktop,Net Banking,Organic Search,44,Active,0,Medium Risk
4741,1,2471.74,2471.74,Books,Tablet,Debit Card,Organic Search,152,Churned,1,Churned
4744,1,1725.16,1725.16,Toys & Baby,Mobile,Net Banking,Paid Ads,49,Active,0,Medium Risk
4745,1,183.36,183.36,Sports & Fitness,Mobile,Credit Card,Organic Search,281,Churned,1,Churned
4747,2,2332.3900000000003,1166.1950000000002,Beauty & Personal Care,Desktop,Cash on Delivery,Organic Search,49,Active,0,Medium Risk
4749,2,1955.46,977.73,Electronics,Mobile,Debit Card,Email Campaign,282,Churned,1,Churned
4750,1,4305.24,4305.24,Books,Desktop,Debit Card,Paid Ads,160,Churned,1,Churned
4752,1,2768.64,2768.64,Fashion,Mobile,Net Banking,Organic Search,282,Churned,1,Churned
4753,1,3126.12,3126.12,Books,Mobile,Credit Card,Referral,141,Churned,1,Churned
4764,1,751.09,751.09,Toys & Baby,Mobile,Cash on Delivery,Email Campaign,43,Active,0,Medium Risk
4766,2,885.63,442.815,Electronics,Desktop,Credit Card,Organic Search,11,Active,0,Low Risk
4770,2,942.8,471.4,Electronics,Desktop,Credit Card,Direct,258,Churned,1,Churned
4774,1,786.74,786.74,Sports & Fitness,Mobile,UPI,Direct,90,Active,0,High Risk
4780,2,3309.3,1654.65,Books,Desktop,Debit Card,Email Campaign,32,Active,0,Medium Risk
4786,3,5536.85,1845.6166666666668,Beauty & Personal Care,Mobile,Cash on Delivery,Direct,157,Churned,1,Churned
4787,1,7657.8,7657.8,Toys & Baby,Desktop,Debit Card,Referral,265,Churned,1,Churned
4789,1,273.35,273.35,Electronics,Desktop,Credit Card,Direct,16,Active,0,Low Risk
4796,1,735.32,735.32,Sports & Fitness,Desktop,Net Banking,Referral,290,Churned,1,Churned
4797,1,1116.86,1116.86,Electronics,Mobile,EMI,Direct,295,Churned,1,Churned
4798,2,9076.93,4538.465,Home & Kitchen,Tablet,Net Banking,Social Media,53,Active,0,Medium Risk
4800,1,1995.76,1995.76,Fashion,Mobile,Credit Card,Social Media,123,Churned,1,Churned
4804,2,1535.82,767.91,Beauty & Personal Care,Desktop,Cash on Delivery,Email Campaign,188,Churned,1,Churned
4805,1,792.16,792.16,Sports & Fitness,Desktop,Net Banking,Social Media,319,Churned,1,Churned
4809,1,3851.35,3851.35,Books,Mobile,Debit Card,Social Media,186,Churned,1,Churned
4810,2,1880.1,940.05,Fashion,Desktop,Cash on Delivery,Direct,165,Churned,1,Churned
4811,1,1429.28,1429.28,Electronics,Desktop,Credit Card,Referral,155,Churned,1,Churned
4813,1,3862.44,3862.44,Beauty & Personal Care,Tablet,EMI,Referral,116,Churned,1,Churned
4814,1,1264.95,1264.95,Beauty & Personal Care,Desktop,UPI,Paid Ads,329,Churned,1,Churned
4816,1,6170.93,6170.93,Toys & Baby,Mobile,Credit Card,Organic Search,235,Churned,1,Churned
4818,4,6372.86,1593.215,Books,Desktop,UPI,Email Campaign,16,Active,0,Low Risk
4819,1,1279.72,1279.72,Sports & Fitness,Tablet,Debit Card,Referral,41,Active,0,Medium Risk
4820,1,2950.38,2950.38,Grocery,Mobile,Cash on Delivery,Email Campaign,169,Churned,1,Churned
4821,1,1836.24,1836.24,Sports & Fitness,Mobile,Debit Card,Email Campaign,96,Churned,1,Churned
4822,2,8346.199999999999,4173.099999999999,Books,Desktop,Debit Card,Direct,123,Churned,1,Churned
4825,2,1490.6,745.3,Grocery,Desktop,Cash on Delivery,Organic Search,57,Active,0,Medium Risk
4827,1,2221.98,2221.98,Books,Tablet,Net Banking,Referral,206,Churned,1,Churned
4829,1,568.17,568.17,Sports & Fitness,Mobile,EMI,Direct,15,Active,0,Low Risk
4830,2,1547.7,773.85,Fashion,Mobile,EMI,Email Campaign,277,Churned,1,Churned
4832,2,1990.24,995.12,Electronics,Desktop,Credit Card,Direct,221,Churned,1,Churned
4833,3,3596.5999999999995,1198.8666666666666,Fashion,Desktop,EMI,Email Campaign,6,Active,0,Low Risk
4836,2,666.77,333.385,Electronics,Desktop,Credit Card,Direct,49,Active,0,Medium Risk
4841,2,2304.5699999999997,1152.2849999999999,Books,Mobile,Debit Card,Organic Search,13,Active,0,Low Risk
4842,1,676.41,676.41,Grocery,Mobile,Net Banking,Organic Search,16,Active,0,Low Risk
4846,2,4914.88,2457.44,Electronics,Desktop,Cash on Delivery,Paid Ads,140,Churned,1,Churned
4847,1,4287.6,4287.6,Beauty & Personal Care,Mobile,EMI,Direct,293,Churned,1,Churned
4850,1,1923.75,1923.75,Toys & Baby,Desktop,Debit Card,Paid Ads,248,Churned,1,Churned
4851,2,2957.42,1478.71,Fashion,Desktop,Cash on Delivery,Paid Ads,154,Churned,1,Churned
4852,1,1511.68,1511.68,Electronics,Desktop,Debit Card,Email Campaign,47,Active,0,Medium Risk
4853,1,1440.87,1440.87,Home & Kitchen,Desktop,Net Banking,Email Campaign,26,Active,0,Low Risk
4854,1,1240.29,1240.29,Sports & Fitness,Mobile,UPI,Paid Ads,348,Churned,1,Churned
4856,1,1059.04,1059.04,Sports & Fitness,Desktop,Cash on Delivery,Referral,45,Active,0,Medium Risk
4857,1,5463.21,5463.21,Toys & Baby,Mobile,Net Banking,Social Media,72,Active,0,High Risk
4858,1,404.22,404.22,Fashion,Mobile,EMI,Referral,117,Churned,1,Churned
4860,1,1047.66,1047.66,Home & Kitchen,Desktop,Debit Card,Referral,247,Churned,1,Churned
4861,2,2796.2,1398.1,Grocery,Mobile,Credit Card,Direct,153,Churned,1,Churned
4862,1,488.26,488.26,Fashion,Desktop,Credit Card,Direct,275,Churned,1,Churned
4863,2,4157.91,2078.955,Sports & Fitness,Desktop,Credit Card,Paid Ads,139,Churned,1,Churned
4864,2,2406.74,1203.37,Fashion,Desktop,Credit Card,Email Campaign,232,Churned,1,Churned
4865,1,1068.18,1068.18,Books,Desktop,Net Banking,Organic Search,168,Churned,1,Churned
4866,2,6544.44,3272.22,Beauty & Personal Care,Desktop,EMI,Social Media,176,Churned,1,Churned
4869,1,2169.25,2169.25,Home & Kitchen,Desktop,Credit Card,Email Campaign,152,Churned,1,Churned
4870,1,898.68,898.68,Books,Desktop,EMI,Email Campaign,219,Churned,1,Churned
4875,1,2180.9,2180.9,Books,Mobile,Credit Card,Social Media,140,Churned,1,Churned
4876,2,1527.08,763.54,Books,Desktop,Debit Card,Email Campaign,148,Churned,1,Churned
4877,1,2775.81,2775.81,Books,Desktop,Credit Card,Referral,187,Churned,1,Churned
4879,2,8158.59,4079.295,Beauty & Personal Care,Desktop,UPI,Organic Search,112,Churned,1,Churned
4882,1,1967.73,1967.73,Home & Kitchen,Desktop,EMI,Paid Ads,134,Churned,1,Churned
4883,2,2364.35,1182.175,Electronics,Desktop,Credit Card,Direct,102,Churned,1,Churned
4884,4,3392.8900000000003,848.2225000000001,Sports & Fitness,Mobile,Cash on Delivery,Direct,68,Active,0,High Risk
4886,2,1225.46,612.73,Electronics,Desktop,EMI,Referral,92,Churned,1,Churned
4887,2,3840.1899999999996,1920.0949999999998,Books,Mobile,Net Banking,Organic Search,1,Active,0,Low Risk
4890,1,568.79,568.79,Sports & Fitness,Mobile,EMI,Referral,3,Active,0,Low Risk
4891,1,1709.76,1709.76,Sports & Fitness,Mobile,EMI,Email Campaign,353,Churned,1,Churned
4892,1,1010.33,1010.33,Grocery,Mobile,EMI,Email Campaign,315,Churned,1,Churned
4896,1,1024.17,1024.17,Home & Kitchen,Tablet,UPI,Direct,149,Churned,1,Churned
4897,1,551.66,551.66,Grocery,Desktop,Net Banking,Email Campaign,308,Churned,1,Churned
4899,1,600.81,600.81,Fashion,Mobile,UPI,Paid Ads,79,Active,0,High Risk
4900,2,1777.66,888.83,Electronics,Desktop,Cash on Delivery,Paid Ads,46,Active,0,Medium Risk
4901,1,3558.64,3558.64,Beauty & Personal Care,Mobile,Cash on Delivery,Email Campaign,261,Churned,1,Churned
4903,2,4042.13,2021.065,Beauty & Personal Care,Mobile,Cash on Delivery,Organic Search,222,Churned,1,Churned
4904,1,1223.08,1223.08,Beauty & Personal Care,Mobile,Debit Card,Direct,177,Churned,1,Churned
4906,2,1877.35,938.675,Home & Kitchen,Desktop,Net Banking,Paid Ads,7,Active,0,Low Risk
4907,1,1197.76,1197.76,Sports & Fitness,Mobile,Credit Card,Direct,248,Churned,1,Churned
4908,3,1773.8400000000001,591.2800000000001,Electronics,Desktop,Cash on Delivery,Email Campaign,52,Active,0,Medium Risk
4910,1,1676.0,1676.0,Electronics,Desktop,EMI,Email Campaign,9,Active,0,Low Risk
4912,2,5631.179999999999,2815.5899999999997,Electronics,Desktop,Cash on Delivery,Referral,12,Active,0,Low Risk
4915,2,3262.0,1631.0,Beauty & Personal Care,Desktop,Cash on Delivery,Email Campaign,61,Active,0,High Risk
4920,1,1679.13,1679.13,Beauty & Personal Care,Mobile,Cash on Delivery,Paid Ads,13,Active,0,Low Risk
4922,1,483.1,483.1,Home & Kitchen,Mobile,Cash on Delivery,Organic Search,322,Churned,1,Churned
4925,1,484.65,484.65,Sports & Fitness,Desktop,Credit Card,Referral,191,Churned,1,Churned
4927,2,3224.07,1612.035,Grocery,Mobile,Debit Card,Direct,27,Active,0,Low Risk
4929,1,687.46,687.46,Electronics,Desktop,EMI,Organic Search,270,Churned,1,Churned
4930,1,2446.4,2446.4,Home & Kitchen,Mobile,UPI,Referral,49,Active,0,Medium Risk
4933,1,2719.84,2719.84,Beauty & Personal Care,Mobile,Net Banking,Social Media,321,Churned,1,Churned
4937,1,3209.76,3209.76,Beauty & Personal Care,Desktop,Cash on Delivery,Direct,299,Churned,1,Churned
4938,1,1386.1,1386.1,Toys & Baby,Desktop,EMI,Organic Search,242,Churned,1,Churned
4939,2,6339.5,3169.75,Books,Mobile,Net Banking,Direct,21,Active,0,Low Risk
4940,1,1604.26,1604.26,Electronics,Desktop,Credit Card,Direct,90,Active,0,High Risk
4941,2,1640.37,820.185,Fashion,Desktop,EMI,Direct,69,Active,0,High Risk
4943,1,2549.12,2549.12,Electronics,Desktop,Debit Card,Direct,62,Active,0,High Risk
4944,2,1870.42,935.21,Electronics,Desktop,Credit Card,Email Campaign,11,Active,0,Low Risk
4949,2,8753.49,4376.745,Beauty & Personal Care,Desktop,Cash on Delivery,Social Media,20,Active,0,Low Risk
4950,2,5362.47,2681.235,Home & Kitchen,Desktop,Credit Card,Direct,21,Active,0,Low Risk
4952,1,1834.4,1834.4,Toys & Baby,Desktop,EMI,Email Campaign,110,Churned,1,Churned
4953,1,3283.82,3283.82,Toys & Baby,Desktop,Cash on Delivery,Direct,17,Active,0,Low Risk
4956,1,1199.66,1199.66,Beauty & Personal Care,Mobile,Cash on Delivery,Paid Ads,180,Churned,1,Churned
4959,2,7128.1900000000005,3564.0950000000003,Books,Desktop,Credit Card,Direct,84,Active,0,High Risk
4960,2,2946.5,1473.25,Electronics,Desktop,Debit Card,Direct,19,Active,0,Low Risk
4964,1,772.32,772.32,Electronics,Mobile,Net Banking,Email Campaign,242,Churned,1,Churned
4965,1,5348.71,5348.71,Home & Kitchen,Desktop,Cash on Delivery,Social Media,236,Churned,1,Churned
4972,1,150.38,150.38,Sports & Fitness,Mobile,Net Banking,Referral,270,Churned,1,Churned
4980,1,1369.58,1369.58,Toys & Baby,Mobile,Debit Card,Referral,238,Churned,1,Churned
4981,1,458.07,458.07,Sports & Fitness,Mobile,Cash on Delivery,Referral,6,Active,0,Low Risk
4982,1,3112.16,3112.16,Home & Kitchen,Desktop,Net Banking,Direct,146,Churned,1,Churned
4983,1,79.71,79.71,Sports & Fitness,Desktop,Cash on Delivery,Social Media,240,Churned,1,Churned
4984,2,5128.49,2564.245,Grocery,Desktop,Debit Card,Organic Search,3,Active,0,Low Risk
4985,1,1006.89,1006.89,Books,Mobile,EMI,Email Campaign,251,Churned,1,Churned
4986,2,6459.74,3229.87,Electronics,Mobile,Debit Card,Direct,115,Churned,1,Churned
4993,1,3796.27,3796.27,Toys & Baby,Mobile,UPI,Direct,227,Churned,1,Churned
4995,1,1183.12,1183.12,Toys & Baby,Mobile,Cash on Delivery,Direct,119,Churned,1,Churned
4998,1,1850.24,1850.24,Books,Desktop,Net Banking,Referral,112,Churned,1,Churned
4999,1,3064.19,3064.19,Grocery,Desktop,Cash on Delivery,Email Campaign,196,Churned,1,Churned
5001,1,1028.84,1028.84,Electronics,Desktop,Debit Card,Direct,23,Active,0,Low Risk
5004,2,8443.94,4221.97,Books,Desktop,Credit Card,Direct,180,Churned,1,Churned
5010,2,4216.62,2108.31,Beauty & Personal Care,Desktop,Credit Card,Referral,113,Churned,1,Churned
5012,1,333.74,333.74,Sports & Fitness,Desktop,Credit Card,Paid Ads,3,Active,0,Low Risk
5013,2,4122.15,2061.075,Sports & Fitness,Desktop,Cash on Delivery,Referral,130,Churned,1,Churned
5014,1,152.16,152.16,Sports & Fitness,Desktop,Cash on Delivery,Direct,69,Active,0,High Risk
5015,1,529.96,529.96,Electronics,Desktop,Credit Card,Organic Search,200,Churned,1,Churned
5018,2,4148.03,2074.015,Books,Mobile,Debit Card,Email Campaign,127,Churned,1,Churned
5022,1,474.8,474.8,Electronics,Mobile,EMI,Organic Search,127,Churned,1,Churned
5026,2,2539.03,1269.515,Electronics,Desktop,EMI,Direct,168,Churned,1,Churned
5028,1,2863.78,2863.78,Toys & Baby,Mobile,Debit Card,Social Media,42,Active,0,Medium Risk
5030,1,2261.92,2261.92,Home & Kitchen,Desktop,Credit Card,Social Media,187,Churned,1,Churned
5032,2,5641.2699999999995,2820.6349999999998,Books,Desktop,UPI,Organic Search,20,Active,0,Low Risk
5033,1,868.47,868.47,Grocery,Tablet,UPI,Email Campaign,130,Churned,1,Churned
5034,1,784.35,784.35,Fashion,Desktop,UPI,Organic Search,334,Churned,1,Churned
5037,2,1138.6,569.3,Sports & Fitness,Mobile,Debit Card,Direct,5,Active,0,Low Risk
5038,2,2512.57,1256.285,Beauty & Personal Care,Desktop,EMI,Email Campaign,14,Active,0,Low Risk
5039,1,5867.1,5867.1,Home & Kitchen,Desktop,UPI,Social Media,292,Churned,1,Churned
5045,1,1715.42,1715.42,Grocery,Tablet,Net Banking,Referral,327,Churned,1,Churned
5046,1,3983.36,3983.36,Beauty & Personal Care,Desktop,Credit Card,Paid Ads,131,Churned,1,Churned
5047,1,2393.85,2393.85,Beauty & Personal Care,Mobile,Credit Card,Email Campaign,232,Churned,1,Churned
5048,2,3428.31,1714.155,Books,Desktop,Cash on Delivery,Direct,218,Churned,1,Churned
5050,1,2751.56,2751.56,Beauty & Personal Care,Desktop,Credit Card,Organic Search,262,Churned,1,Churned
5054,1,335.14,335.14,Sports & Fitness,Desktop,EMI,Organic Search,180,Churned,1,Churned
5055,1,356.62,356.62,Sports & Fitness,Desktop,EMI,Direct,309,Churned,1,Churned
5056,1,1225.19,1225.19,Electronics,Desktop,Credit Card,Paid Ads,92,Churned,1,Churned
5059,3,3399.3100000000004,1133.1033333333335,Beauty & Personal Care,Desktop,EMI,Direct,91,Churned,1,Churned
5060,1,5304.18,5304.18,Books,Mobile,UPI,Referral,18,Active,0,Low Risk
5061,1,1104.81,1104.81,Grocery,Desktop,Cash on Delivery,Paid Ads,143,Churned,1,Churned
5064,1,685.66,685.66,Electronics,Desktop,UPI,Organic Search,251,Churned,1,Churned
5066,1,6746.0,6746.0,Home & Kitchen,Mobile,UPI,Email Campaign,351,Churned,1,Churned
5067,1,1183.0,1183.0,Books,Desktop,Net Banking,Email Campaign,312,Churned,1,Churned
5069,1,1020.28,1020.28,Grocery,Mobile,Debit Card,Social Media,186,Churned,1,Churned
5071,1,1725.08,1725.08,Grocery,Mobile,UPI,Organic Search,283,Churned,1,Churned
5074,1,105.26,105.26,Fashion,Desktop,Cash on Delivery,Organic Search,151,Churned,1,Churned
5075,1,1648.8,1648.8,Sports & Fitness,Mobile,Net Banking,Referral,305,Churned,1,Churned
5079,2,1421.5500000000002,710.7750000000001,Electronics,Desktop,Debit Card,Referral,103,Churned,1,Churned
5081,1,2189.33,2189.33,Home & Kitchen,Desktop,EMI,Organic Search,227,Churned,1,Churned
5082,2,2299.04,1149.52,Books,Desktop,Cash on Delivery,Organic Search,253,Churned,1,Churned
5083,1,286.18,286.18,Sports & Fitness,Mobile,EMI,Paid Ads,309,Churned,1,Churned
5087,1,2965.56,2965.56,Beauty & Personal Care,Mobile,EMI,Referral,95,Churned,1,Churned
5088,1,1046.38,1046.38,Electronics,Mobile,Cash on Delivery,Email Campaign,298,Churned,1,Churned
5090,1,1895.4,1895.4,Books,Desktop,Cash on Delivery,Organic Search,276,Churned,1,Churned
5091,1,912.44,912.44,Grocery,Desktop,Debit Card,Direct,326,Churned,1,Churned
5092,2,5768.9,2884.45,Books,Desktop,Debit Card,Organic Search,179,Churned,1,Churned
5093,1,4636.12,4636.12,Home & Kitchen,Mobile,Net Banking,Paid Ads,155,Churned,1,Churned
5098,1,757.4,757.4,Fashion,Desktop,Net Banking,Email Campaign,170,Churned,1,Churned
5103,1,285.07,285.07,Beauty & Personal Care,Desktop,UPI,Direct,161,Churned,1,Churned
5105,1,407.7,407.7,Sports & Fitness,Desktop,Cash on Delivery,Email Campaign,307,Churned,1,Churned
5107,1,1424.89,1424.89,Fashion,Desktop,Net Banking,Social Media,176,Churned,1,Churned
5108,1,1140.74,1140.74,Home & Kitchen,Desktop,Net Banking,Direct,99,Churned,1,Churned
5109,2,3145.08,1572.54,Books,Mobile,Credit Card,Direct,50,Active,0,Medium Risk
5111,1,275.99,275.99,Grocery,Mobile,Credit Card,Direct,280,Churned,1,Churned
5113,1,469.93,469.93,Electronics,Mobile,Cash on Delivery,Referral,87,Active,0,High Risk
5115,1,3400.42,3400.42,Beauty & Personal Care,Mobile,Net Banking,Paid Ads,284,Churned,1,Churned
5118,1,1688.7,1688.7,Books,Mobile,EMI,Direct,101,Churned,1,Churned
5119,2,3172.1499999999996,1586.0749999999998,Books,Mobile,Cash on Delivery,Paid Ads,68,Active,0,High Risk
5120,2,2992.91,1496.455,Fashion,Desktop,EMI,Email Campaign,260,Churned,1,Churned
5123,1,140.4,140.4,Sports & Fitness,Mobile,EMI,Paid Ads,151,Churned,1,Churned
5126,1,4094.21,4094.21,Beauty & Personal Care,Mobile,Debit Card,Organic Search,217,Churned,1,Churned
5127,1,2613.52,2613.52,Grocery,Tablet,Cash on Delivery,Email Campaign,292,Churned,1,Churned
5128,1,2595.81,2595.81,Grocery,Desktop,Cash on Delivery,Direct,357,Churned,1,Churned
5132,1,1352.01,1352.01,Grocery,Tablet,UPI,Direct,359,Churned,1,Churned
5133,1,586.87,586.87,Sports & Fitness,Tablet,EMI,Organic Search,172,Churned,1,Churned
5138,1,2891.82,2891.82,Home & Kitchen,Mobile,UPI,Paid Ads,26,Active,0,Low Risk
5140,1,1418.33,1418.33,Books,Desktop,Net Banking,Social Media,243,Churned,1,Churned
5141,1,940.71,940.71,Home & Kitchen,Desktop,UPI,Social Media,143,Churned,1,Churned
5143,2,1620.7800000000002,810.3900000000001,Beauty & Personal Care,Desktop,Debit Card,Direct,16,Active,0,Low Risk
5144,1,879.59,879.59,Beauty & Personal Care,Desktop,Debit Card,Paid Ads,134,Churned,1,Churned
5146,1,1760.28,1760.28,Electronics,Desktop,EMI,Organic Search,206,Churned,1,Churned
5147,1,446.38,446.38,Beauty & Personal Care,Desktop,Net Banking,Referral,130,Churned,1,Churned
5148,3,6018.0599999999995,2006.0199999999998,Home & Kitchen,Desktop,Debit Card,Social Media,163,Churned,1,Churned
5151,1,4337.17,4337.17,Home & Kitchen,Mobile,Cash on Delivery,Direct,134,Churned,1,Churned
5153,1,1722.1,1722.1,Electronics,Mobile,Debit Card,Email Campaign,311,Churned,1,Churned
5161,1,58.43,58.43,Sports & Fitness,Desktop,Net Banking,Paid Ads,138,Churned,1,Churned
5162,1,1248.08,1248.08,Fashion,Mobile,Cash on Delivery,Paid Ads,234,Churned,1,Churned
5163,1,2251.19,2251.19,Grocery,Mobile,Net Banking,Direct,198,Churned,1,Churned
5166,1,1061.77,1061.77,Home & Kitchen,Mobile,Credit Card,Email Campaign,50,Active,0,Medium Risk
5172,1,903.48,903.48,Fashion,Tablet,Credit Card,Referral,163,Churned,1,Churned
5174,2,1503.4,751.7,Grocery,Mobile,Cash on Delivery,Referral,144,Churned,1,Churned
5176,4,15955.15,3988.7875,Home & Kitchen,Mobile,Credit Card,Social Media,36,Active,0,Medium Risk
5179,1,1319.44,1319.44,Grocery,Mobile,Cash on Delivery,Direct,113,Churned,1,Churned
5180,1,3580.77,3580.77,Home & Kitchen,Desktop,Debit Card,Organic Search,164,Churned,1,Churned
5183,1,991.8,991.8,Grocery,Tablet,Debit Card,Paid Ads,121,Churned,1,Churned
5188,1,4880.26,4880.26,Books,Desktop,Credit Card,Referral,133,Churned,1,Churned
5194,1,769.59,769.59,Fashion,Tablet,Credit Card,Paid Ads,213,Churned,1,Churned
5199,1,880.7,880.7,Beauty & Personal Care,Mobile,Credit Card,Organic Search,91,Churned,1,Churned
5200,1,178.74,178.74,Fashion,Desktop,Debit Card,Email Campaign,6,Active,0,Low Risk
5202,1,861.31,861.31,Home & Kitchen,Mobile,Net Banking,Email Campaign,79,Active,0,High Risk
5206,1,4256.56,4256.56,Books,Mobile,Credit Card,Direct,68,Active,0,High Risk
5211,1,4036.14,4036.14,Beauty & Personal Care,Desktop,Net Banking,Email Campaign,359,Churned,1,Churned
5212,1,1241.29,1241.29,Home & Kitchen,Desktop,Net Banking,Referral,35,Active,0,Medium Risk
5213,3,4566.01,1522.0033333333333,Books,Mobile,UPI,Direct,92,Churned,1,Churned
5217,1,2023.81,2023.81,Grocery,Mobile,Credit Card,Email Campaign,161,Churned,1,Churned
5218,1,390.54,390.54,Grocery,Mobile,UPI,Email Campaign,285,Churned,1,Churned
5220,1,1020.52,1020.52,Electronics,Mobile,UPI,Organic Search,247,Churned,1,Churned
5221,3,4751.84,1583.9466666666667,Grocery,Mobile,Debit Card,Direct,141,Churned,1,Churned
5222,1,1258.38,1258.38,Electronics,Mobile,Net Banking,Social Media,236,Churned,1,Churned
5224,1,824.3,824.3,Grocery,Desktop,Net Banking,Social Media,173,Churned,1,Churned
5225,2,935.03,467.515,Fashion,Desktop,Cash on Delivery,Email Campaign,119,Churned,1,Churned
5227,1,633.0,633.0,Toys & Baby,Mobile,EMI,Email Campaign,155,Churned,1,Churned
5228,1,1246.53,1246.53,Grocery,Mobile,Net Banking,Direct,69,Active,0,High Risk
5229,2,2889.7799999999997,1444.8899999999999,Fashion,Desktop,Cash on Delivery,Direct,263,Churned,1,Churned
5232,1,43.35,43.35,Sports & Fitness,Tablet,Cash on Delivery,Paid Ads,70,Active,0,High Risk
5238,1,787.17,787.17,Sports & Fitness,Desktop,Net Banking,Referral,213,Churned,1,Churned
5239,1,594.6,594.6,Toys & Baby,Tablet,Debit Card,Paid Ads,242,Churned,1,Churned
5241,1,1445.98,1445.98,Home & Kitchen,Desktop,EMI,Direct,98,Churned,1,Churned
5242,2,916.84,458.42,Grocery,Desktop,Net Banking,Referral,35,Active,0,Medium Risk
5244,1,863.44,863.44,Fashion,Desktop,Credit Card,Direct,130,Churned,1,Churned
5245,2,6146.6,3073.3,Books,Mobile,Cash on Delivery,Paid Ads,109,Churned,1,Churned
5246,1,2238.2,2238.2,Books,Desktop,Debit Card,Referral,133,Churned,1,Churned
5249,1,926.31,926.31,Grocery,Desktop,UPI,Organic Search,359,Churned,1,Churned
5252,2,2427.33,1213.665,Books,Desktop,Debit Card,Referral,103,Churned,1,Churned
5253,1,1474.56,1474.56,Fashion,Mobile,EMI,Direct,333,Churned,1,Churned
5255,2,2754.84,1377.42,Electronics,Mobile,Cash on Delivery,Direct,120,Churned,1,Churned
5264,1,472.87,472.87,Books,Mobile,Net Banking,Email Campaign,184,Churned,1,Churned
5265,1,591.32,591.32,Sports & Fitness,Desktop,Debit Card,Referral,186,Churned,1,Churned
5266,1,2223.78,2223.78,Grocery,Desktop,EMI,Paid Ads,33,Active,0,Medium Risk
5270,1,2493.64,2493.64,Beauty & Personal Care,Desktop,Net Banking,Referral,277,Churned,1,Churned
5274,2,1383.16,691.58,Grocery,Desktop,Credit Card,Direct,312,Churned,1,Churned
5276,2,3381.56,1690.78,Fashion,Desktop,Credit Card,Direct,157,Churned,1,Churned
5278,1,4951.04,4951.04,Toys & Baby,Mobile,Credit Card,Email Campaign,141,Churned,1,Churned
5279,2,1914.4099999999999,957.2049999999999,Grocery,Desktop,Cash on Delivery,Direct,151,Churned,1,Churned
5280,2,2874.03,1437.015,Grocery,Desktop,Net Banking,Paid Ads,114,Churned,1,Churned
5281,2,1360.48,680.24,Fashion,Desktop,EMI,Email Campaign,148,Churned,1,Churned
5284,1,1169.3,1169.3,Grocery,Tablet,Net Banking,Direct,70,Active,0,High Risk
5285,2,2528.77,1264.385,Fashion,Desktop,Credit Card,Direct,79,Active,0,High Risk
5288,2,5552.33,2776.165,Beauty & Personal Care,Mobile,EMI,Direct,59,Active,0,Medium Risk
5291,1,1186.63,1186.63,Books,Mobile,Debit Card,Organic Search,192,Churned,1,Churned
5292,1,1072.87,1072.87,Electronics,Mobile,UPI,Organic Search,205,Churned,1,Churned
5294,1,555.14,555.14,Fashion,Mobile,EMI,Email Campaign,130,Churned,1,Churned
5295,1,444.02,444.02,Electronics,Mobile,EMI,Social Media,72,Active,0,High Risk
5297,1,1252.05,1252.05,Fashion,Desktop,UPI,Direct,251,Churned,1,Churned
5298,2,2981.79,1490.895,Electronics,Desktop,Net Banking,Direct,38,Active,0,Medium Risk
5299,1,1387.8,1387.8,Fashion,Desktop,Cash on Delivery,Social Media,168,Churned,1,Churned
5300,1,1095.1,1095.1,Sports & Fitness,Desktop,UPI,Organic Search,104,Churned,1,Churned
5301,2,1802.29,901.145,Beauty & Personal Care,Desktop,EMI,Direct,34,Active,0,Medium Risk
5302,1,3899.16,3899.16,Toys & Baby,Mobile,UPI,Direct,349,Churned,1,Churned
5303,1,1001.53,1001.53,Grocery,Mobile,Debit Card,Social Media,327,Churned,1,Churned
5308,1,1357.89,1357.89,Books,Mobile,Cash on Delivery,Paid Ads,250,Churned,1,Churned
5310,1,3534.4,3534.4,Toys & Baby,Desktop,EMI,Social Media,352,Churned,1,Churned
5312,2,2660.37,1330.185,Beauty & Personal Care,Desktop,Cash on Delivery,Direct,168,Churned,1,Churned
5313,1,1620.68,1620.68,Sports & Fitness,Tablet,UPI,Organic Search,197,Churned,1,Churned
5317,1,1178.38,1178.38,Fashion,Desktop,UPI,Direct,120,Churned,1,Churned
5319,1,837.3,837.3,Fashion,Desktop,UPI,Paid Ads,338,Churned,1,Churned
5322,1,3699.76,3699.76,Home & Kitchen,Mobile,Net Banking,Email Campaign,228,Churned,1,Churned
5323,1,3361.66,3361.66,Toys & Baby,Mobile,Credit Card,Referral,155,Churned,1,Churned
5327,1,1477.92,1477.92,Grocery,Desktop,Credit Card,Social Media,175,Churned,1,Churned
5328,1,3805.9,3805.9,Toys & Baby,Desktop,Debit Card,Referral,83,Active,0,High Risk
5332,1,1275.4,1275.4,Fashion,Desktop,Cash on Delivery,Email Campaign,168,Churned,1,Churned
5334,1,1727.08,1727.08,Electronics,Desktop,UPI,Direct,324,Churned,1,Churned
5335,1,1113.81,1113.81,Grocery,Desktop,UPI,Social Media,103,Churned,1,Churned
5337,2,3008.5699999999997,1504.2849999999999,Beauty & Personal Care,Desktop,EMI,Direct,180,Churned,1,Churned
5339,1,3675.57,3675.57,Toys & Baby,Mobile,Cash on Delivery,Social Media,208,Churned,1,Churned
5340,1,4948.2,4948.2,Books,Desktop,Debit Card,Paid Ads,298,Churned,1,Churned
5342,1,532.5,532.5,Sports & Fitness,Desktop,Cash on Delivery,Direct,292,Churned,1,Churned
5343,1,776.36,776.36,Sports & Fitness,Desktop,Cash on Delivery,Email Campaign,302,Churned,1,Churned
5349,1,431.06,431.06,Grocery,Desktop,UPI,Social Media,347,Churned,1,Churned
5351,1,1644.67,1644.67,Home & Kitchen,Desktop,EMI,Direct,259,Churned,1,Churned
5352,1,2582.32,2582.32,Home & Kitchen,Desktop,EMI,Email Campaign,113,Churned,1,Churned
5358,1,831.26,831.26,Electronics,Desktop,Net Banking,Email Campaign,184,Churned,1,Churned
5362,1,3331.59,3331.59,Grocery,Desktop,Cash on Delivery,Referral,313,Churned,1,Churned
5364,1,147.89,147.89,Sports & Fitness,Tablet,Cash on Delivery,Referral,358,Churned,1,Churned
5371,1,2112.24,2112.24,Grocery,Desktop,Credit Card,Email Campaign,179,Churned,1,Churned
5372,2,3448.7400000000002,1724.3700000000001,Grocery,Mobile,Cash on Delivery,Email Campaign,278,Churned,1,Churned
5375,1,336.52,336.52,Fashion,Desktop,EMI,Paid Ads,325,Churned,1,Churned
5376,2,5905.45,2952.725,Sports & Fitness,Mobile,Debit Card,Paid Ads,11,Active,0,Low Risk
5378,1,3867.51,3867.51,Home & Kitchen,Desktop,Debit Card,Social Media,12,Active,0,Low Risk
5379,1,1235.02,1235.02,Electronics,Desktop,Credit Card,Paid Ads,136,Churned,1,Churned
5382,3,3372.62,1124.2066666666667,Electronics,Mobile,Credit Card,Direct,64,Active,0,High Risk
5395,1,2786.42,2786.42,Home & Kitchen,Tablet,Credit Card,Social Media,207,Churned,1,Churned
5397,1,4361.91,4361.91,Toys & Baby,Desktop,EMI,Paid Ads,135,Churned,1,Churned
5398,1,1835.82,1835.82,Toys & Baby,Mobile,UPI,Email Campaign,141,Churned,1,Churned
5399,1,3984.39,3984.39,Beauty & Personal Care,Desktop,UPI,Organic Search,141,Churned,1,Churned
5400,1,590.27,590.27,Fashion,Mobile,Credit Card,Paid Ads,113,Churned,1,Churned
5402,2,1546.35,773.175,Fashion,Desktop,Credit Card,Organic Search,83,Active,0,High Risk
5403,2,9428.04,4714.02,Home & Kitchen,Desktop,Credit Card,Direct,91,Churned,1,Churned
5406,2,4037.97,2018.985,Books,Desktop,Credit Card,Email Campaign,87,Active,0,High Risk
5409,1,2449.83,2449.83,Books,Desktop,Net Banking,Social Media,78,Active,0,High Risk
5413,1,2911.58,2911.58,Home & Kitchen,Desktop,Debit Card,Direct,165,Churned,1,Churned
5415,2,3356.38,1678.19,Electronics,Desktop,Credit Card,Organic Search,273,Churned,1,Churned
5416,3,4996.34,1665.4466666666667,Fashion,Desktop,EMI,Direct,35,Active,0,Medium Risk
5418,1,5081.0,5081.0,Toys & Baby,Mobile,Credit Card,Organic Search,175,Churned,1,Churned
5419,1,364.26,364.26,Grocery,Mobile,Debit Card,Organic Search,251,Churned,1,Churned
5421,1,1156.78,1156.78,Sports & Fitness,Mobile,UPI,Email Campaign,320,Churned,1,Churned
5422,1,906.09,906.09,Sports & Fitness,Desktop,EMI,Organic Search,109,Churned,1,Churned
5424,1,365.8,365.8,Toys & Baby,Desktop,Net Banking,Email Campaign,180,Churned,1,Churned
5425,1,4752.42,4752.42,Books,Tablet,Credit Card,Organic Search,114,Churned,1,Churned
5426,1,720.48,720.48,Sports & Fitness,Mobile,Debit Card,Paid Ads,197,Churned,1,Churned
5427,1,1361.9,1361.9,Toys & Baby,Mobile,Debit Card,Email Campaign,173,Churned,1,Churned
5429,1,1303.03,1303.03,Beauty & Personal Care,Tablet,Cash on Delivery,Referral,67,Active,0,High Risk
5430,1,533.86,533.86,Sports & Fitness,Desktop,UPI,Referral,22,Active,0,Low Risk
5431,1,3757.12,3757.12,Toys & Baby,Desktop,Credit Card,Email Campaign,277,Churned,1,Churned
5432,1,1113.82,1113.82,Sports & Fitness,Mobile,Net Banking,Direct,238,Churned,1,Churned
5434,2,2254.5699999999997,1127.2849999999999,Beauty & Personal Care,Desktop,Cash on Delivery,Direct,67,Active,0,High Risk
5435,1,695.71,695.71,Fashion,Desktop,Credit Card,Social Media,4,Active,0,Low Risk
5442,2,937.58,468.79,Electronics,Mobile,Credit Card,Email Campaign,104,Churned,1,Churned
5443,1,2294.12,2294.12,Grocery,Mobile,Cash on Delivery,Email Campaign,183,Churned,1,Churned
5446,3,3457.06,1152.3533333333332,Toys & Baby,Mobile,Cash on Delivery,Direct,78,Active,0,High Risk
5448,1,1576.32,1576.32,Home & Kitchen,Mobile,Credit Card,Organic Search,172,Churned,1,Churned
5450,1,3222.07,3222.07,Toys & Baby,Desktop,Credit Card,Email Campaign,288,Churned,1,Churned
5453,1,434.92,434.92,Fashion,Desktop,Credit Card,Social Media,225,Churned,1,Churned
5459,2,3951.57,1975.785,Beauty & Personal Care,Desktop,Cash on Delivery,Email Campaign,211,Churned,1,Churned
5460,1,1026.87,1026.87,Fashion,Desktop,EMI,Direct,8,Active,0,Low Risk
5461,1,262.45,262.45,Sports & Fitness,Mobile,Cash on Delivery,Referral,345,Churned,1,Churned
5463,3,1868.11,622.7033333333333,Beauty & Personal Care,Desktop,Debit Card,Direct,16,Active,0,Low Risk
5464,1,5860.0,5860.0,Toys & Baby,Desktop,UPI,Email Campaign,222,Churned,1,Churned
5466,2,4672.51,2336.255,Fashion,Desktop,Credit Card,Direct,222,Churned,1,Churned
5467,1,1604.38,1604.38,Books,Desktop,Net Banking,Social Media,2,Active,0,Low Risk
5468,1,567.43,567.43,Grocery,Mobile,Cash on Delivery,Paid Ads,350,Churned,1,Churned
5469,1,930.92,930.92,Grocery,Mobile,Cash on Delivery,Organic Search,22,Active,0,Low Risk
5470,1,167.16,167.16,Fashion,Desktop,UPI,Direct,30,Active,0,Low Risk
5471,2,2483.94,1241.97,Books,Desktop,Cash on Delivery,Paid Ads,86,Active,0,High Risk
5475,1,1787.51,1787.51,Toys & Baby,Mobile,EMI,Email Campaign,145,Churned,1,Churned
5478,1,1465.94,1465.94,Books,Desktop,Credit Card,Social Media,208,Churned,1,Churned
5479,1,2663.02,2663.02,Home & Kitchen,Desktop,Debit Card,Paid Ads,274,Churned,1,Churned
5480,1,1075.73,1075.73,Home & Kitchen,Tablet,Net Banking,Referral,354,Churned,1,Churned
5484,2,4552.2,2276.1,Home & Kitchen,Mobile,Credit Card,Paid Ads,39,Active,0,Medium Risk
5485,2,2295.85,1147.925,Beauty & Personal Care,Desktop,Cash on Delivery,Email Campaign,282,Churned,1,Churned
5486,1,859.6,859.6,Home & Kitchen,Desktop,EMI,Paid Ads,281,Churned,1,Churned
5488,1,943.28,943.28,Toys & Baby,Mobile,Credit Card,Social Media,56,Active,0,Medium Risk
5489,1,4844.2,4844.2,Beauty & Personal Care,Desktop,UPI,Referral,354,Churned,1,Churned
5490,1,626.14,626.14,Toys & Baby,Mobile,Debit Card,Direct,102,Churned,1,Churned
5493,1,1158.28,1158.28,Fashion,Desktop,Credit Card,Direct,57,Active,0,Medium Risk
5496,1,3870.3,3870.3,Grocery,Desktop,EMI,Social Media,229,Churned,1,Churned
5498,1,5022.84,5022.84,Home & Kitchen,Mobile,Cash on Delivery,Referral,80,Active,0,High Risk
5500,1,1184.51,1184.51,Electronics,Tablet,Debit Card,Referral,102,Churned,1,Churned
5502,1,1496.63,1496.63,Beauty & Personal Care,Desktop,Cash on Delivery,Email Campaign,124,Churned,1,Churned
5503,1,442.61,442.61,Grocery,Desktop,Credit Card,Social Media,105,Churned,1,Churned
5504,1,2470.05,2470.05,Toys & Baby,Mobile,Cash on Delivery,Email Campaign,192,Churned,1,Churned
5505,2,2380.4700000000003,1190.2350000000001,Beauty & Personal Care,Desktop,Credit Card,Email Campaign,102,Churned,1,Churned
5508,2,4799.0599999999995,2399.5299999999997,Electronics,Desktop,Credit Card,Paid Ads,49,Active,0,Medium Risk
5509,1,316.54,316.54,Sports & Fitness,Mobile,Credit Card,Email Campaign,329,Churned,1,Churned
5513,1,3092.52,3092.52,Home & Kitchen,Mobile,Cash on Delivery,Direct,95,Churned,1,Churned
5514,2,5784.89,2892.445,Sports & Fitness,Desktop,EMI,Direct,133,Churned,1,Churned
5515,1,3339.2,3339.2,Toys & Baby,Desktop,Debit Card,Direct,222,Churned,1,Churned
5516,1,950.89,950.89,Toys & Baby,Mobile,Cash on Delivery,Paid Ads,314,Churned,1,Churned
5518,2,4699.67,2349.835,Electronics,Desktop,Net Banking,Direct,105,Churned,1,Churned
5519,1,1929.7,1929.7,Grocery,Tablet,EMI,Direct,150,Churned,1,Churned
5521,1,2050.89,2050.89,Beauty & Personal Care,Desktop,Credit Card,Paid Ads,123,Churned,1,Churned
5522,2,1226.31,613.155,Fashion,Desktop,Net Banking,Direct,165,Churned,1,Churned
5525,1,4709.6,4709.6,Toys & Baby,Desktop,Debit Card,Referral,362,Churned,1,Churned
5526,1,395.05,395.05,Electronics,Desktop,Debit Card,Email Campaign,26,Active,0,Low Risk
5527,1,3662.71,3662.71,Books,Desktop,Net Banking,Paid Ads,98,Churned,1,Churned
5528,1,1233.59,1233.59,Books,Desktop,UPI,Direct,42,Active,0,Medium Risk
5529,1,6006.6,6006.6,Toys & Baby,Mobile,Debit Card,Referral,288,Churned,1,Churned
5531,1,508.56,508.56,Books,Mobile,Debit Card,Direct,174,Churned,1,Churned
5532,1,3069.25,3069.25,Electronics,Desktop,Cash on Delivery,Direct,140,Churned,1,Churned
5533,3,4167.73,1389.243333333333,Beauty & Personal Care,Desktop,Credit Card,Social Media,71,Active,0,High Risk
5534,2,5666.76,2833.38,Books,Mobile,Credit Card,Organic Search,30,Active,0,Low Risk
5537,1,1249.43,1249.43,Beauty & Personal Care,Mobile,Debit Card,Referral,194,Churned,1,Churned
5538,2,940.72,470.36,Electronics,Desktop,Debit Card,Direct,119,Churned,1,Churned
5540,1,580.56,580.56,Sports & Fitness,Mobile,UPI,Organic Search,248,Churned,1,Churned
5541,1,643.98,643.98,Books,Desktop,Net Banking,Direct,250,Churned,1,Churned
5544,1,591.86,591.86,Fashion,Mobile,Credit Card,Organic Search,340,Churned,1,Churned
5545,1,644.84,644.84,Electronics,Mobile,EMI,Organic Search,356,Churned,1,Churned
5552,1,1091.95,1091.95,Grocery,Desktop,Credit Card,Social Media,163,Churned,1,Churned
5553,2,7667.139999999999,3833.5699999999997,Grocery,Mobile,EMI,Social Media,220,Churned,1,Churned
5557,4,6930.64,1732.66,Books,Desktop,Credit Card,Social Media,15,Active,0,Low Risk
5558,1,330.65,330.65,Electronics,Desktop,UPI,Organic Search,246,Churned,1,Churned
5560,1,2349.4,2349.4,Books,Desktop,Net Banking,Organic Search,279,Churned,1,Churned
5561,2,3559.89,1779.945,Beauty & Personal Care,Mobile,Credit Card,Email Campaign,218,Churned,1,Churned
5568,1,791.84,791.84,Electronics,Desktop,Credit Card,Social Media,70,Active,0,High Risk
5569,1,1486.43,1486.43,Grocery,Desktop,UPI,Email Campaign,126,Churned,1,Churned
5573,2,3589.67,1794.835,Grocery,Desktop,Credit Card,Email Campaign,76,Active,0,High Risk
5574,2,3038.9300000000003,1519.4650000000001,Beauty & Personal Care,Desktop,Cash on Delivery,Paid Ads,112,Churned,1,Churned
5578,1,3571.08,3571.08,Toys & Baby,Mobile,UPI,Paid Ads,194,Churned,1,Churned
5580,1,1790.6,1790.6,Beauty & Personal Care,Desktop,Net Banking,Social Media,119,Churned,1,Churned
5581,2,7678.41,3839.205,Beauty & Personal Care,Desktop,Debit Card,Email Campaign,202,Churned,1,Churned
5587,2,1328.86,664.43,Fashion,Desktop,EMI,Organic Search,24,Active,0,Low Risk
5593,1,3227.0,3227.0,Books,Desktop,EMI,Social Media,203,Churned,1,Churned
5595,3,3271.27,1090.4233333333334,Home & Kitchen,Mobile,Net Banking,Social Media,159,Churned,1,Churned
5596,1,2303.3,2303.3,Fashion,Tablet,EMI,Referral,360,Churned,1,Churned
5597,2,1570.8000000000002,785.4000000000001,Sports & Fitness,Desktop,EMI,Organic Search,156,Churned,1,Churned
5599,1,390.62,390.62,Sports & Fitness,Desktop,Credit Card,Organic Search,301,Churned,1,Churned
5601,2,5046.88,2523.44,Beauty & Personal Care,Desktop,Net Banking,Direct,297,Churned,1,Churned
5605,1,1793.48,1793.48,Books,Desktop,UPI,Direct,122,Churned,1,Churned
5606,1,1151.22,1151.22,Toys & Baby,Desktop,EMI,Email Campaign,294,Churned,1,Churned
5607,1,1332.66,1332.66,Toys & Baby,Desktop,Credit Card,Paid Ads,196,Churned,1,Churned
5609,1,2748.3,2748.3,Books,Mobile,EMI,Paid Ads,214,Churned,1,Churned
5610,1,277.34,277.34,Books,Desktop,Debit Card,Direct,298,Churned,1,Churned
5611,1,1745.14,1745.14,Electronics,Mobile,Credit Card,Referral,167,Churned,1,Churned
5612,1,475.44,475.44,Sports & Fitness,Tablet,Net Banking,Paid Ads,311,Churned,1,Churned
5614,1,563.73,563.73,Beauty & Personal Care,Mobile,Debit Card,Social Media,167,Churned,1,Churned
5615,2,2101.19,1050.595,Books,Mobile,Net Banking,Organic Search,228,Churned,1,Churned
5617,1,278.64,278.64,Sports & Fitness,Mobile,EMI,Direct,67,Active,0,High Risk
5627,1,3737.79,3737.79,Toys & Baby,Mobile,Credit Card,Referral,236,Churned,1,Churned
5630,2,1151.0900000000001,575.5450000000001,Beauty & Personal Care,Desktop,Cash on Delivery,Paid Ads,22,Active,0,Low Risk
5631,1,499.9,499.9,Fashion,Desktop,UPI,Organic Search,310,Churned,1,Churned
5634,1,254.67,254.67,Fashion,Mobile,Net Banking,Organic Search,28,Active,0,Low Risk
5635,2,8180.68,4090.34,Books,Desktop,Net Banking,Email Campaign,197,Churned,1,Churned
5639,1,1712.44,1712.44,Sports & Fitness,Desktop,UPI,Email Campaign,361,Churned,1,Churned
5640,1,459.4,459.4,Sports & Fitness,Mobile,Net Banking,Email Campaign,251,Churned,1,Churned
5642,1,548.44,548.44,Books,Desktop,Net Banking,Social Media,158,Churned,1,Churned
5643,2,1160.69,580.345,Electronics,Mobile,Net Banking,Referral,108,Churned,1,Churned
5644,1,1070.96,1070.96,Sports & Fitness,Desktop,Debit Card,Social Media,92,Churned,1,Churned
5648,1,216.78,216.78,Sports & Fitness,Desktop,Cash on Delivery,Social Media,301,Churned,1,Churned
5651,1,876.37,876.37,Grocery,Mobile,Debit Card,Email Campaign,67,Active,0,High Risk
5652,2,2492.8999999999996,1246.4499999999998,Grocery,Desktop,EMI,Direct,44,Active,0,Medium Risk
5659,1,1153.28,1153.28,Books,Mobile,Cash on Delivery,Paid Ads,361,Churned,1,Churned
5661,1,2823.96,2823.96,Home & Kitchen,Desktop,Cash on Delivery,Paid Ads,315,Churned,1,Churned
5665,1,469.09,469.09,Electronics,Desktop,EMI,Organic Search,37,Active,0,Medium Risk
5666,1,946.73,946.73,Grocery,Desktop,Credit Card,Email Campaign,53,Active,0,Medium Risk
5667,1,2610.47,2610.47,Toys & Baby,Tablet,Debit Card,Referral,253,Churned,1,Churned
5668,1,2285.5,2285.5,Grocery,Mobile,Debit Card,Organic Search,194,Churned,1,Churned
5669,3,4882.39,1627.4633333333334,Grocery,Desktop,Cash on Delivery,Email Campaign,235,Churned,1,Churned
5671,1,1765.91,1765.91,Toys & Baby,Desktop,Cash on Delivery,Organic Search,210,Churned,1,Churned
5673,1,1062.0,1062.0,Sports & Fitness,Mobile,EMI,Paid Ads,303,Churned,1,Churned
5674,2,1245.6399999999999,622.8199999999999,Grocery,Desktop,UPI,Organic Search,234,Churned,1,Churned
5675,1,1180.09,1180.09,Books,Mobile,EMI,Organic Search,303,Churned,1,Churned
5676,1,907.08,907.08,Books,Mobile,Net Banking,Direct,58,Active,0,Medium Risk
5677,1,370.56,370.56,Grocery,Tablet,EMI,Email Campaign,351,Churned,1,Churned
5679,1,3437.48,3437.48,Books,Mobile,Debit Card,Email Campaign,284,Churned,1,Churned
5681,1,3379.94,3379.94,Books,Mobile,EMI,Paid Ads,125,Churned,1,Churned
5682,1,1529.45,1529.45,Electronics,Desktop,Credit Card,Email Campaign,26,Active,0,Low Risk
5684,2,3551.24,1775.62,Beauty & Personal Care,Desktop,Credit Card,Direct,112,Churned,1,Churned
5686,1,2532.53,2532.53,Beauty & Personal Care,Desktop,Cash on Delivery,Organic Search,310,Churned,1,Churned
5687,1,862.64,862.64,Grocery,Mobile,Cash on Delivery,Direct,253,Churned,1,Churned
5688,2,3969.02,1984.51,Beauty & Personal Care,Mobile,Credit Card,Email Campaign,211,Churned,1,Churned
5690,1,920.54,920.54,Home & Kitchen,Desktop,EMI,Email Campaign,17,Active,0,Low Risk
5694,1,2481.91,2481.91,Home & Kitchen,Desktop,Cash on Delivery,Direct,258,Churned,1,Churned
5696,1,3156.37,3156.37,Toys & Baby,Mobile,Credit Card,Email Campaign,110,Churned,1,Churned
5697,1,345.63,345.63,Electronics,Desktop,Credit Card,Direct,73,Active,0,High Risk
5698,1,2775.34,2775.34,Toys & Baby,Tablet,Credit Card,Email Campaign,238,Churned,1,Churned
5702,1,294.26,294.26,Grocery,Tablet,Net Banking,Organic Search,202,Churned,1,Churned
5703,1,1401.94,1401.94,Fashion,Desktop,EMI,Organic Search,126,Churned,1,Churned
5707,1,2424.23,2424.23,Electronics,Desktop,UPI,Paid Ads,307,Churned,1,Churned
5709,2,3759.04,1879.52,Fashion,Mobile,Debit Card,Referral,17,Active,0,Low Risk
5710,2,6117.19,3058.595,Electronics,Desktop,Credit Card,Email Campaign,60,Active,0,Medium Risk
5714,1,422.94,422.94,Toys & Baby,Desktop,Credit Card,Referral,358,Churned,1,Churned
5720,2,5847.68,2923.84,Books,Mobile,Debit Card,Direct,38,Active,0,Medium Risk
5722,1,1102.16,1102.16,Books,Desktop,Debit Card,Referral,187,Churned,1,Churned
5723,1,1612.0,1612.0,Books,Mobile,EMI,Email Campaign,222,Churned,1,Churned
5724,1,854.45,854.45,Books,Desktop,Debit Card,Social Media,253,Churned,1,Churned
5725,2,4757.410000000001,2378.7050000000004,Books,Desktop,Credit Card,Paid Ads,133,Churned,1,Churned
5727,1,750.8,750.8,Books,Desktop,Credit Card,Email Campaign,191,Churned,1,Churned
5729,1,992.72,992.72,Electronics,Desktop,EMI,Paid Ads,123,Churned,1,Churned
5730,1,761.88,761.88,Toys & Baby,Desktop,UPI,Organic Search,264,Churned,1,Churned
5736,1,361.68,361.68,Electronics,Desktop,Credit Card,Direct,207,Churned,1,Churned
5737,1,1497.16,1497.16,Books,Mobile,Net Banking,Referral,280,Churned,1,Churned
5738,1,728.72,728.72,Books,Mobile,EMI,Direct,309,Churned,1,Churned
5740,3,7861.7,2620.5666666666666,Grocery,Desktop,Debit Card,Email Campaign,123,Churned,1,Churned
5742,1,2210.87,2210.87,Electronics,Desktop,Net Banking,Direct,329,Churned,1,Churned
5745,1,257.17,257.17,Fashion,Mobile,Net Banking,Email Campaign,272,Churned,1,Churned
5747,1,712.32,712.32,Sports & Fitness,Desktop,EMI,Email Campaign,326,Churned,1,Churned
5748,2,2531.29,1265.645,Beauty & Personal Care,Desktop,UPI,Paid Ads,255,Churned,1,Churned
5749,2,1525.8200000000002,762.9100000000001,Electronics,Desktop,Cash on Delivery,Organic Search,121,Churned,1,Churned
5751,2,1727.17,863.585,Electronics,Desktop,Net Banking,Email Campaign,135,Churned,1,Churned
5754,2,2924.19,1462.095,Fashion,Desktop,Credit Card,Paid Ads,127,Churned,1,Churned
5755,2,3578.55,1789.275,Electronics,Desktop,Debit Card,Organic Search,31,Active,0,Medium Risk
5756,2,6746.84,3373.42,Toys & Baby,Desktop,Cash on Delivery,Email Campaign,10,Active,0,Low Risk
5757,2,6397.4,3198.7,Beauty & Personal Care,Desktop,Net Banking,Email Campaign,50,Active,0,Medium Risk
5760,2,7326.25,3663.125,Books,Mobile,Cash on Delivery,Direct,189,Churned,1,Churned
5763,2,3507.06,1753.53,Beauty & Personal Care,Desktop,Net Banking,Direct,222,Churned,1,Churned
5764,1,617.48,617.48,Sports & Fitness,Desktop,Net Banking,Email Campaign,360,Churned,1,Churned
5766,1,774.99,774.99,Toys & Baby,Desktop,Credit Card,Email Campaign,280,Churned,1,Churned
5767,2,2244.07,1122.035,Fashion,Mobile,Cash on Delivery,Email Campaign,49,Active,0,Medium Risk
5770,2,5324.23,2662.115,Fashion,Desktop,Credit Card,Email Campaign,254,Churned,1,Churned
5771,2,4523.67,2261.835,Beauty & Personal Care,Desktop,Debit Card,Direct,15,Active,0,Low Risk
5774,1,357.36,357.36,Fashion,Desktop,Debit Card,Email Campaign,261,Churned,1,Churned
5775,1,186.55,186.55,Electronics,Desktop,Debit Card,Email Campaign,89,Active,0,High Risk
5776,2,3154.48,1577.24,Home & Kitchen,Desktop,Cash on Delivery,Direct,98,Churned,1,Churned
5777,1,2031.06,2031.06,Toys & Baby,Desktop,Cash on Delivery,Organic Search,111,Churned,1,Churned
5778,2,6754.82,3377.41,Beauty & Personal Care,Desktop,Debit Card,Direct,36,Active,0,Medium Risk
5779,1,5844.78,5844.78,Toys & Baby,Desktop,Cash on Delivery,Direct,42,Active,0,Medium Risk
5780,1,3272.59,3272.59,Toys & Baby,Desktop,Cash on Delivery,Paid Ads,212,Churned,1,Churned
5781,2,2517.3900000000003,1258.6950000000002,Sports & Fitness,Mobile,Credit Card,Direct,142,Churned,1,Churned
5782,1,2711.56,2711.56,Toys & Baby,Mobile,Debit Card,Social Media,79,Active,0,High Risk
5785,1,865.06,865.06,Sports & Fitness,Desktop,EMI,Paid Ads,288,Churned,1,Churned
5787,1,2778.81,2778.81,Home & Kitchen,Mobile,UPI,Referral,60,Active,0,Medium Risk
5791,1,1268.46,1268.46,Fashion,Desktop,Credit Card,Email Campaign,115,Churned,1,Churned
5792,1,958.41,958.41,Beauty & Personal Care,Desktop,EMI,Direct,282,Churned,1,Churned
5793,3,7953.709999999999,2651.236666666666,Beauty & Personal Care,Mobile,Cash on Delivery,Organic Search,62,Active,0,High Risk
5798,3,4788.68,1596.2266666666667,Electronics,Desktop,Credit Card,Direct,11,Active,0,Low Risk
5799,1,361.09,361.09,Grocery,Desktop,Cash on Delivery,Social Media,75,Active,0,High Risk
5800,1,419.94,419.94,Sports & Fitness,Mobile,Credit Card,Email Campaign,204,Churned,1,Churned
5801,1,495.59,495.59,Sports & Fitness,Desktop,Debit Card,Referral,174,Churned,1,Churned
5804,2,2556.78,1278.39,Fashion,Desktop,Credit Card,Paid Ads,296,Churned,1,Churned
5805,1,384.64,384.64,Fashion,Desktop,Cash on Delivery,Direct,144,Churned,1,Churned
5808,2,6736.77,3368.385,Books,Desktop,Credit Card,Email Campaign,259,Churned,1,Churned
5812,1,171.39,171.39,Fashion,Mobile,Net Banking,Referral,354,Churned,1,Churned
5813,1,1580.76,1580.76,Home & Kitchen,Tablet,Credit Card,Social Media,110,Churned,1,Churned
5817,1,742.07,742.07,Grocery,Desktop,Cash on Delivery,Social Media,126,Churned,1,Churned
5823,1,250.03,250.03,Grocery,Mobile,Cash on Delivery,Social Media,201,Churned,1,Churned
5824,1,1914.12,1914.12,Grocery,Mobile,Net Banking,Email Campaign,22,Active,0,Low Risk
5825,2,1723.68,861.84,Beauty & Personal Care,Mobile,Credit Card,Organic Search,79,Active,0,High Risk
5826,1,1313.32,1313.32,Sports & Fitness,Mobile,Debit Card,Direct,228,Churned,1,Churned
5827,1,6661.28,6661.28,Home & Kitchen,Tablet,Debit Card,Paid Ads,210,Churned,1,Churned
5830,1,1014.56,1014.56,Toys & Baby,Desktop,UPI,Organic Search,330,Churned,1,Churned
5834,1,1543.69,1543.69,Toys & Baby,Desktop,UPI,Direct,78,Active,0,High Risk
5837,1,187.52,187.52,Sports & Fitness,Mobile,Credit Card,Direct,126,Churned,1,Churned
5838,2,4807.65,2403.825,Electronics,Desktop,Credit Card,Organic Search,53,Active,0,Medium Risk
5839,1,660.25,660.25,Toys & Baby,Tablet,UPI,Social Media,79,Active,0,High Risk
5840,1,1668.56,1668.56,Electronics,Desktop,Credit Card,Organic Search,320,Churned,1,Churned
5845,1,2803.58,2803.58,Toys & Baby,Mobile,UPI,Organic Search,18,Active,0,Low Risk
5847,1,1229.98,1229.98,Home & Kitchen,Tablet,EMI,Paid Ads,120,Churned,1,Churned
5848,1,515.5,515.5,Fashion,Desktop,UPI,Email Campaign,33,Active,0,Medium Risk
5850,1,1276.46,1276.46,Toys & Baby,Desktop,Cash on Delivery,Email Campaign,14,Active,0,Low Risk
5852,3,8973.34,2991.1133333333332,Beauty & Personal Care,Mobile,Debit Card,Organic Search,4,Active,0,Low Risk
5858,2,5974.68,2987.34,Grocery,Desktop,Debit Card,Paid Ads,55,Active,0,Medium Risk
5860,2,4225.01,2112.505,Beauty & Personal Care,Desktop,Debit Card,Email Campaign,140,Churned,1,Churned
5863,2,3859.38,1929.69,Toys & Baby,Desktop,EMI,Organic Search,88,Active,0,High Risk
5864,2,1423.8500000000001,711.9250000000001,Home & Kitchen,Desktop,Cash on Delivery,Email Campaign,76,Active,0,High Risk
5869,1,5321.72,5321.72,Toys & Baby,Desktop,Debit Card,Paid Ads,231,Churned,1,Churned
5872,1,1639.93,1639.93,Fashion,Desktop,UPI,Organic Search,60,Active,0,Medium Risk
5875,1,4387.44,4387.44,Beauty & Personal Care,Desktop,Cash on Delivery,Direct,257,Churned,1,Churned
5876,1,2264.48,2264.48,Toys & Baby,Tablet,Net Banking,Direct,119,Churned,1,Churned
5877,1,554.03,554.03,Beauty & Personal Care,Mobile,UPI,Paid Ads,168,Churned,1,Churned
5880,2,4883.01,2441.505,Grocery,Desktop,Debit Card,Paid Ads,173,Churned,1,Churned
5884,1,684.24,684.24,Home & Kitchen,Desktop,Debit Card,Direct,87,Active,0,High Risk
5885,1,84.96,84.96,Sports & Fitness,Desktop,Credit Card,Referral,330,Churned,1,Churned
5886,1,1609.88,1609.88,Beauty & Personal Care,Desktop,Debit Card,Direct,65,Active,0,High Risk
5888,1,464.76,464.76,Fashion,Mobile,Net Banking,Organic Search,143,Churned,1,Churned
5889,3,5474.77,1824.9233333333334,Books,Desktop,Credit Card,Referral,56,Active,0,Medium Risk
5893,1,574.56,574.56,Fashion,Desktop,Net Banking,Organic Search,88,Active,0,High Risk
5894,1,1318.08,1318.08,Home & Kitchen,Desktop,EMI,Social Media,96,Churned,1,Churned
5895,2,2113.96,1056.98,Electronics,Desktop,Debit Card,Email Campaign,95,Churned,1,Churned
5902,1,2075.62,2075.62,Beauty & Personal Care,Desktop,Net Banking,Social Media,117,Churned,1,Churned
5903,1,1424.99,1424.99,Beauty & Personal Care,Tablet,Net Banking,Paid Ads,117,Churned,1,Churned
5904,2,2455.31,1227.655,Beauty & Personal Care,Desktop,Credit Card,Organic Search,184,Churned,1,Churned
5905,1,1440.58,1440.58,Fashion,Mobile,Cash on Delivery,Email Campaign,196,Churned,1,Churned
5906,1,250.93,250.93,Beauty & Personal Care,Desktop,Credit Card,Referral,157,Churned,1,Churned
5909,2,6184.5,3092.25,Beauty & Personal Care,Desktop,Credit Card,Email Campaign,324,Churned,1,Churned
5910,1,796.09,796.09,Grocery,Mobile,Net Banking,Referral,25,Active,0,Low Risk
5915,1,5287.19,5287.19,Toys & Baby,Tablet,EMI,Paid Ads,276,Churned,1,Churned
5918,2,3059.07,1529.535,Books,Desktop,Cash on Delivery,Referral,95,Churned,1,Churned
5920,2,4470.3,2235.15,Electronics,Mobile,Credit Card,Email Campaign,267,Churned,1,Churned
5921,2,7634.02,3817.01,Grocery,Desktop,Debit Card,Email Campaign,64,Active,0,High Risk
5923,1,1037.8,1037.8,Electronics,Tablet,Net Banking,Email Campaign,40,Active,0,Medium Risk
5924,3,3255.02,1085.0066666666667,Books,Mobile,Net Banking,Direct,1,Active,0,Low Risk
5925,1,184.5,184.5,Electronics,Mobile,Debit Card,Social Media,279,Churned,1,Churned
5926,3,3734.0,1244.6666666666667,Beauty & Personal Care,Mobile,EMI,Email Campaign,8,Active,0,Low Risk
5932,1,909.21,909.21,Electronics,Tablet,UPI,Organic Search,314,Churned,1,Churned
5933,1,2290.32,2290.32,Beauty & Personal Care,Desktop,EMI,Direct,110,Churned,1,Churned
5934,1,1934.72,1934.72,Sports & Fitness,Desktop,Net Banking,Social Media,293,Churned,1,Churned
5936,1,1344.64,1344.64,Fashion,Mobile,EMI,Email Campaign,289,Churned,1,Churned
5938,1,2953.72,2953.72,Fashion,Desktop,Credit Card,Paid Ads,96,Churned,1,Churned
5939,1,4156.23,4156.23,Beauty & Personal Care,Desktop,Debit Card,Organic Search,144,Churned,1,Churned
5941,1,2470.8,2470.8,Beauty & Personal Care,Desktop,EMI,Email Campaign,32,Active,0,Medium Risk
5942,2,6460.49,3230.245,Books,Desktop,Debit Card,Paid Ads,44,Active,0,Medium Risk
5943,1,475.63,475.63,Grocery,Mobile,UPI,Email Campaign,285,Churned,1,Churned
5944,3,2372.7200000000003,790.9066666666668,Books,Desktop,Net Banking,Social Media,84,Active,0,High Risk
5946,1,2888.49,2888.49,Fashion,Mobile,UPI,Social Media,365,Churned,1,Churned
5949,1,1833.37,1833.37,Toys & Baby,Desktop,EMI,Paid Ads,26,Active,0,Low Risk
5952,3,10124.29,3374.763333333334,Books,Mobile,Debit Card,Email Campaign,136,Churned,1,Churned
5956,1,5080.54,5080.54,Home & Kitchen,Mobile,Debit Card,Direct,233,Churned,1,Churned
5958,1,1965.47,1965.47,Electronics,Mobile,Net Banking,Organic Search,49,Active,0,Medium Risk
5960,1,5352.26,5352.26,Toys & Baby,Mobile,Net Banking,Paid Ads,30,Active,0,Low Risk
5961,1,5472.29,5472.29,Toys & Baby,Desktop,Debit Card,Social Media,305,Churned,1,Churned
5965,1,950.8,950.8,Books,Desktop,Net Banking,Email Campaign,32,Active,0,Medium Risk
5970,1,1772.96,1772.96,Toys & Baby,Desktop,UPI,Referral,12,Active,0,Low Risk
5972,1,1660.75,1660.75,Books,Mobile,Net Banking,Email Campaign,286,Churned,1,Churned
5973,2,1992.8,996.4,Home & Kitchen,Desktop,Debit Card,Direct,170,Churned,1,Churned
5975,1,704.02,704.02,Home & Kitchen,Desktop,EMI,Paid Ads,43,Active,0,Medium Risk
5976,1,173.72,173.72,Fashion,Desktop,Debit Card,Organic Search,79,Active,0,High Risk
5977,1,2180.96,2180.96,Toys & Baby,Mobile,EMI,Organic Search,214,Churned,1,Churned
5979,3,2977.09,992.3633333333333,Fashion,Mobile,EMI,Direct,192,Churned,1,Churned
5981,2,3929.55,1964.775,Books,Desktop,Debit Card,Organic Search,137,Churned,1,Churned
5982,1,1115.64,1115.64,Beauty & Personal Care,Desktop,Cash on Delivery,Direct,151,Churned,1,Churned
5985,1,1616.39,1616.39,Home & Kitchen,Mobile,Debit Card,Social Media,203,Churned,1,Churned
5989,2,1368.8200000000002,684.4100000000001,Electronics,Desktop,Credit Card,Organic Search,99,Churned,1,Churned
5993,1,1566.6,1566.6,Electronics,Desktop,EMI,Organic Search,293,Churned,1,Churned
5994,1,684.72,684.72,Sports & Fitness,Desktop,Net Banking,Paid Ads,104,Churned,1,Churned
5996,2,2586.74,1293.37,Electronics,Desktop,Net Banking,Referral,123,Churned,1,Churned
5997,1,319.13,319.13,Beauty & Personal Care,Desktop,Credit Card,Paid Ads,230,Churned,1,Churned
5999,3,4053.8099999999995,1351.2699999999998,Fashion,Desktop,Credit Card,Direct,30,Active,0,Low Risk
6000,1,588.74,588.74,Sports & Fitness,Desktop,UPI,Organic Search,331,Churned,1,Churned
6005,3,3645.11,1215.0366666666666,Grocery,Desktop,Cash on Delivery,Direct,20,Active,0,Low Risk
6006,1,766.38,766.38,Sports & Fitness,Mobile,UPI,Paid Ads,72,Active,0,High Risk
6007,1,1908.3,1908.3,Toys & Baby,Tablet,Cash on Delivery,Referral,321,Churned,1,Churned
6010,1,377.58,377.58,Grocery,Desktop,Debit Card,Email Campaign,62,Active,0,High Risk
6011,1,3368.28,3368.28,Home & Kitchen,Mobile,Credit Card,Organic Search,4,Active,0,Low Risk
6013,1,621.54,621.54,Electronics,Desktop,Credit Card,Email Campaign,350,Churned,1,Churned
6018,1,843.21,843.21,Electronics,Desktop,Debit Card,Organic Search,28,Active,0,Low Risk
6019,2,1951.97,975.985,Fashion,Desktop,Cash on Delivery,Organic Search,63,Active,0,High Risk
6020,1,821.05,821.05,Grocery,Desktop,Cash on Delivery,Email Campaign,360,Churned,1,Churned
6021,1,2497.51,2497.51,Home & Kitchen,Mobile,Debit Card,Organic Search,88,Active,0,High Risk
6024,1,1407.37,1407.37,Beauty & Personal Care,Mobile,Cash on Delivery,Organic Search,355,Churned,1,Churned
6025,1,2584.7,2584.7,Books,Desktop,Net Banking,Paid Ads,303,Churned,1,Churned
6026,1,776.79,776.79,Grocery,Mobile,Debit Card,Organic Search,129,Churned,1,Churned
6027,1,704.19,704.19,Books,Tablet,EMI,Organic Search,167,Churned,1,Churned
6028,2,2721.99,1360.995,Fashion,Desktop,Cash on Delivery,Paid Ads,4,Active,0,Low Risk
6031,1,805.05,805.05,Grocery,Mobile,Net Banking,Referral,88,Active,0,High Risk
6035,1,2649.55,2649.55,Toys & Baby,Desktop,EMI,Paid Ads,269,Churned,1,Churned
6036,1,2799.21,2799.21,Electronics,Mobile,UPI,Referral,319,Churned,1,Churned
6038,2,5932.62,2966.31,Electronics,Desktop,Net Banking,Direct,13,Active,0,Low Risk
6042,1,955.96,955.96,Home & Kitchen,Desktop,UPI,Direct,59,Active,0,Medium Risk
6045,2,2783.81,1391.905,Electronics,Desktop,Cash on Delivery,Direct,164,Churned,1,Churned
6046,1,846.77,846.77,Fashion,Desktop,Credit Card,Referral,186,Churned,1,Churned
6047,1,3983.08,3983.08,Home & Kitchen,Desktop,Net Banking,Paid Ads,273,Churned,1,Churned
6050,1,3225.6,3225.6,Home & Kitchen,Desktop,Debit Card,Social Media,224,Churned,1,Churned
6052,1,1180.78,1180.78,Toys & Baby,Mobile,Net Banking,Email Campaign,212,Churned,1,Churned
6053,1,202.98,202.98,Fashion,Desktop,Net Banking,Social Media,148,Churned,1,Churned
6054,1,454.09,454.09,Sports & Fitness,Mobile,EMI,Organic Search,154,Churned,1,Churned
6056,1,1512.9,1512.9,Beauty & Personal Care,Desktop,Net Banking,Referral,329,Churned,1,Churned
6057,1,738.37,738.37,Electronics,Desktop,EMI,Organic Search,291,Churned,1,Churned
6058,3,5955.150000000001,1985.0500000000002,Beauty & Personal Care,Desktop,Cash on Delivery,Direct,6,Active,0,Low Risk
6063,1,1693.91,1693.91,Toys & Baby,Desktop,EMI,Organic Search,132,Churned,1,Churned
6065,1,1849.16,1849.16,Books,Tablet,Net Banking,Direct,12,Active,0,Low Risk
6066,2,3142.1499999999996,1571.0749999999998,Fashion,Desktop,Credit Card,Email Campaign,193,Churned,1,Churned
6067,1,4645.32,4645.32,Beauty & Personal Care,Mobile,Cash on Delivery,Social Media,146,Churned,1,Churned
6071,1,345.57,345.57,Toys & Baby,Desktop,EMI,Email Campaign,177,Churned,1,Churned
6077,1,812.71,812.71,Electronics,Desktop,Credit Card,Organic Search,322,Churned,1,Churned
6080,1,1041.35,1041.35,Grocery,Mobile,Net Banking,Paid Ads,268,Churned,1,Churned
6081,1,1117.0,1117.0,Electronics,Tablet,Cash on Delivery,Social Media,303,Churned,1,Churned
6082,1,311.67,311.67,Sports & Fitness,Mobile,Cash on Delivery,Social Media,168,Churned,1,Churned
6084,1,975.51,975.51,Toys & Baby,Desktop,Cash on Delivery,Referral,64,Active,0,High Risk
6085,3,11545.2,3848.4,Electronics,Mobile,Cash on Delivery,Paid Ads,125,Churned,1,Churned
6086,2,7884.4400000000005,3942.2200000000003,Beauty & Personal Care,Desktop,UPI,Email Campaign,44,Active,0,Medium Risk
6087,2,1206.27,603.135,Grocery,Desktop,Cash on Delivery,Organic Search,60,Active,0,Medium Risk
6088,4,6311.89,1577.9725,Books,Tablet,Net Banking,Direct,236,Churned,1,Churned
6092,1,1973.55,1973.55,Fashion,Mobile,Credit Card,Email Campaign,119,Churned,1,Churned
6093,1,97.93,97.93,Fashion,Mobile,UPI,Referral,268,Churned,1,Churned
6096,1,1136.62,1136.62,Home & Kitchen,Tablet,Net Banking,Social Media,260,Churned,1,Churned
6097,1,1135.33,1135.33,Toys & Baby,Mobile,Credit Card,Organic Search,48,Active,0,Medium Risk
6098,1,276.84,276.84,Sports & Fitness,Mobile,Net Banking,Email Campaign,333,Churned,1,Churned
6101,2,669.14,334.57,Sports & Fitness,Desktop,Cash on Delivery,Organic Search,227,Churned,1,Churned
6104,3,5695.15,1898.3833333333332,Beauty & Personal Care,Mobile,UPI,Direct,18,Active,0,Low Risk
6107,1,4978.23,4978.23,Toys & Baby,Mobile,EMI,Paid Ads,325,Churned,1,Churned
6109,1,767.02,767.02,Toys & Baby,Desktop,EMI,Direct,353,Churned,1,Churned
6111,2,6919.66,3459.83,Books,Desktop,Cash on Delivery,Email Campaign,19,Active,0,Low Risk
6112,1,461.97,461.97,Sports & Fitness,Mobile,UPI,Referral,114,Churned,1,Churned
6116,4,8182.58,2045.645,Books,Desktop,Cash on Delivery,Social Media,39,Active,0,Medium Risk
6118,2,1146.08,573.04,Books,Desktop,Debit Card,Referral,316,Churned,1,Churned
6119,1,374.3,374.3,Sports & Fitness,Mobile,Credit Card,Social Media,81,Active,0,High Risk
6121,1,4633.45,4633.45,Toys & Baby,Desktop,UPI,Email Campaign,301,Churned,1,Churned
6125,1,1299.33,1299.33,Electronics,Desktop,Credit Card,Organic Search,82,Active,0,High Risk
6126,2,8373.25,4186.625,Electronics,Desktop,Credit Card,Direct,227,Churned,1,Churned
6127,1,552.51,552.51,Electronics,Desktop,Credit Card,Email Campaign,270,Churned,1,Churned
6128,1,1845.74,1845.74,Beauty & Personal Care,Desktop,Debit Card,Referral,185,Churned,1,Churned
6129,1,3389.65,3389.65,Home & Kitchen,Mobile,EMI,Direct,255,Churned,1,Churned
6135,3,7899.21,2633.07,Beauty & Personal Care,Desktop,Credit Card,Direct,190,Churned,1,Churned
6138,1,1580.56,1580.56,Sports & Fitness,Tablet,Credit Card,Direct,163,Churned,1,Churned
6141,1,356.04,356.04,Electronics,Tablet,Debit Card,Organic Search,130,Churned,1,Churned
6142,1,1956.35,1956.35,Home & Kitchen,Desktop,Net Banking,Referral,209,Churned,1,Churned
6144,1,874.13,874.13,Beauty & Personal Care,Desktop,Net Banking,Organic Search,130,Churned,1,Churned
6145,1,3296.76,3296.76,Home & Kitchen,Desktop,Credit Card,Email Campaign,251,Churned,1,Churned
6148,2,2677.02,1338.51,Electronics,Desktop,Debit Card,Direct,48,Active,0,Medium Risk
6151,2,1626.8,813.4,Grocery,Desktop,Credit Card,Email Campaign,301,Churned,1,Churned
6153,1,5532.55,5532.55,Home & Kitchen,Mobile,Net Banking,Email Campaign,263,Churned,1,Churned
6154,1,967.94,967.94,Home & Kitchen,Mobile,Debit Card,Referral,236,Churned,1,Churned
6155,1,3630.6,3630.6,Books,Mobile,Debit Card,Email Campaign,267,Churned,1,Churned
6156,1,4108.1,4108.1,Books,Mobile,Cash on Delivery,Email Campaign,116,Churned,1,Churned
6163,1,1755.32,1755.32,Grocery,Mobile,Debit Card,Email Campaign,35,Active,0,Medium Risk
6164,1,362.7,362.7,Sports & Fitness,Desktop,Net Banking,Social Media,25,Active,0,Low Risk
6165,1,1419.34,1419.34,Toys & Baby,Mobile,Net Banking,Social Media,335,Churned,1,Churned
6166,2,597.67,298.835,Electronics,Mobile,EMI,Direct,22,Active,0,Low Risk
6170,1,409.22,409.22,Fashion,Desktop,EMI,Paid Ads,125,Churned,1,Churned
6171,1,1563.53,1563.53,Home & Kitchen,Tablet,Credit Card,Paid Ads,327,Churned,1,Churned
6173,1,2489.67,2489.67,Toys & Baby,Mobile,UPI,Referral,16,Active,0,Low Risk
6174,1,1226.08,1226.08,Home & Kitchen,Mobile,Net Banking,Referral,2,Active,0,Low Risk
6176,1,2478.35,2478.35,Home & Kitchen,Desktop,Debit Card,Paid Ads,165,Churned,1,Churned
6177,1,4306.6,4306.6,Beauty & Personal Care,Desktop,Net Banking,Social Media,117,Churned,1,Churned
6178,2,902.99,451.495,Home & Kitchen,Mobile,Credit Card,Referral,56,Active,0,Medium Risk
6181,1,1024.35,1024.35,Books,Mobile,Net Banking,Referral,142,Churned,1,Churned
6182,1,2524.68,2524.68,Beauty & Personal Care,Mobile,EMI,Direct,303,Churned,1,Churned
6186,1,532.81,532.81,Home & Kitchen,Desktop,Credit Card,Paid Ads,198,Churned,1,Churned
6187,1,5872.2,5872.2,Home & Kitchen,Mobile,EMI,Referral,219,Churned,1,Churned
6191,2,2162.92,1081.46,Fashion,Desktop,Net Banking,Organic Search,53,Active,0,Medium Risk
6193,1,771.51,771.51,Fashion,Desktop,EMI,Referral,223,Churned,1,Churned
6195,1,950.69,950.69,Beauty & Personal Care,Mobile,Credit Card,Referral,154,Churned,1,Churned
6196,1,1040.85,1040.85,Beauty & Personal Care,Mobile,EMI,Paid Ads,134,Churned,1,Churned
6197,1,3179.88,3179.88,Grocery,Tablet,Cash on Delivery,Social Media,243,Churned,1,Churned
6198,1,351.14,351.14,Sports & Fitness,Desktop,Net Banking,Organic Search,101,Churned,1,Churned
6201,1,2824.14,2824.14,Books,Desktop,Cash on Delivery,Email Campaign,49,Active,0,Medium Risk
6202,1,5126.22,5126.22,Books,Desktop,Cash on Delivery,Social Media,361,Churned,1,Churned
6204,1,3725.64,3725.64,Books,Desktop,Cash on Delivery,Direct,145,Churned,1,Churned
6206,1,2858.81,2858.81,Books,Desktop,Debit Card,Referral,150,Churned,1,Churned
6208,1,6342.08,6342.08,Books,Mobile,Cash on Delivery,Email Campaign,114,Churned,1,Churned
6209,1,560.63,560.63,Home & Kitchen,Desktop,UPI,Referral,161,Churned,1,Churned
6210,3,1845.8,615.2666666666667,Electronics,Desktop,Credit Card,Social Media,27,Active,0,Low Risk
6212,1,154.87,154.87,Sports & Fitness,Desktop,Debit Card,Organic Search,21,Active,0,Low Risk
6213,1,600.99,600.99,Sports & Fitness,Desktop,Debit Card,Organic Search,120,Churned,1,Churned
6215,1,200.52,200.52,Sports & Fitness,Desktop,Net Banking,Email Campaign,52,Active,0,Medium Risk
6217,1,299.92,299.92,Toys & Baby,Mobile,Cash on Delivery,Social Media,291,Churned,1,Churned
6221,2,2513.08,1256.54,Electronics,Mobile,Net Banking,Email Campaign,16,Active,0,Low Risk
6223,1,5321.89,5321.89,Toys & Baby,Tablet,UPI,Email Campaign,14,Active,0,Low Risk
6225,1,7110.36,7110.36,Home & Kitchen,Mobile,UPI,Direct,280,Churned,1,Churned
6228,2,2497.25,1248.625,Beauty & Personal Care,Desktop,Debit Card,Direct,18,Active,0,Low Risk
6229,1,2906.51,2906.51,Electronics,Mobile,Debit Card,Referral,109,Churned,1,Churned
6230,2,1713.0500000000002,856.5250000000001,Fashion,Desktop,EMI,Organic Search,181,Churned,1,Churned
6233,1,1369.14,1369.14,Books,Desktop,UPI,Direct,215,Churned,1,Churned
6239,2,2065.63,1032.815,Fashion,Desktop,Credit Card,Direct,152,Churned,1,Churned
6240,1,6439.0,6439.0,Toys & Baby,Desktop,Cash on Delivery,Email Campaign,132,Churned,1,Churned
6241,1,932.63,932.63,Toys & Baby,Desktop,EMI,Direct,171,Churned,1,Churned
6243,3,5940.6,1980.2,Books,Desktop,Net Banking,Referral,39,Active,0,Medium Risk
6246,1,480.02,480.02,Fashion,Desktop,EMI,Referral,338,Churned,1,Churned
6254,1,865.04,865.04,Grocery,Desktop,UPI,Paid Ads,76,Active,0,High Risk
6255,1,890.75,890.75,Fashion,Desktop,Credit Card,Email Campaign,218,Churned,1,Churned
6256,3,11609.37,3869.7900000000004,Home & Kitchen,Desktop,Net Banking,Email Campaign,102,Churned,1,Churned
6257,1,787.64,787.64,Sports & Fitness,Mobile,UPI,Referral,301,Churned,1,Churned
6258,1,2273.91,2273.91,Home & Kitchen,Desktop,UPI,Paid Ads,1,Active,0,Low Risk
6262,1,583.32,583.32,Fashion,Desktop,UPI,Referral,83,Active,0,High Risk
6264,1,763.27,763.27,Grocery,Mobile,Net Banking,Social Media,90,Active,0,High Risk
6266,1,2065.59,2065.59,Books,Desktop,Credit Card,Referral,209,Churned,1,Churned
6270,1,893.04,893.04,Sports & Fitness,Desktop,UPI,Organic Search,46,Active,0,Medium Risk
6274,1,444.39,444.39,Fashion,Mobile,UPI,Organic Search,180,Churned,1,Churned
6276,3,5208.5,1736.1666666666667,Beauty & Personal Care,Desktop,Cash on Delivery,Email Campaign,140,Churned,1,Churned
6279,1,4469.82,4469.82,Home & Kitchen,Mobile,Cash on Delivery,Email Campaign,310,Churned,1,Churned
6282,1,990.99,990.99,Sports & Fitness,Desktop,EMI,Referral,127,Churned,1,Churned
6283,3,7051.29,2350.43,Books,Desktop,EMI,Paid Ads,80,Active,0,High Risk
6288,2,1588.95,794.475,Sports & Fitness,Desktop,Credit Card,Direct,97,Churned,1,Churned
6289,2,3774.6400000000003,1887.3200000000002,Books,Desktop,Credit Card,Direct,15,Active,0,Low Risk
6290,1,1214.27,1214.27,Books,Desktop,Net Banking,Direct,284,Churned,1,Churned
6295,2,3641.89,1820.945,Home & Kitchen,Desktop,Debit Card,Email Campaign,87,Active,0,High Risk
6301,1,148.19,148.19,Grocery,Mobile,Debit Card,Social Media,15,Active,0,Low Risk
6302,1,451.17,451.17,Sports & Fitness,Mobile,Credit Card,Referral,267,Churned,1,Churned
6303,1,6920.28,6920.28,Toys & Baby,Mobile,Debit Card,Paid Ads,149,Churned,1,Churned
6306,1,509.73,509.73,Electronics,Mobile,Net Banking,Organic Search,264,Churned,1,Churned
6307,1,1847.48,1847.48,Sports & Fitness,Mobile,UPI,Direct,222,Churned,1,Churned
6311,1,1231.51,1231.51,Home & Kitchen,Desktop,Cash on Delivery,Referral,105,Churned,1,Churned
6312,3,10562.77,3520.9233333333336,Home & Kitchen,Mobile,Debit Card,Email Campaign,42,Active,0,Medium Risk
6319,2,4126.9400000000005,2063.4700000000003,Beauty & Personal Care,Desktop,Cash on Delivery,Direct,106,Churned,1,Churned
6321,1,3448.11,3448.11,Grocery,Tablet,UPI,Email Campaign,189,Churned,1,Churned
6324,1,1079.25,1079.25,Sports & Fitness,Desktop,EMI,Social Media,347,Churned,1,Churned
6325,1,2156.11,2156.11,Electronics,Mobile,Net Banking,Email Campaign,305,Churned,1,Churned
6327,1,880.27,880.27,Books,Mobile,Debit Card,Email Campaign,212,Churned,1,Churned
6329,1,2361.48,2361.48,Home & Kitchen,Mobile,Debit Card,Referral,102,Churned,1,Churned
6330,1,3664.58,3664.58,Toys & Baby,Desktop,Debit Card,Email Campaign,182,Churned,1,Churned
6332,2,1802.3799999999999,901.1899999999999,Fashion,Desktop,Cash on Delivery,Email Campaign,73,Active,0,High Risk
6337,1,550.22,550.22,Books,Mobile,UPI,Referral,96,Churned,1,Churned
6339,3,5153.5599999999995,1717.8533333333332,Grocery,Desktop,Cash on Delivery,Direct,85,Active,0,High Risk
6340,1,715.67,715.67,Electronics,Tablet,EMI,Referral,166,Churned,1,Churned
6341,3,7200.61,2400.2033333333334,Books,Desktop,Credit Card,Social Media,228,Churned,1,Churned
6343,2,4942.68,2471.34,Books,Desktop,Credit Card,Direct,40,Active,0,Medium Risk
6345,2,248.44,124.22,Electronics,Desktop,UPI,Direct,195,Churned,1,Churned
6346,1,955.08,955.08,Sports & Fitness,Desktop,Net Banking,Referral,16,Active,0,Low Risk
6352,1,1784.88,1784.88,Sports & Fitness,Tablet,Credit Card,Organic Search,294,Churned,1,Churned
6356,1,1113.81,1113.81,Books,Desktop,Credit Card,Social Media,214,Churned,1,Churned
6358,1,364.23,364.23,Grocery,Tablet,Credit Card,Social Media,180,Churned,1,Churned
6359,1,2908.87,2908.87,Grocery,Desktop,UPI,Direct,293,Churned,1,Churned
6360,1,1000.13,1000.13,Sports & Fitness,Mobile,UPI,Social Media,34,Active,0,Medium Risk
6361,1,210.37,210.37,Electronics,Desktop,EMI,Paid Ads,47,Active,0,Medium Risk
6363,1,1062.77,1062.77,Books,Desktop,Cash on Delivery,Referral,26,Active,0,Low Risk
6364,1,5811.3,5811.3,Toys & Baby,Mobile,Credit Card,Referral,51,Active,0,Medium Risk
6365,1,1575.87,1575.87,Home & Kitchen,Desktop,Debit Card,Organic Search,310,Churned,1,Churned
6369,1,902.62,902.62,Fashion,Desktop,Credit Card,Referral,343,Churned,1,Churned
6370,1,1471.64,1471.64,Beauty & Personal Care,Desktop,Credit Card,Social Media,188,Churned,1,Churned
6371,1,1786.32,1786.32,Beauty & Personal Care,Mobile,EMI,Referral,315,Churned,1,Churned
6375,1,3273.0,3273.0,Home & Kitchen,Desktop,Cash on Delivery,Referral,315,Churned,1,Churned
6376,2,2818.32,1409.16,Grocery,Desktop,Net Banking,Direct,182,Churned,1,Churned
6377,1,1327.66,1327.66,Home & Kitchen,Mobile,EMI,Direct,87,Active,0,High Risk
6378,1,964.68,964.68,Sports & Fitness,Mobile,Cash on Delivery,Organic Search,117,Churned,1,Churned
6379,2,7686.69,3843.345,Home & Kitchen,Mobile,Cash on Delivery,Referral,44,Active,0,Medium Risk
6380,1,1128.54,1128.54,Electronics,Mobile,UPI,Email Campaign,281,Churned,1,Churned
6382,1,1608.39,1608.39,Toys & Baby,Mobile,UPI,Email Campaign,293,Churned,1,Churned
6383,1,1712.73,1712.73,Home & Kitchen,Desktop,UPI,Email Campaign,15,Active,0,Low Risk
6388,1,240.69,240.69,Electronics,Tablet,Debit Card,Referral,77,Active,0,High Risk
6389,1,6243.88,6243.88,Home & Kitchen,Mobile,EMI,Email Campaign,79,Active,0,High Risk
6391,2,2673.88,1336.94,Electronics,Desktop,Debit Card,Direct,13,Active,0,Low Risk
6393,1,4315.03,4315.03,Home & Kitchen,Desktop,Net Banking,Referral,135,Churned,1,Churned
6394,1,1471.56,1471.56,Home & Kitchen,Desktop,Credit Card,Email Campaign,59,Active,0,Medium Risk
6395,2,4144.37,2072.185,Beauty & Personal Care,Desktop,Cash on Delivery,Direct,158,Churned,1,Churned
6399,1,1764.48,1764.48,Electronics,Desktop,EMI,Paid Ads,163,Churned,1,Churned
6406,1,5299.16,5299.16,Toys & Baby,Desktop,Net Banking,Referral,1,Active,0,Low Risk
6407,1,846.92,846.92,Grocery,Mobile,Credit Card,Direct,341,Churned,1,Churned
6408,1,1401.01,1401.01,Books,Mobile,Debit Card,Social Media,267,Churned,1,Churned
6409,2,6503.26,3251.63,Electronics,Mobile,Credit Card,Referral,36,Active,0,Medium Risk
6411,1,594.02,594.02,Grocery,Desktop,Net Banking,Paid Ads,302,Churned,1,Churned
6413,1,2085.57,2085.57,Grocery,Desktop,UPI,Paid Ads,40,Active,0,Medium Risk
6414,1,217.46,217.46,Sports & Fitness,Mobile,Net Banking,Direct,243,Churned,1,Churned
6415,2,5423.620000000001,2711.8100000000004,Beauty & Personal Care,Desktop,Credit Card,Direct,201,Churned,1,Churned
6421,1,1462.36,1462.36,Fashion,Mobile,Credit Card,Social Media,225,Churned,1,Churned
6425,1,1321.52,1321.52,Sports & Fitness,Tablet,Cash on Delivery,Organic Search,181,Churned,1,Churned
6428,1,1465.86,1465.86,Beauty & Personal Care,Mobile,Cash on Delivery,Referral,31,Active,0,Medium Risk
6430,2,2162.6,1081.3,Beauty & Personal Care,Mobile,Cash on Delivery,Paid Ads,213,Churned,1,Churned
6432,1,1695.6,1695.6,Fashion,Desktop,UPI,Paid Ads,273,Churned,1,Churned
6433,1,3494.94,3494.94,Grocery,Desktop,UPI,Social Media,194,Churned,1,Churned
6434,1,1502.8,1502.8,Grocery,Mobile,Cash on Delivery,Referral,106,Churned,1,Churned
6435,1,1911.84,1911.84,Fashion,Tablet,EMI,Referral,205,Churned,1,Churned
6436,4,6849.07,1712.2675,Books,Desktop,Cash on Delivery,Paid Ads,35,Active,0,Medium Risk
6437,1,771.46,771.46,Beauty & Personal Care,Desktop,Cash on Delivery,Organic Search,74,Active,0,High Risk
6438,1,995.43,995.43,Electronics,Desktop,Cash on Delivery,Organic Search,231,Churned,1,Churned
6443,2,4832.33,2416.165,Books,Desktop,Net Banking,Organic Search,147,Churned,1,Churned
6445,1,234.08,234.08,Electronics,Mobile,Debit Card,Paid Ads,22,Active,0,Low Risk
6450,1,432.13,432.13,Sports & Fitness,Mobile,Cash on Delivery,Paid Ads,171,Churned,1,Churned
6454,1,3599.19,3599.19,Home & Kitchen,Desktop,Debit Card,Email Campaign,157,Churned,1,Churned
6456,3,7025.41,2341.8033333333333,Beauty & Personal Care,Desktop,Cash on Delivery,Direct,2,Active,0,Low Risk
6459,4,7390.51,1847.6275,Beauty & Personal Care,Desktop,Cash on Delivery,Direct,45,Active,0,Medium Risk
6463,1,840.36,840.36,Fashion,Desktop,Net Banking,Referral,357,Churned,1,Churned
6464,1,3926.16,3926.16,Toys & Baby,Mobile,Net Banking,Direct,313,Churned,1,Churned
6465,1,3022.43,3022.43,Electronics,Desktop,Cash on Delivery,Direct,119,Churned,1,Churned
6467,2,2182.85,1091.425,Grocery,Desktop,Credit Card,Direct,119,Churned,1,Churned
6469,1,1258.17,1258.17,Home & Kitchen,Desktop,EMI,Social Media,278,Churned,1,Churned
6471,2,4597.04,2298.52,Books,Desktop,EMI,Direct,164,Churned,1,Churned
6472,1,535.48,535.48,Toys & Baby,Desktop,EMI,Social Media,362,Churned,1,Churned
6473,1,5650.16,5650.16,Beauty & Personal Care,Desktop,Cash on Delivery,Referral,301,Churned,1,Churned
6474,1,261.0,261.0,Sports & Fitness,Desktop,UPI,Organic Search,63,Active,0,High Risk
6476,1,4322.37,4322.37,Toys & Baby,Tablet,UPI,Email Campaign,255,Churned,1,Churned
6477,1,660.68,660.68,Fashion,Desktop,Debit Card,Social Media,25,Active,0,Low Risk
6478,3,5704.41,1901.47,Books,Desktop,Credit Card,Social Media,93,Churned,1,Churned
6479,2,2662.4300000000003,1331.2150000000001,Beauty & Personal Care,Mobile,Cash on Delivery,Email Campaign,276,Churned,1,Churned
6482,1,357.37,357.37,Beauty & Personal Care,Mobile,Net Banking,Social Media,82,Active,0,High Risk
6485,2,1408.96,704.48,Electronics,Tablet,Credit Card,Email Campaign,115,Churned,1,Churned
6489,2,1257.0,628.5,Electronics,Desktop,Credit Card,Direct,111,Churned,1,Churned
6493,1,932.87,932.87,Beauty & Personal Care,Desktop,UPI,Organic Search,52,Active,0,Medium Risk
6494,2,4019.45,2009.725,Fashion,Mobile,Credit Card,Direct,41,Active,0,Medium Risk
6496,1,1189.97,1189.97,Books,Desktop,Debit Card,Direct,154,Churned,1,Churned
6497,2,3032.6,1516.3,Beauty & Personal Care,Desktop,Cash on Delivery,Direct,142,Churned,1,Churned
6498,1,1349.02,1349.02,Books,Mobile,Net Banking,Direct,238,Churned,1,Churned
6499,1,1990.5,1990.5,Grocery,Desktop,Debit Card,Email Campaign,237,Churned,1,Churned
6500,1,621.07,621.07,Sports & Fitness,Desktop,Credit Card,Organic Search,309,Churned,1,Churned
6503,2,2084.0,1042.0,Beauty & Personal Care,Mobile,Cash on Delivery,Organic Search,86,Active,0,High Risk
6507,1,3154.12,3154.12,Books,Desktop,Credit Card,Organic Search,129,Churned,1,Churned
6511,3,2254.33,751.4433333333333,Fashion,Desktop,Debit Card,Email Campaign,152,Churned,1,Churned
6512,1,1769.36,1769.36,Fashion,Tablet,EMI,Email Campaign,34,Active,0,Medium Risk
6515,1,388.03,388.03,Grocery,Mobile,UPI,Social Media,302,Churned,1,Churned
6517,1,1591.33,1591.33,Beauty & Personal Care,Mobile,Credit Card,Direct,260,Churned,1,Churned
6520,1,732.78,732.78,Fashion,Desktop,UPI,Direct,17,Active,0,Low Risk
6521,1,611.07,611.07,Electronics,Desktop,Net Banking,Referral,67,Active,0,High Risk
6524,1,2239.85,2239.85,Electronics,Desktop,Debit Card,Email Campaign,193,Churned,1,Churned
6525,1,1767.75,1767.75,Books,Mobile,Cash on Delivery,Paid Ads,132,Churned,1,Churned
6526,1,4015.68,4015.68,Beauty & Personal Care,Desktop,Cash on Delivery,Referral,161,Churned,1,Churned
6528,1,1066.81,1066.81,Grocery,Desktop,EMI,Referral,10,Active,0,Low Risk
6529,1,1237.77,1237.77,Sports & Fitness,Mobile,UPI,Paid Ads,324,Churned,1,Churned
6530,1,1041.03,1041.03,Beauty & Personal Care,Mobile,Cash on Delivery,Paid Ads,286,Churned,1,Churned
6531,1,2206.14,2206.14,Home & Kitchen,Mobile,Debit Card,Paid Ads,207,Churned,1,Churned
6532,1,1564.69,1564.69,Electronics,Mobile,Debit Card,Social Media,122,Churned,1,Churned
6534,1,1506.05,1506.05,Books,Desktop,UPI,Email Campaign,312,Churned,1,Churned
6536,1,283.74,283.74,Fashion,Desktop,Net Banking,Paid Ads,97,Churned,1,Churned
6539,1,934.5,934.5,Sports & Fitness,Desktop,Net Banking,Paid Ads,364,Churned,1,Churned
6543,2,2597.04,1298.52,Fashion,Desktop,Net Banking,Direct,98,Churned,1,Churned
6545,3,7164.860000000001,2388.286666666667,Books,Desktop,Credit Card,Email Campaign,269,Churned,1,Churned
6546,1,354.37,354.37,Electronics,Desktop,Cash on Delivery,Organic Search,58,Active,0,Medium Risk
6547,2,1589.5099999999998,794.7549999999999,Beauty & Personal Care,Desktop,Debit Card,Direct,272,Churned,1,Churned
6549,1,1521.54,1521.54,Toys & Baby,Desktop,EMI,Social Media,308,Churned,1,Churned
6552,1,216.49,216.49,Toys & Baby,Desktop,Debit Card,Referral,1,Active,0,Low Risk
6553,2,657.22,328.61,Beauty & Personal Care,Desktop,UPI,Direct,35,Active,0,Medium Risk
6554,2,769.94,384.97,Beauty & Personal Care,Desktop,EMI,Referral,25,Active,0,Low Risk
6555,1,564.98,564.98,Grocery,Desktop,Net Banking,Direct,280,Churned,1,Churned
6556,1,2284.62,2284.62,Grocery,Mobile,Cash on Delivery,Direct,121,Churned,1,Churned
6557,1,2724.21,2724.21,Electronics,Mobile,Credit Card,Direct,84,Active,0,High Risk
6558,1,1235.71,1235.71,Sports & Fitness,Tablet,Credit Card,Direct,54,Active,0,Medium Risk
6561,1,865.52,865.52,Toys & Baby,Mobile,Debit Card,Social Media,218,Churned,1,Churned
6562,1,438.65,438.65,Fashion,Desktop,Debit Card,Referral,219,Churned,1,Churned
6564,2,2423.6,1211.8,Beauty & Personal Care,Desktop,Credit Card,Social Media,86,Active,0,High Risk
6567,1,2260.56,2260.56,Toys & Baby,Mobile,UPI,Paid Ads,364,Churned,1,Churned
6568,1,1806.24,1806.24,Fashion,Desktop,Cash on Delivery,Referral,157,Churned,1,Churned
6569,1,786.03,786.03,Electronics,Tablet,EMI,Email Campaign,220,Churned,1,Churned
6571,3,3110.32,1036.7733333333333,Toys & Baby,Desktop,Net Banking,Email Campaign,18,Active,0,Low Risk
6574,1,1755.1,1755.1,Grocery,Mobile,UPI,Direct,277,Churned,1,Churned
6578,2,3883.7700000000004,1941.8850000000002,Beauty & Personal Care,Desktop,Credit Card,Direct,137,Churned,1,Churned
6582,1,2692.74,2692.74,Books,Mobile,EMI,Direct,352,Churned,1,Churned
6587,1,877.52,877.52,Home & Kitchen,Desktop,Cash on Delivery,Direct,180,Churned,1,Churned
6592,1,331.04,331.04,Sports & Fitness,Mobile,Debit Card,Social Media,162,Churned,1,Churned
6594,2,4785.469999999999,2392.7349999999997,Books,Desktop,Net Banking,Direct,170,Churned,1,Churned
6595,1,1676.06,1676.06,Electronics,Tablet,UPI,Direct,88,Active,0,High Risk
6598,1,941.4,941.4,Home & Kitchen,Mobile,Cash on Delivery,Organic Search,22,Active,0,Low Risk
6599,3,4147.35,1382.45,Grocery,Desktop,UPI,Email Campaign,174,Churned,1,Churned
6605,1,1204.71,1204.71,Grocery,Mobile,UPI,Referral,19,Active,0,Low Risk
6607,2,1953.28,976.64,Electronics,Desktop,Cash on Delivery,Organic Search,249,Churned,1,Churned
6610,2,4152.37,2076.185,Fashion,Desktop,Credit Card,Organic Search,26,Active,0,Low Risk
6611,2,1341.61,670.805,Beauty & Personal Care,Mobile,Net Banking,Email Campaign,17,Active,0,Low Risk
6612,1,1997.46,1997.46,Books,Desktop,Debit Card,Social Media,144,Churned,1,Churned
6624,1,1736.4,1736.4,Electronics,Mobile,Credit Card,Referral,231,Churned,1,Churned
6626,1,2847.24,2847.24,Fashion,Mobile,Cash on Delivery,Direct,95,Churned,1,Churned
6627,1,2739.16,2739.16,Books,Desktop,Net Banking,Email Campaign,299,Churned,1,Churned
6629,1,2288.46,2288.46,Grocery,Desktop,Net Banking,Social Media,222,Churned,1,Churned
6633,2,1078.9,539.45,Fashion,Desktop,Credit Card,Email Campaign,17,Active,0,Low Risk
6634,2,4477.66,2238.83,Fashion,Desktop,Net Banking,Organic Search,47,Active,0,Medium Risk
6637,2,2012.6399999999999,1006.3199999999999,Sports & Fitness,Desktop,Credit Card,Direct,59,Active,0,Medium Risk
6639,2,6626.67,3313.335,Sports & Fitness,Desktop,Net Banking,Direct,2,Active,0,Low Risk
6640,2,2318.94,1159.47,Beauty & Personal Care,Desktop,Debit Card,Email Campaign,78,Active,0,High Risk
6642,2,3539.98,1769.99,Electronics,Desktop,Cash on Delivery,Direct,122,Churned,1,Churned
6643,1,962.45,962.45,Beauty & Personal Care,Desktop,Debit Card,Email Campaign,82,Active,0,High Risk
6644,2,1997.2199999999998,998.6099999999999,Books,Desktop,Debit Card,Email Campaign,246,Churned,1,Churned
6647,1,1964.16,1964.16,Grocery,Mobile,Debit Card,Organic Search,343,Churned,1,Churned
6650,1,131.26,131.26,Sports & Fitness,Mobile,Credit Card,Paid Ads,306,Churned,1,Churned
6654,1,351.02,351.02,Sports & Fitness,Mobile,Cash on Delivery,Direct,5,Active,0,Low Risk
6655,1,1528.97,1528.97,Books,Mobile,Debit Card,Organic Search,278,Churned,1,Churned
6657,1,1583.01,1583.01,Beauty & Personal Care,Tablet,EMI,Paid Ads,133,Churned,1,Churned
6658,2,4624.110000000001,2312.0550000000003,Fashion,Mobile,Cash on Delivery,Direct,109,Churned,1,Churned
6661,1,1088.01,1088.01,Sports & Fitness,Tablet,Cash on Delivery,Direct,72,Active,0,High Risk
6663,1,1215.08,1215.08,Sports & Fitness,Desktop,Cash on Delivery,Direct,226,Churned,1,Churned
6667,2,2829.16,1414.58,Home & Kitchen,Desktop,EMI,Direct,295,Churned,1,Churned
6668,1,1291.31,1291.31,Beauty & Personal Care,Mobile,Net Banking,Paid Ads,264,Churned,1,Churned
6670,1,1274.92,1274.92,Grocery,Mobile,Net Banking,Email Campaign,78,Active,0,High Risk
6671,2,2223.46,1111.73,Books,Desktop,Debit Card,Direct,96,Churned,1,Churned
6672,1,3784.0,3784.0,Electronics,Desktop,Net Banking,Referral,325,Churned,1,Churned
6679,1,323.27,323.27,Fashion,Desktop,Credit Card,Referral,248,Churned,1,Churned
6684,1,929.06,929.06,Books,Tablet,EMI,Email Campaign,328,Churned,1,Churned
6685,1,1106.14,1106.14,Fashion,Desktop,Debit Card,Email Campaign,308,Churned,1,Churned
6686,1,2700.44,2700.44,Books,Mobile,Net Banking,Paid Ads,250,Churned,1,Churned
6691,3,2444.6099999999997,814.8699999999999,Electronics,Desktop,Cash on Delivery,Direct,92,Churned,1,Churned
6692,1,444.28,444.28,Toys & Baby,Mobile,Credit Card,Referral,257,Churned,1,Churned
6697,1,1102.28,1102.28,Fashion,Mobile,EMI,Direct,362,Churned,1,Churned
6700,1,3438.5,3438.5,Home & Kitchen,Mobile,Cash on Delivery,Social Media,294,Churned,1,Churned
6702,1,7142.29,7142.29,Home & Kitchen,Desktop,Cash on Delivery,Paid Ads,208,Churned,1,Churned
6705,3,4900.120000000001,1633.3733333333337,Beauty & Personal Care,Mobile,Debit Card,Direct,67,Active,0,High Risk
6706,1,3573.0,3573.0,Grocery,Mobile,Credit Card,Social Media,102,Churned,1,Churned
6709,1,860.56,860.56,Grocery,Mobile,UPI,Organic Search,294,Churned,1,Churned
6712,2,2190.92,1095.46,Fashion,Desktop,Credit Card,Direct,113,Churned,1,Churned
6714,2,1267.4499999999998,633.7249999999999,Electronics,Mobile,Net Banking,Direct,178,Churned,1,Churned
6718,1,2407.64,2407.64,Books,Mobile,Debit Card,Organic Search,315,Churned,1,Churned
6720,1,2958.72,2958.72,Grocery,Mobile,EMI,Social Media,243,Churned,1,Churned
6722,1,203.16,203.16,Books,Desktop,Cash on Delivery,Organic Search,352,Churned,1,Churned
6723,1,2462.82,2462.82,Home & Kitchen,Desktop,Debit Card,Paid Ads,330,Churned,1,Churned
6724,2,2609.05,1304.525,Sports & Fitness,Mobile,Credit Card,Organic Search,23,Active,0,Low Risk
6726,1,364.42,364.42,Toys & Baby,Desktop,Net Banking,Direct,161,Churned,1,Churned
6731,1,3974.24,3974.24,Beauty & Personal Care,Mobile,Cash on Delivery,Direct,176,Churned,1,Churned
6732,1,1224.56,1224.56,Beauty & Personal Care,Mobile,Credit Card,Referral,322,Churned,1,Churned
6734,1,4444.59,4444.59,Home & Kitchen,Desktop,EMI,Referral,292,Churned,1,Churned
6736,1,2029.81,2029.81,Beauty & Personal Care,Desktop,UPI,Paid Ads,264,Churned,1,Churned
6743,3,4053.02,1351.0066666666667,Books,Desktop,Credit Card,Organic Search,209,Churned,1,Churned
6744,1,954.53,954.53,Toys & Baby,Tablet,Debit Card,Email Campaign,311,Churned,1,Churned
6745,1,1618.2,1618.2,Grocery,Mobile,EMI,Direct,76,Active,0,High Risk
6747,1,811.5,811.5,Electronics,Mobile,Credit Card,Direct,271,Churned,1,Churned
6748,1,988.68,988.68,Books,Desktop,Debit Card,Email Campaign,136,Churned,1,Churned
6750,1,1128.26,1128.26,Fashion,Desktop,Cash on Delivery,Organic Search,271,Churned,1,Churned
6752,1,1405.98,1405.98,Books,Desktop,UPI,Email Campaign,138,Churned,1,Churned
6754,2,8315.72,4157.86,Home & Kitchen,Desktop,EMI,Organic Search,313,Churned,1,Churned
6755,1,2399.89,2399.89,Beauty & Personal Care,Tablet,Cash on Delivery,Referral,29,Active,0,Low Risk
6756,1,1613.62,1613.62,Electronics,Tablet,Cash on Delivery,Referral,313,Churned,1,Churned
6760,1,895.37,895.37,Fashion,Desktop,UPI,Paid Ads,267,Churned,1,Churned
6764,2,2600.16,1300.08,Books,Desktop,EMI,Organic Search,201,Churned,1,Churned
6767,1,4927.84,4927.84,Beauty & Personal Care,Desktop,Cash on Delivery,Email Campaign,303,Churned,1,Churned
6768,1,839.94,839.94,Electronics,Desktop,Net Banking,Email Campaign,16,Active,0,Low Risk
6772,1,1130.59,1130.59,Sports & Fitness,Desktop,Net Banking,Paid Ads,182,Churned,1,Churned
6773,1,980.45,980.45,Toys & Baby,Mobile,UPI,Referral,324,Churned,1,Churned
6775,1,2662.65,2662.65,Home & Kitchen,Mobile,Credit Card,Organic Search,315,Churned,1,Churned
6776,1,404.06,404.06,Beauty & Personal Care,Mobile,EMI,Social Media,41,Active,0,Medium Risk
6780,1,608.31,608.31,Sports & Fitness,Desktop,Credit Card,Email Campaign,204,Churned,1,Churned
6781,2,2557.13,1278.565,Home & Kitchen,Desktop,EMI,Email Campaign,133,Churned,1,Churned
6782,1,4833.27,4833.27,Home & Kitchen,Desktop,Debit Card,Direct,353,Churned,1,Churned
6786,2,1231.25,615.625,Beauty & Personal Care,Desktop,EMI,Direct,208,Churned,1,Churned
6787,3,3630.08,1210.0266666666666,Beauty & Personal Care,Mobile,Debit Card,Organic Search,35,Active,0,Medium Risk
6788,1,2106.1,2106.1,Toys & Baby,Mobile,EMI,Organic Search,119,Churned,1,Churned
6790,1,2973.4,2973.4,Fashion,Desktop,Credit Card,Referral,271,Churned,1,Churned
6791,1,671.26,671.26,Toys & Baby,Mobile,Net Banking,Social Media,353,Churned,1,Churned
6793,2,4052.34,2026.17,Fashion,Desktop,Debit Card,Direct,16,Active,0,Low Risk
6794,1,634.5,634.5,Grocery,Desktop,Debit Card,Referral,271,Churned,1,Churned
6798,1,1274.76,1274.76,Electronics,Tablet,UPI,Organic Search,237,Churned,1,Churned
6801,1,575.16,575.16,Electronics,Desktop,Cash on Delivery,Organic Search,132,Churned,1,Churned
6803,2,4089.4900000000002,2044.7450000000001,Books,Desktop,Credit Card,Email Campaign,335,Churned,1,Churned
6806,1,3764.54,3764.54,Grocery,Desktop,Debit Card,Email Campaign,36,Active,0,Medium Risk
6808,1,2644.04,2644.04,Books,Desktop,Net Banking,Organic Search,305,Churned,1,Churned
6809,2,5535.290000000001,2767.6450000000004,Home & Kitchen,Desktop,Debit Card,Organic Search,20,Active,0,Low Risk
6812,1,277.66,277.66,Electronics,Mobile,Debit Card,Organic Search,23,Active,0,Low Risk
6813,1,1581.61,1581.61,Beauty & Personal Care,Mobile,Credit Card,Organic Search,359,Churned,1,Churned
6815,1,1823.12,1823.12,Beauty & Personal Care,Mobile,UPI,Direct,93,Churned,1,Churned
6819,2,6840.87,3420.435,Home & Kitchen,Desktop,Credit Card,Direct,165,Churned,1,Churned
6825,1,2346.25,2346.25,Grocery,Desktop,UPI,Social Media,89,Active,0,High Risk
6828,1,3171.45,3171.45,Grocery,Mobile,Credit Card,Referral,108,Churned,1,Churned
6830,1,1842.3,1842.3,Books,Desktop,Debit Card,Organic Search,211,Churned,1,Churned
6833,1,4737.48,4737.48,Beauty & Personal Care,Desktop,Credit Card,Social Media,102,Churned,1,Churned
6837,1,3485.44,3485.44,Beauty & Personal Care,Desktop,Credit Card,Organic Search,306,Churned,1,Churned
6838,2,3188.13,1594.065,Fashion,Desktop,Cash on Delivery,Email Campaign,235,Churned,1,Churned
6839,1,370.03,370.03,Books,Desktop,Cash on Delivery,Email Campaign,307,Churned,1,Churned
6840,2,2896.77,1448.385,Beauty & Personal Care,Desktop,EMI,Direct,211,Churned,1,Churned
6845,1,1685.42,1685.42,Home & Kitchen,Desktop,Credit Card,Organic Search,229,Churned,1,Churned
6850,1,1519.53,1519.53,Fashion,Desktop,Credit Card,Paid Ads,223,Churned,1,Churned
6851,1,783.21,783.21,Sports & Fitness,Desktop,Debit Card,Organic Search,328,Churned,1,Churned
6854,1,1402.02,1402.02,Grocery,Desktop,UPI,Social Media,362,Churned,1,Churned
6856,1,764.32,764.32,Fashion,Desktop,Debit Card,Social Media,136,Churned,1,Churned
6857,1,2523.62,2523.62,Fashion,Mobile,Debit Card,Social Media,189,Churned,1,Churned
6858,1,2214.71,2214.71,Fashion,Mobile,Credit Card,Referral,181,Churned,1,Churned
6861,3,6677.67,2225.89,Beauty & Personal Care,Desktop,Cash on Delivery,Organic Search,4,Active,0,Low Risk
6863,2,4466.73,2233.365,Grocery,Tablet,Credit Card,Paid Ads,4,Active,0,Low Risk
6864,2,1347.82,673.91,Fashion,Desktop,Debit Card,Organic Search,5,Active,0,Low Risk
6867,1,1011.31,1011.31,Grocery,Mobile,Credit Card,Referral,293,Churned,1,Churned
6869,2,1614.65,807.325,Books,Desktop,EMI,Organic Search,53,Active,0,Medium Risk
6872,1,2364.55,2364.55,Books,Desktop,Debit Card,Direct,187,Churned,1,Churned
6875,1,768.18,768.18,Electronics,Desktop,Net Banking,Organic Search,142,Churned,1,Churned
6878,1,2543.81,2543.81,Toys & Baby,Mobile,UPI,Direct,99,Churned,1,Churned
6881,1,362.81,362.81,Toys & Baby,Desktop,Net Banking,Social Media,92,Churned,1,Churned
6883,1,923.33,923.33,Electronics,Mobile,Cash on Delivery,Direct,271,Churned,1,Churned
6884,1,1393.38,1393.38,Fashion,Desktop,Credit Card,Organic Search,127,Churned,1,Churned
6885,1,1905.38,1905.38,Home & Kitchen,Mobile,Cash on Delivery,Direct,161,Churned,1,Churned
6891,1,6089.47,6089.47,Toys & Baby,Mobile,UPI,Email Campaign,176,Churned,1,Churned
6895,2,5557.8099999999995,2778.9049999999997,Fashion,Mobile,Credit Card,Organic Search,18,Active,0,Low Risk
6896,1,3379.7,3379.7,Books,Mobile,EMI,Social Media,68,Active,0,High Risk
6897,1,881.22,881.22,Electronics,Mobile,Credit Card,Paid Ads,101,Churned,1,Churned
6898,1,6021.52,6021.52,Home & Kitchen,Mobile,EMI,Social Media,103,Churned,1,Churned
6899,2,3025.88,1512.94,Electronics,Desktop,Debit Card,Email Campaign,260,Churned,1,Churned
6902,2,3055.6800000000003,1527.8400000000001,Beauty & Personal Care,Desktop,Cash on Delivery,Email Campaign,126,Churned,1,Churned
6906,1,309.9,309.9,Grocery,Desktop,Debit Card,Direct,182,Churned,1,Churned
6907,1,1601.47,1601.47,Toys & Baby,Desktop,Net Banking,Referral,266,Churned,1,Churned
6908,1,1797.84,1797.84,Toys & Baby,Mobile,Credit Card,Paid Ads,340,Churned,1,Churned
6909,2,4565.71,2282.855,Home & Kitchen,Desktop,EMI,Direct,107,Churned,1,Churned
6912,2,669.31,334.655,Electronics,Desktop,EMI,Direct,104,Churned,1,Churned
6913,1,1999.79,1999.79,Toys & Baby,Desktop,Debit Card,Social Media,69,Active,0,High Risk
6917,1,1235.52,1235.52,Books,Desktop,EMI,Direct,134,Churned,1,Churned
6921,1,2092.75,2092.75,Fashion,Mobile,EMI,Email Campaign,335,Churned,1,Churned
6923,1,459.88,459.88,Electronics,Desktop,Net Banking,Paid Ads,362,Churned,1,Churned
6925,1,721.67,721.67,Sports & Fitness,Mobile,Net Banking,Social Media,97,Churned,1,Churned
6926,1,3549.36,3549.36,Home & Kitchen,Mobile,EMI,Direct,69,Active,0,High Risk
6927,1,3566.13,3566.13,Books,Desktop,Debit Card,Direct,41,Active,0,Medium Risk
6931,1,1239.66,1239.66,Grocery,Desktop,EMI,Referral,66,Active,0,High Risk
6932,2,3453.45,1726.725,Grocery,Desktop,Net Banking,Paid Ads,166,Churned,1,Churned
6939,1,1314.31,1314.31,Sports & Fitness,Desktop,UPI,Direct,151,Churned,1,Churned
6943,2,1909.97,954.985,Beauty & Personal Care,Desktop,Cash on Delivery,Direct,202,Churned,1,Churned
6944,1,1665.29,1665.29,Toys & Baby,Mobile,EMI,Referral,179,Churned,1,Churned
6946,1,1197.99,1197.99,Fashion,Mobile,UPI,Direct,164,Churned,1,Churned
6947,3,2951.5299999999997,983.8433333333332,Grocery,Desktop,Net Banking,Direct,116,Churned,1,Churned
6950,1,138.5,138.5,Sports & Fitness,Desktop,Cash on Delivery,Social Media,1,Active,0,Low Risk
6953,2,3730.21,1865.105,Books,Desktop,UPI,Direct,155,Churned,1,Churned
6955,1,1991.52,1991.52,Toys & Baby,Mobile,UPI,Paid Ads,188,Churned,1,Churned
6959,2,978.48,489.24,Electronics,Desktop,Credit Card,Direct,104,Churned,1,Churned
6963,2,2985.01,1492.505,Books,Desktop,Debit Card,Email Campaign,279,Churned,1,Churned
6969,2,3681.11,1840.555,Grocery,Desktop,Credit Card,Email Campaign,35,Active,0,Medium Risk
6972,1,1266.91,1266.91,Toys & Baby,Desktop,UPI,Social Media,352,Churned,1,Churned
6974,2,949.52,474.76,Fashion,Desktop,Cash on Delivery,Direct,201,Churned,1,Churned
6978,2,1319.74,659.87,Grocery,Desktop,Credit Card,Paid Ads,21,Active,0,Low Risk
6979,2,4909.82,2454.91,Books,Desktop,Credit Card,Email Campaign,91,Churned,1,Churned
6984,1,216.35,216.35,Electronics,Mobile,UPI,Referral,186,Churned,1,Churned
6985,1,1470.74,1470.74,Grocery,Desktop,EMI,Referral,234,Churned,1,Churned
6986,2,758.0,379.0,Fashion,Mobile,Debit Card,Email Campaign,108,Churned,1,Churned
6987,1,703.02,703.02,Sports & Fitness,Desktop,Credit Card,Direct,6,Active,0,Low Risk
6989,1,880.66,880.66,Fashion,Desktop,EMI,Referral,9,Active,0,Low Risk
6990,1,773.79,773.79,Fashion,Desktop,Credit Card,Email Campaign,180,Churned,1,Churned
6992,3,1711.41,570.47,Books,Mobile,UPI,Referral,199,Churned,1,Churned
6993,1,3400.04,3400.04,Grocery,Tablet,Credit Card,Paid Ads,365,Churned,1,Churned
6996,1,3065.95,3065.95,Electronics,Mobile,Debit Card,Organic Search,203,Churned,1,Churned
6998,1,802.69,802.69,Home & Kitchen,Mobile,Cash on Delivery,Direct,206,Churned,1,Churned
7001,1,218.74,218.74,Sports & Fitness,Desktop,Credit Card,Direct,158,Churned,1,Churned
7002,1,1375.99,1375.99,Beauty & Personal Care,Desktop,Net Banking,Paid Ads,342,Churned,1,Churned
7003,3,6094.67,2031.5566666666666,Home & Kitchen,Desktop,UPI,Direct,75,Active,0,High Risk
7005,2,6127.66,3063.83,Home & Kitchen,Desktop,Cash on Delivery,Paid Ads,50,Active,0,Medium Risk
7008,1,2127.85,2127.85,Electronics,Desktop,EMI,Direct,354,Churned,1,Churned
7010,2,5193.19,2596.595,Home & Kitchen,Desktop,Net Banking,Organic Search,205,Churned,1,Churned
7011,1,725.98,725.98,Books,Desktop,Net Banking,Organic Search,68,Active,0,High Risk
7012,1,1356.05,1356.05,Beauty & Personal Care,Desktop,Net Banking,Paid Ads,128,Churned,1,Churned
7015,5,10077.0,2015.4,Fashion,Mobile,Credit Card,Email Campaign,24,Active,0,Low Risk
7018,2,5590.009999999999,2795.0049999999997,Fashion,Desktop,EMI,Email Campaign,61,Active,0,High Risk
7024,1,1375.11,1375.11,Beauty & Personal Care,Desktop,EMI,Direct,317,Churned,1,Churned
7025,1,2319.08,2319.08,Fashion,Mobile,Net Banking,Social Media,82,Active,0,High Risk
7028,1,302.12,302.12,Fashion,Desktop,EMI,Social Media,151,Churned,1,Churned
7030,1,4865.55,4865.55,Home & Kitchen,Desktop,Net Banking,Organic Search,248,Churned,1,Churned
7031,1,3777.44,3777.44,Books,Mobile,Debit Card,Paid Ads,363,Churned,1,Churned
7032,1,554.44,554.44,Beauty & Personal Care,Tablet,Debit Card,Direct,209,Churned,1,Churned
7036,1,1302.04,1302.04,Fashion,Desktop,EMI,Paid Ads,345,Churned,1,Churned
7039,2,808.28,404.14,Beauty & Personal Care,Desktop,EMI,Organic Search,156,Churned,1,Churned
7040,1,3022.36,3022.36,Fashion,Tablet,Debit Card,Organic Search,117,Churned,1,Churned
7044,1,1550.44,1550.44,Sports & Fitness,Mobile,Net Banking,Social Media,59,Active,0,Medium Risk
7045,1,415.06,415.06,Books,Mobile,Credit Card,Email Campaign,221,Churned,1,Churned
7047,1,259.26,259.26,Beauty & Personal Care,Desktop,Cash on Delivery,Email Campaign,336,Churned,1,Churned
7050,1,4573.62,4573.62,Toys & Baby,Desktop,EMI,Direct,202,Churned,1,Churned
7051,1,263.76,263.76,Fashion,Mobile,UPI,Social Media,62,Active,0,High Risk
7055,1,530.37,530.37,Grocery,Mobile,EMI,Social Media,16,Active,0,Low Risk
7056,1,410.94,410.94,Fashion,Desktop,Cash on Delivery,Direct,140,Churned,1,Churned
7057,1,3535.05,3535.05,Books,Tablet,Credit Card,Organic Search,90,Active,0,High Risk
7058,1,3211.59,3211.59,Beauty & Personal Care,Mobile,Net Banking,Direct,191,Churned,1,Churned
7060,2,4974.6,2487.3,Books,Desktop,EMI,Direct,92,Churned,1,Churned
7061,1,874.51,874.51,Grocery,Desktop,EMI,Paid Ads,13,Active,0,Low Risk
7062,1,4011.36,4011.36,Toys & Baby,Desktop,Net Banking,Social Media,365,Churned,1,Churned
7063,1,1484.67,1484.67,Sports & Fitness,Mobile,UPI,Email Campaign,338,Churned,1,Churned
7064,1,596.59,596.59,Toys & Baby,Tablet,EMI,Paid Ads,85,Active,0,High Risk
7066,2,2428.31,1214.155,Grocery,Desktop,Cash on Delivery,Organic Search,89,Active,0,High Risk
7067,1,2033.18,2033.18,Grocery,Desktop,EMI,Organic Search,129,Churned,1,Churned
7069,1,2874.62,2874.62,Books,Mobile,Net Banking,Paid Ads,244,Churned,1,Churned
7071,2,1531.9199999999998,765.9599999999999,Beauty & Personal Care,Desktop,Cash on Delivery,Referral,218,Churned,1,Churned
7072,3,6381.92,2127.306666666667,Books,Desktop,Cash on Delivery,Direct,26,Active,0,Low Risk
7073,2,4805.88,2402.94,Books,Mobile,Cash on Delivery,Organic Search,78,Active,0,High Risk
7074,1,702.41,702.41,Fashion,Desktop,UPI,Direct,242,Churned,1,Churned
7077,1,167.03,167.03,Grocery,Mobile,Net Banking,Email Campaign,264,Churned,1,Churned
7078,1,369.08,369.08,Sports & Fitness,Desktop,Credit Card,Email Campaign,240,Churned,1,Churned
7080,1,187.4,187.4,Sports & Fitness,Mobile,EMI,Direct,21,Active,0,Low Risk
7081,1,328.49,328.49,Sports & Fitness,Desktop,Net Banking,Social Media,262,Churned,1,Churned
7082,2,3036.1899999999996,1518.0949999999998,Electronics,Desktop,Credit Card,Email Campaign,42,Active,0,Medium Risk
7094,1,966.74,966.74,Home & Kitchen,Desktop,Debit Card,Direct,179,Churned,1,Churned
7096,1,2429.47,2429.47,Grocery,Desktop,Net Banking,Social Media,274,Churned,1,Churned
7097,1,5580.16,5580.16,Beauty & Personal Care,Desktop,Debit Card,Direct,249,Churned,1,Churned
7098,2,7012.71,3506.355,Beauty & Personal Care,Desktop,Credit Card,Direct,35,Active,0,Medium Risk
7099,2,4033.6400000000003,2016.8200000000002,Grocery,Desktop,Credit Card,Email Campaign,41,Active,0,Medium Risk
7100,2,2416.06,1208.03,Fashion,Desktop,Cash on Delivery,Paid Ads,74,Active,0,High Risk
7101,1,754.52,754.52,Sports & Fitness,Tablet,Credit Card,Email Campaign,102,Churned,1,Churned
7102,1,967.53,967.53,Home & Kitchen,Mobile,Net Banking,Paid Ads,328,Churned,1,Churned
7105,1,1051.32,1051.32,Electronics,Desktop,Debit Card,Referral,27,Active,0,Low Risk
7106,1,1627.92,1627.92,Home & Kitchen,Mobile,Debit Card,Email Campaign,178,Churned,1,Churned
7107,1,2898.6,2898.6,Toys & Baby,Mobile,UPI,Organic Search,148,Churned,1,Churned
7110,1,2049.4,2049.4,Home & Kitchen,Desktop,Credit Card,Organic Search,72,Active,0,High Risk
7111,3,4088.6099999999997,1362.87,Electronics,Mobile,UPI,Organic Search,43,Active,0,Medium Risk
7119,1,2009.24,2009.24,Electronics,Mobile,Debit Card,Email Campaign,22,Active,0,Low Risk
7121,1,947.94,947.94,Books,Desktop,Debit Card,Social Media,345,Churned,1,Churned
7122,2,6075.05,3037.525,Books,Desktop,Cash on Delivery,Organic Search,168,Churned,1,Churned
7123,1,4408.56,4408.56,Beauty & Personal Care,Mobile,EMI,Email Campaign,76,Active,0,High Risk
7126,2,3929.1899999999996,1964.5949999999998,Books,Desktop,EMI,Paid Ads,54,Active,0,Medium Risk
7127,1,3957.72,3957.72,Home & Kitchen,Tablet,UPI,Paid Ads,279,Churned,1,Churned
7128,1,1957.65,1957.65,Home & Kitchen,Desktop,Cash on Delivery,Social Media,357,Churned,1,Churned
7129,1,2383.98,2383.98,Books,Tablet,Net Banking,Direct,46,Active,0,Medium Risk
7130,2,1519.06,759.53,Books,Mobile,Debit Card,Paid Ads,93,Churned,1,Churned
7132,2,1545.56,772.78,Home & Kitchen,Mobile,Net Banking,Organic Search,157,Churned,1,Churned
7133,1,2089.82,2089.82,Grocery,Tablet,Net Banking,Paid Ads,358,Churned,1,Churned
7134,2,4711.66,2355.83,Toys & Baby,Desktop,Cash on Delivery,Direct,4,Active,0,Low Risk
7139,1,1102.73,1102.73,Beauty & Personal Care,Desktop,EMI,Referral,239,Churned,1,Churned
7142,3,6206.889999999999,2068.963333333333,Books,Desktop,Credit Card,Direct,80,Active,0,High Risk
7144,1,3583.95,3583.95,Beauty & Personal Care,Desktop,Debit Card,Organic Search,48,Active,0,Medium Risk
7145,1,2531.1,2531.1,Electronics,Desktop,Cash on Delivery,Paid Ads,219,Churned,1,Churned
7147,1,842.44,842.44,Beauty & Personal Care,Desktop,EMI,Paid Ads,57,Active,0,Medium Risk
7148,2,8230.609999999999,4115.304999999999,Electronics,Desktop,EMI,Organic Search,109,Churned,1,Churned
7150,2,3531.63,1765.815,Electronics,Desktop,Credit Card,Referral,12,Active,0,Low Risk
7151,2,4224.4800000000005,2112.2400000000002,Beauty & Personal Care,Desktop,Cash on Delivery,Paid Ads,265,Churned,1,Churned
7152,1,861.56,861.56,Electronics,Desktop,Credit Card,Organic Search,220,Churned,1,Churned
7153,1,4571.76,4571.76,Beauty & Personal Care,Mobile,Debit Card,Referral,140,Churned,1,Churned
7155,1,1537.08,1537.08,Fashion,Desktop,EMI,Organic Search,69,Active,0,High Risk
7160,1,2949.7,2949.7,Toys & Baby,Desktop,Net Banking,Direct,145,Churned,1,Churned
7162,1,391.58,391.58,Electronics,Tablet,Net Banking,Paid Ads,342,Churned,1,Churned
7165,2,3437.56,1718.78,Beauty & Personal Care,Mobile,Credit Card,Paid Ads,160,Churned,1,Churned
7166,1,827.51,827.51,Sports & Fitness,Mobile,Credit Card,Direct,319,Churned,1,Churned
7170,1,3375.24,3375.24,Books,Mobile,UPI,Organic Search,61,Active,0,High Risk
7171,4,9938.119999999999,2484.5299999999997,Grocery,Mobile,Debit Card,Social Media,57,Active,0,Medium Risk
7173,1,1027.78,1027.78,Toys & Baby,Mobile,Credit Card,Social Media,253,Churned,1,Churned
7176,1,657.44,657.44,Electronics,Desktop,Credit Card,Organic Search,153,Churned,1,Churned
7177,2,2852.17,1426.085,Sports & Fitness,Mobile,Net Banking,Email Campaign,139,Churned,1,Churned
7179,1,1582.71,1582.71,Grocery,Mobile,Credit Card,Social Media,217,Churned,1,Churned
7185,1,789.26,789.26,Grocery,Mobile,UPI,Direct,76,Active,0,High Risk
7187,1,698.56,698.56,Electronics,Mobile,Net Banking,Organic Search,28,Active,0,Low Risk
7189,3,4847.74,1615.9133333333332,Books,Desktop,EMI,Direct,132,Churned,1,Churned
7190,2,1302.8000000000002,651.4000000000001,Grocery,Desktop,Cash on Delivery,Organic Search,202,Churned,1,Churned
7192,1,113.22,113.22,Sports & Fitness,Mobile,UPI,Paid Ads,336,Churned,1,Churned
7194,1,1193.87,1193.87,Home & Kitchen,Desktop,Credit Card,Direct,101,Churned,1,Churned
7195,1,2215.76,2215.76,Beauty & Personal Care,Desktop,Debit Card,Social Media,323,Churned,1,Churned
7201,1,2397.48,2397.48,Grocery,Desktop,Net Banking,Paid Ads,283,Churned,1,Churned
7202,1,2882.12,2882.12,Home & Kitchen,Mobile,UPI,Organic Search,101,Churned,1,Churned
7204,1,694.69,694.69,Beauty & Personal Care,Desktop,Net Banking,Email Campaign,126,Churned,1,Churned
7209,1,656.09,656.09,Electronics,Desktop,UPI,Organic Search,360,Churned,1,Churned
7210,1,2370.42,2370.42,Electronics,Mobile,Debit Card,Organic Search,142,Churned,1,Churned
7211,1,504.7,504.7,Books,Mobile,Cash on Delivery,Organic Search,77,Active,0,High Risk
7213,1,341.49,341.49,Electronics,Desktop,Debit Card,Paid Ads,69,Active,0,High Risk
7214,1,1149.66,1149.66,Home & Kitchen,Desktop,Cash on Delivery,Social Media,2,Active,0,Low Risk
7215,2,2398.96,1199.48,Books,Desktop,Debit Card,Referral,74,Active,0,High Risk
7216,2,3578.08,1789.04,Grocery,Desktop,Cash on Delivery,Organic Search,270,Churned,1,Churned
7217,2,868.3799999999999,434.18999999999994,Fashion,Desktop,Cash on Delivery,Organic Search,63,Active,0,High Risk
7218,1,704.41,704.41,Electronics,Desktop,Cash on Delivery,Referral,219,Churned,1,Churned
7219,2,2253.31,1126.655,Beauty & Personal Care,Desktop,Debit Card,Direct,238,Churned,1,Churned
7224,1,1369.68,1369.68,Electronics,Desktop,EMI,Referral,332,Churned,1,Churned
7225,2,6234.07,3117.035,Books,Desktop,Credit Card,Organic Search,70,Active,0,High Risk
7226,2,1291.97,645.985,Beauty & Personal Care,Desktop,Cash on Delivery,Organic Search,305,Churned,1,Churned
7227,2,851.82,425.91,Electronics,Mobile,Credit Card,Organic Search,18,Active,0,Low Risk
7229,1,1683.48,1683.48,Beauty & Personal Care,Mobile,UPI,Social Media,289,Churned,1,Churned
7232,1,2775.5,2775.5,Beauty & Personal Care,Mobile,UPI,Direct,138,Churned,1,Churned
7234,1,887.02,887.02,Toys & Baby,Mobile,Net Banking,Social Media,1,Active,0,Low Risk
7235,1,1854.04,1854.04,Electronics,Mobile,EMI,Paid Ads,154,Churned,1,Churned
7237,1,1308.62,1308.62,Home & Kitchen,Mobile,Debit Card,Social Media,21,Active,0,Low Risk
7242,1,548.38,548.38,Electronics,Mobile,UPI,Direct,68,Active,0,High Risk
7245,1,2460.21,2460.21,Electronics,Desktop,EMI,Organic Search,191,Churned,1,Churned
7246,1,441.9,441.9,Grocery,Desktop,Debit Card,Social Media,123,Churned,1,Churned
7248,1,4405.72,4405.72,Toys & Baby,Desktop,UPI,Organic Search,80,Active,0,High Risk
7249,3,5363.76,1787.92,Fashion,Desktop,UPI,Email Campaign,105,Churned,1,Churned
7251,1,2513.42,2513.42,Grocery,Mobile,UPI,Organic Search,275,Churned,1,Churned
7252,1,4129.66,4129.66,Home & Kitchen,Desktop,Debit Card,Paid Ads,347,Churned,1,Churned
7254,2,2755.36,1377.68,Beauty & Personal Care,Desktop,Cash on Delivery,Paid Ads,115,Churned,1,Churned
7259,2,4965.61,2482.805,Books,Desktop,Credit Card,Paid Ads,91,Churned,1,Churned
7261,1,2108.41,2108.41,Fashion,Desktop,Debit Card,Email Campaign,343,Churned,1,Churned
7262,1,1115.22,1115.22,Electronics,Desktop,Cash on Delivery,Organic Search,43,Active,0,Medium Risk
7263,1,6895.33,6895.33,Home & Kitchen,Tablet,EMI,Referral,360,Churned,1,Churned
7265,1,1361.34,1361.34,Fashion,Mobile,Net Banking,Direct,218,Churned,1,Churned
7269,1,886.36,886.36,Home & Kitchen,Mobile,UPI,Social Media,103,Churned,1,Churned
7271,1,1086.28,1086.28,Fashion,Mobile,Cash on Delivery,Social Media,352,Churned,1,Churned
7272,2,1362.17,681.085,Electronics,Mobile,Credit Card,Direct,63,Active,0,High Risk
7274,1,2067.51,2067.51,Electronics,Desktop,Debit Card,Email Campaign,77,Active,0,High Risk
7275,1,2099.56,2099.56,Toys & Baby,Desktop,EMI,Referral,237,Churned,1,Churned
7280,1,1107.99,1107.99,Fashion,Desktop,UPI,Organic Search,359,Churned,1,Churned
7281,1,673.44,673.44,Books,Mobile,EMI,Email Campaign,98,Churned,1,Churned
7282,2,536.64,268.32,Electronics,Desktop,Net Banking,Paid Ads,214,Churned,1,Churned
7283,1,1032.07,1032.07,Toys & Baby,Desktop,Cash on Delivery,Referral,165,Churned,1,Churned
7284,2,6763.8,3381.9,Fashion,Desktop,UPI,Referral,228,Churned,1,Churned
7287,1,3499.77,3499.77,Grocery,Desktop,UPI,Email Campaign,148,Churned,1,Churned
7288,1,142.75,142.75,Fashion,Desktop,UPI,Paid Ads,33,Active,0,Medium Risk
7293,2,3920.44,1960.22,Books,Desktop,Cash on Delivery,Direct,185,Churned,1,Churned
7296,1,2480.14,2480.14,Books,Tablet,Cash on Delivery,Referral,73,Active,0,High Risk
7297,2,2643.7799999999997,1321.8899999999999,Home & Kitchen,Mobile,Credit Card,Direct,75,Active,0,High Risk
7298,1,1955.52,1955.52,Home & Kitchen,Desktop,Credit Card,Referral,78,Active,0,High Risk
7299,2,2160.71,1080.355,Books,Mobile,Net Banking,Email Campaign,270,Churned,1,Churned
7304,1,1715.31,1715.31,Toys & Baby,Mobile,Net Banking,Organic Search,315,Churned,1,Churned
7308,1,2919.4,2919.4,Beauty & Personal Care,Desktop,UPI,Direct,343,Churned,1,Churned
7310,1,1846.76,1846.76,Home & Kitchen,Desktop,Net Banking,Social Media,61,Active,0,High Risk
7312,1,114.34,114.34,Grocery,Desktop,Cash on Delivery,Organic Search,166,Churned,1,Churned
7313,1,285.46,285.46,Toys & Baby,Desktop,Cash on Delivery,Paid Ads,216,Churned,1,Churned
7315,1,2164.1,2164.1,Grocery,Desktop,Credit Card,Paid Ads,223,Churned,1,Churned
7317,1,400.06,400.06,Sports & Fitness,Mobile,Debit Card,Email Campaign,217,Churned,1,Churned
7319,1,1382.92,1382.92,Fashion,Tablet,Credit Card,Email Campaign,243,Churned,1,Churned
7321,1,1906.02,1906.02,Fashion,Desktop,Net Banking,Paid Ads,228,Churned,1,Churned
7322,1,3321.32,3321.32,Electronics,Mobile,Cash on Delivery,Referral,281,Churned,1,Churned
7323,1,1806.66,1806.66,Books,Mobile,UPI,Organic Search,240,Churned,1,Churned
7325,2,1155.9,577.95,Sports & Fitness,Desktop,Credit Card,Referral,188,Churned,1,Churned
7326,1,812.97,812.97,Toys & Baby,Mobile,Debit Card,Organic Search,28,Active,0,Low Risk
7327,2,2120.2,1060.1,Fashion,Desktop,Net Banking,Direct,143,Churned,1,Churned
7332,1,2636.98,2636.98,Books,Mobile,UPI,Paid Ads,260,Churned,1,Churned
7333,2,2795.84,1397.92,Home & Kitchen,Desktop,Cash on Delivery,Organic Search,81,Active,0,High Risk
7336,1,1468.75,1468.75,Home & Kitchen,Mobile,UPI,Paid Ads,7,Active,0,Low Risk
7339,1,7016.6,7016.6,Books,Mobile,Cash on Delivery,Email Campaign,311,Churned,1,Churned
7340,2,990.4300000000001,495.21500000000003,Electronics,Desktop,Credit Card,Email Campaign,2,Active,0,Low Risk
7341,1,2565.0,2565.0,Toys & Baby,Tablet,EMI,Direct,318,Churned,1,Churned
7343,1,642.38,642.38,Beauty & Personal Care,Mobile,Debit Card,Social Media,67,Active,0,High Risk
7344,3,7873.650000000001,2624.55,Beauty & Personal Care,Desktop,Cash on Delivery,Direct,96,Churned,1,Churned
7345,1,304.65,304.65,Grocery,Desktop,UPI,Social Media,270,Churned,1,Churned
7346,1,5381.88,5381.88,Toys & Baby,Desktop,Credit Card,Referral,256,Churned,1,Churned
7348,1,1475.24,1475.24,Sports & Fitness,Desktop,UPI,Social Media,151,Churned,1,Churned
7349,1,1057.97,1057.97,Beauty & Personal Care,Mobile,Net Banking,Direct,274,Churned,1,Churned
7351,1,2194.02,2194.02,Electronics,Mobile,Credit Card,Social Media,4,Active,0,Low Risk
7353,1,502.51,502.51,Sports & Fitness,Desktop,Cash on Delivery,Social Media,122,Churned,1,Churned
7354,1,986.04,986.04,Grocery,Tablet,Debit Card,Paid Ads,225,Churned,1,Churned
7356,1,5128.03,5128.03,Books,Mobile,EMI,Paid Ads,234,Churned,1,Churned
7358,1,1741.08,1741.08,Sports & Fitness,Mobile,UPI,Paid Ads,327,Churned,1,Churned
7360,2,4415.95,2207.975,Books,Desktop,Cash on Delivery,Organic Search,61,Active,0,High Risk
7363,2,2149.41,1074.705,Books,Desktop,EMI,Email Campaign,129,Churned,1,Churned
7367,1,3865.47,3865.47,Toys & Baby,Mobile,Credit Card,Organic Search,3,Active,0,Low Risk
7369,1,755.96,755.96,Sports & Fitness,Desktop,EMI,Paid Ads,50,Active,0,Medium Risk
7372,2,1536.66,768.33,Grocery,Desktop,Credit Card,Email Campaign,81,Active,0,High Risk
7373,1,558.55,558.55,Electronics,Tablet,Debit Card,Direct,52,Active,0,Medium Risk
7375,1,2955.24,2955.24,Books,Mobile,Cash on Delivery,Organic Search,54,Active,0,Medium Risk
7377,1,1461.32,1461.32,Grocery,Mobile,Net Banking,Paid Ads,207,Churned,1,Churned
7384,1,5062.32,5062.32,Home & Kitchen,Mobile,EMI,Direct,155,Churned,1,Churned
7385,1,3140.45,3140.45,Books,Desktop,UPI,Organic Search,277,Churned,1,Churned
7388,1,4491.65,4491.65,Books,Mobile,Debit Card,Social Media,164,Churned,1,Churned
7389,2,745.65,372.825,Fashion,Desktop,Cash on Delivery,Direct,73,Active,0,High Risk
7390,1,688.74,688.74,Fashion,Mobile,Cash on Delivery,Email Campaign,217,Churned,1,Churned
7391,3,5199.73,1733.243333333333,Books,Desktop,Cash on Delivery,Direct,19,Active,0,Low Risk
7393,1,702.9,702.9,Beauty & Personal Care,Desktop,EMI,Email Campaign,142,Churned,1,Churned
7396,1,698.68,698.68,Sports & Fitness,Mobile,Credit Card,Direct,134,Churned,1,Churned
7397,2,7561.35,3780.675,Home & Kitchen,Mobile,Cash on Delivery,Paid Ads,21,Active,0,Low Risk
7400,1,181.69,181.69,Books,Mobile,EMI,Paid Ads,291,Churned,1,Churned
7401,1,3411.01,3411.01,Grocery,Desktop,Net Banking,Organic Search,230,Churned,1,Churned
7402,1,5223.94,5223.94,Toys & Baby,Desktop,UPI,Paid Ads,345,Churned,1,Churned
7411,3,1281.23,427.07666666666665,Beauty & Personal Care,Desktop,Debit Card,Referral,27,Active,0,Low Risk
7412,1,662.09,662.09,Toys & Baby,Tablet,Debit Card,Email Campaign,222,Churned,1,Churned
7418,1,1722.82,1722.82,Grocery,Tablet,Cash on Delivery,Referral,289,Churned,1,Churned
7423,1,4441.77,4441.77,Home & Kitchen,Mobile,UPI,Paid Ads,64,Active,0,High Risk
7428,2,6649.44,3324.72,Home & Kitchen,Desktop,Cash on Delivery,Email Campaign,118,Churned,1,Churned
7429,1,476.52,476.52,Electronics,Desktop,Cash on Delivery,Organic Search,221,Churned,1,Churned
7433,1,1120.5,1120.5,Fashion,Mobile,Debit Card,Email Campaign,72,Active,0,High Risk
7434,1,706.11,706.11,Fashion,Mobile,UPI,Email Campaign,255,Churned,1,Churned
7435,1,1355.17,1355.17,Home & Kitchen,Desktop,Debit Card,Paid Ads,352,Churned,1,Churned
7436,1,3601.4,3601.4,Grocery,Mobile,Debit Card,Direct,145,Churned,1,Churned
7437,2,8666.23,4333.115,Fashion,Mobile,Cash on Delivery,Email Campaign,20,Active,0,Low Risk
7439,2,2552.0299999999997,1276.0149999999999,Fashion,Desktop,Cash on Delivery,Organic Search,3,Active,0,Low Risk
7450,1,262.27,262.27,Electronics,Tablet,Debit Card,Email Campaign,297,Churned,1,Churned
7454,1,2047.1,2047.1,Beauty & Personal Care,Desktop,Debit Card,Email Campaign,119,Churned,1,Churned
7457,1,2239.22,2239.22,Toys & Baby,Desktop,EMI,Social Media,33,Active,0,Medium Risk
7458,1,2266.28,2266.28,Toys & Baby,Tablet,UPI,Referral,51,Active,0,Medium Risk
7461,1,1605.58,1605.58,Grocery,Desktop,Net Banking,Social Media,17,Active,0,Low Risk
7462,3,7983.16,2661.0533333333333,Sports & Fitness,Desktop,Cash on Delivery,Referral,54,Active,0,Medium Risk
7468,1,3384.9,3384.9,Electronics,Desktop,Credit Card,Direct,309,Churned,1,Churned
7469,2,3936.37,1968.185,Grocery,Desktop,Cash on Delivery,Direct,109,Churned,1,Churned
7472,1,2642.6,2642.6,Home & Kitchen,Mobile,Credit Card,Referral,75,Active,0,High Risk
7473,1,2575.76,2575.76,Home & Kitchen,Mobile,Net Banking,Email Campaign,283,Churned,1,Churned
7476,2,2583.14,1291.57,Books,Desktop,Cash on Delivery,Organic Search,186,Churned,1,Churned
7477,1,1125.6,1125.6,Fashion,Desktop,Net Banking,Paid Ads,271,Churned,1,Churned
7491,2,2648.45,1324.225,Beauty & Personal Care,Desktop,Credit Card,Email Campaign,38,Active,0,Medium Risk
7493,1,3287.17,3287.17,Books,Desktop,Cash on Delivery,Direct,228,Churned,1,Churned
7494,2,6142.879999999999,3071.4399999999996,Books,Desktop,Cash on Delivery,Organic Search,261,Churned,1,Churned
7495,1,1330.18,1330.18,Home & Kitchen,Desktop,UPI,Direct,95,Churned,1,Churned
7496,1,3574.2,3574.2,Grocery,Mobile,Debit Card,Direct,101,Churned,1,Churned
7505,1,4091.46,4091.46,Beauty & Personal Care,Mobile,Net Banking,Email Campaign,34,Active,0,Medium Risk
7507,1,5312.97,5312.97,Books,Desktop,Net Banking,Direct,302,Churned,1,Churned
7508,3,4737.23,1579.0766666666666,Beauty & Personal Care,Mobile,Cash on Delivery,Organic Search,208,Churned,1,Churned
7509,1,5269.01,5269.01,Home & Kitchen,Mobile,UPI,Organic Search,249,Churned,1,Churned
7510,1,782.25,782.25,Beauty & Personal Care,Mobile,Credit Card,Paid Ads,23,Active,0,Low Risk
7512,3,8996.67,2998.89,Beauty & Personal Care,Desktop,Credit Card,Direct,287,Churned,1,Churned
7513,1,692.0,692.0,Sports & Fitness,Desktop,Cash on Delivery,Organic Search,361,Churned,1,Churned
7514,1,2801.16,2801.16,Electronics,Desktop,Credit Card,Email Campaign,326,Churned,1,Churned
7515,1,862.74,862.74,Toys & Baby,Mobile,Credit Card,Referral,309,Churned,1,Churned
7517,3,6569.68,2189.8933333333334,Books,Desktop,Credit Card,Paid Ads,5,Active,0,Low Risk
7518,1,579.58,579.58,Toys & Baby,Mobile,UPI,Direct,171,Churned,1,Churned
7519,1,308.12,308.12,Sports & Fitness,Mobile,Credit Card,Social Media,251,Churned,1,Churned
7522,2,8118.65,4059.325,Home & Kitchen,Mobile,Debit Card,Email Campaign,95,Churned,1,Churned
7525,1,2191.66,2191.66,Beauty & Personal Care,Mobile,Net Banking,Direct,178,Churned,1,Churned
7526,2,1943.8799999999999,971.9399999999999,Grocery,Desktop,Net Banking,Email Campaign,280,Churned,1,Churned
7533,1,2519.82,2519.82,Toys & Baby,Mobile,Cash on Delivery,Referral,50,Active,0,Medium Risk
7537,1,1045.2,1045.2,Grocery,Mobile,Credit Card,Social Media,122,Churned,1,Churned
7538,1,2329.2,2329.2,Books,Mobile,Net Banking,Referral,85,Active,0,High Risk
7539,1,2625.16,2625.16,Books,Mobile,Net Banking,Referral,155,Churned,1,Churned
7542,4,6380.799999999999,1595.1999999999998,Beauty & Personal Care,Mobile,Cash on Delivery,Direct,19,Active,0,Low Risk
7543,1,780.36,780.36,Grocery,Desktop,UPI,Direct,27,Active,0,Low Risk
7544,2,4950.79,2475.395,Books,Desktop,Debit Card,Direct,173,Churned,1,Churned
7545,1,1232.38,1232.38,Fashion,Mobile,EMI,Referral,195,Churned,1,Churned
7548,1,1145.56,1145.56,Fashion,Desktop,EMI,Email Campaign,47,Active,0,Medium Risk
7549,3,7543.19,2514.3966666666665,Beauty & Personal Care,Mobile,EMI,Paid Ads,144,Churned,1,Churned
7550,1,322.1,322.1,Books,Tablet,UPI,Paid Ads,305,Churned,1,Churned
7553,2,6591.74,3295.87,Beauty & Personal Care,Desktop,Cash on Delivery,Email Campaign,155,Churned,1,Churned
7555,2,4962.84,2481.42,Electronics,Desktop,EMI,Email Campaign,257,Churned,1,Churned
7556,1,1330.44,1330.44,Fashion,Mobile,Debit Card,Paid Ads,316,Churned,1,Churned
7558,1,472.02,472.02,Sports & Fitness,Mobile,Net Banking,Email Campaign,239,Churned,1,Churned
7561,1,1058.06,1058.06,Fashion,Desktop,UPI,Direct,205,Churned,1,Churned
7562,1,3365.24,3365.24,Grocery,Desktop,Net Banking,Referral,166,Churned,1,Churned
7564,2,1842.81,921.405,Beauty & Personal Care,Desktop,Cash on Delivery,Organic Search,67,Active,0,High Risk
7567,1,2793.26,2793.26,Toys & Baby,Desktop,Cash on Delivery,Paid Ads,103,Churned,1,Churned
7568,2,2816.3599999999997,1408.1799999999998,Sports & Fitness,Desktop,Net Banking,Email Campaign,145,Churned,1,Churned
7569,1,79.11,79.11,Sports & Fitness,Mobile,UPI,Organic Search,194,Churned,1,Churned
7571,1,228.42,228.42,Sports & Fitness,Mobile,Cash on Delivery,Referral,187,Churned,1,Churned
7572,1,520.47,520.47,Grocery,Desktop,Debit Card,Email Campaign,281,Churned,1,Churned
7574,2,12451.970000000001,6225.985000000001,Home & Kitchen,Desktop,Debit Card,Organic Search,209,Churned,1,Churned
7576,1,3417.58,3417.58,Books,Desktop,Credit Card,Referral,196,Churned,1,Churned
7578,1,4041.07,4041.07,Home & Kitchen,Mobile,Credit Card,Referral,61,Active,0,High Risk
7580,1,958.78,958.78,Electronics,Desktop,EMI,Email Campaign,184,Churned,1,Churned
7581,1,1665.69,1665.69,Home & Kitchen,Mobile,Cash on Delivery,Direct,165,Churned,1,Churned
7588,1,1161.13,1161.13,Grocery,Desktop,UPI,Referral,342,Churned,1,Churned
7591,1,637.2,637.2,Fashion,Desktop,Credit Card,Direct,42,Active,0,Medium Risk
7599,1,615.53,615.53,Sports & Fitness,Desktop,Net Banking,Paid Ads,16,Active,0,Low Risk
7600,3,6181.150000000001,2060.3833333333337,Books,Mobile,UPI,Direct,17,Active,0,Low Risk
7601,2,1641.98,820.99,Electronics,Desktop,Credit Card,Email Campaign,116,Churned,1,Churned
7603,2,6031.84,3015.92,Books,Mobile,EMI,Referral,73,Active,0,High Risk
7604,2,9822.45,4911.225,Beauty & Personal Care,Mobile,Cash on Delivery,Email Campaign,319,Churned,1,Churned
7606,1,687.39,687.39,Fashion,Mobile,Cash on Delivery,Paid Ads,318,Churned,1,Churned
7608,1,742.16,742.16,Grocery,Desktop,UPI,Social Media,118,Churned,1,Churned
7609,3,9031.48,3010.4933333333333,Books,Mobile,Debit Card,Referral,62,Active,0,High Risk
7611,2,4121.42,2060.71,Grocery,Mobile,Credit Card,Direct,169,Churned,1,Churned
7612,1,1057.77,1057.77,Sports & Fitness,Tablet,Debit Card,Email Campaign,168,Churned,1,Churned
7615,1,3786.18,3786.18,Toys & Baby,Desktop,Debit Card,Organic Search,146,Churned,1,Churned
7616,1,1242.19,1242.19,Grocery,Mobile,Net Banking,Email Campaign,4,Active,0,Low Risk
7618,2,4994.63,2497.315,Fashion,Desktop,Credit Card,Paid Ads,36,Active,0,Medium Risk
7623,2,3319.14,1659.57,Grocery,Desktop,Credit Card,Referral,209,Churned,1,Churned
7624,1,1017.49,1017.49,Toys & Baby,Mobile,EMI,Direct,263,Churned,1,Churned
7628,1,2560.16,2560.16,Books,Mobile,Debit Card,Referral,47,Active,0,Medium Risk
7629,2,3148.19,1574.095,Toys & Baby,Desktop,Cash on Delivery,Email Campaign,29,Active,0,Low Risk
7631,1,3397.02,3397.02,Home & Kitchen,Mobile,UPI,Email Campaign,319,Churned,1,Churned
7633,2,3881.13,1940.565,Books,Desktop,Cash on Delivery,Paid Ads,2,Active,0,Low Risk
7634,1,832.37,832.37,Sports & Fitness,Desktop,EMI,Organic Search,349,Churned,1,Churned
7637,1,1274.51,1274.51,Electronics,Mobile,Net Banking,Social Media,197,Churned,1,Churned
7639,2,5717.47,2858.735,Toys & Baby,Desktop,Credit Card,Paid Ads,28,Active,0,Low Risk
7646,1,4060.86,4060.86,Beauty & Personal Care,Mobile,UPI,Referral,78,Active,0,High Risk
7650,2,3484.2299999999996,1742.1149999999998,Beauty & Personal Care,Desktop,Cash on Delivery,Paid Ads,261,Churned,1,Churned
7652,1,5412.63,5412.63,Home & Kitchen,Mobile,Debit Card,Organic Search,157,Churned,1,Churned
7654,1,1900.16,1900.16,Grocery,Desktop,Credit Card,Organic Search,8,Active,0,Low Risk
7655,1,1386.23,1386.23,Toys & Baby,Mobile,Credit Card,Direct,235,Churned,1,Churned
7657,2,2204.82,1102.41,Electronics,Mobile,Cash on Delivery,Email Campaign,107,Churned,1,Churned
7658,2,5916.89,2958.445,Beauty & Personal Care,Desktop,Debit Card,Direct,196,Churned,1,Churned
7661,1,2009.44,2009.44,Books,Desktop,Cash on Delivery,Organic Search,218,Churned,1,Churned
7662,1,932.44,932.44,Electronics,Desktop,Debit Card,Organic Search,150,Churned,1,Churned
7669,1,1699.0,1699.0,Toys & Baby,Desktop,UPI,Direct,67,Active,0,High Risk
7676,1,1237.41,1237.41,Grocery,Mobile,Net Banking,Social Media,95,Churned,1,Churned
7678,2,2588.72,1294.36,Books,Desktop,Credit Card,Referral,21,Active,0,Low Risk
7680,1,3438.16,3438.16,Toys & Baby,Desktop,Net Banking,Direct,138,Churned,1,Churned
7682,2,3235.21,1617.605,Fashion,Desktop,Credit Card,Email Campaign,24,Active,0,Low Risk
7685,1,1211.11,1211.11,Fashion,Desktop,Net Banking,Direct,84,Active,0,High Risk
7687,1,2343.88,2343.88,Toys & Baby,Desktop,Debit Card,Paid Ads,40,Active,0,Medium Risk
7689,1,1063.08,1063.08,Electronics,Tablet,Credit Card,Direct,319,Churned,1,Churned
7695,1,2888.34,2888.34,Beauty & Personal Care,Desktop,Cash on Delivery,Paid Ads,152,Churned,1,Churned
7696,2,3199.42,1599.71,Beauty & Personal Care,Desktop,Credit Card,Email Campaign,28,Active,0,Low Risk
7697,1,4039.74,4039.74,Beauty & Personal Care,Desktop,Debit Card,Organic Search,251,Churned,1,Churned
7699,1,1435.14,1435.14,Toys & Baby,Desktop,UPI,Social Media,4,Active,0,Low Risk
7701,3,6087.040000000001,2029.0133333333335,Books,Desktop,Net Banking,Referral,2,Active,0,Low Risk
7705,1,854.89,854.89,Electronics,Mobile,Debit Card,Referral,87,Active,0,High Risk
7706,1,481.13,481.13,Electronics,Desktop,Cash on Delivery,Organic Search,134,Churned,1,Churned
7710,1,1412.22,1412.22,Toys & Baby,Mobile,Cash on Delivery,Direct,97,Churned,1,Churned
7711,2,3607.44,1803.72,Books,Desktop,Debit Card,Direct,194,Churned,1,Churned
7712,1,1781.16,1781.16,Electronics,Desktop,Net Banking,Direct,202,Churned,1,Churned
7714,2,7014.92,3507.46,Books,Desktop,Credit Card,Paid Ads,230,Churned,1,Churned
7715,2,3705.77,1852.885,Beauty & Personal Care,Desktop,Debit Card,Direct,196,Churned,1,Churned
7719,3,2515.23,838.41,Books,Mobile,EMI,Organic Search,156,Churned,1,Churned
7724,2,1876.54,938.27,Electronics,Desktop,Credit Card,Organic Search,17,Active,0,Low Risk
7725,1,4667.68,4667.68,Books,Desktop,EMI,Social Media,18,Active,0,Low Risk
7726,1,4252.35,4252.35,Beauty & Personal Care,Desktop,EMI,Direct,276,Churned,1,Churned
7727,1,277.07,277.07,Sports & Fitness,Mobile,Credit Card,Direct,258,Churned,1,Churned
7729,1,936.15,936.15,Grocery,Desktop,Net Banking,Direct,52,Active,0,Medium Risk
7731,1,3664.64,3664.64,Books,Mobile,UPI,Organic Search,55,Active,0,Medium Risk
7734,1,4079.31,4079.31,Toys & Baby,Mobile,Debit Card,Organic Search,171,Churned,1,Churned
7736,2,3416.85,1708.425,Beauty & Personal Care,Desktop,Debit Card,Referral,104,Churned,1,Churned
7737,1,347.17,347.17,Sports & Fitness,Tablet,Net Banking,Direct,337,Churned,1,Churned
7740,1,3216.07,3216.07,Toys & Baby,Desktop,Debit Card,Direct,162,Churned,1,Churned
7741,2,4098.42,2049.21,Beauty & Personal Care,Desktop,Credit Card,Direct,272,Churned,1,Churned
7744,4,11728.23,2932.0575,Beauty & Personal Care,Mobile,EMI,Email Campaign,73,Active,0,High Risk
7751,1,4220.6,4220.6,Beauty & Personal Care,Desktop,Net Banking,Social Media,362,Churned,1,Churned
7753,1,242.85,242.85,Sports & Fitness,Mobile,Debit Card,Direct,233,Churned,1,Churned
7755,2,899.0699999999999,449.53499999999997,Fashion,Desktop,Cash on Delivery,Email Campaign,101,Churned,1,Churned
7756,1,381.48,381.48,Books,Mobile,Credit Card,Paid Ads,257,Churned,1,Churned
7759,2,9361.09,4680.545,Grocery,Desktop,Credit Card,Organic Search,49,Active,0,Medium Risk
7761,1,2510.24,2510.24,Electronics,Desktop,Credit Card,Social Media,119,Churned,1,Churned
7762,1,3646.88,3646.88,Home & Kitchen,Mobile,Cash on Delivery,Social Media,338,Churned,1,Churned
7765,1,2573.94,2573.94,Books,Desktop,Credit Card,Organic Search,23,Active,0,Low Risk
7766,1,6717.64,6717.64,Books,Mobile,Debit Card,Organic Search,190,Churned,1,Churned
7767,1,1987.18,1987.18,Beauty & Personal Care,Desktop,EMI,Email Campaign,306,Churned,1,Churned
7768,1,2382.05,2382.05,Electronics,Mobile,Debit Card,Social Media,5,Active,0,Low Risk
7772,1,190.58,190.58,Sports & Fitness,Desktop,Debit Card,Paid Ads,217,Churned,1,Churned
7773,1,1278.8,1278.8,Toys & Baby,Desktop,Net Banking,Social Media,51,Active,0,Medium Risk
7774,1,256.13,256.13,Electronics,Desktop,EMI,Direct,286,Churned,1,Churned
7776,2,2097.81,1048.905,Grocery,Mobile,EMI,Direct,103,Churned,1,Churned
7777,2,1812.9,906.45,Fashion,Desktop,Cash on Delivery,Organic Search,85,Active,0,High Risk
7778,1,2742.1,2742.1,Toys & Baby,Desktop,Net Banking,Social Media,313,Churned,1,Churned
7781,1,3366.72,3366.72,Grocery,Desktop,Debit Card,Organic Search,326,Churned,1,Churned
7787,3,5321.52,1773.8400000000001,Books,Desktop,Credit Card,Direct,22,Active,0,Low Risk
7789,1,3516.52,3516.52,Beauty & Personal Care,Desktop,UPI,Referral,208,Churned,1,Churned
7790,1,1823.39,1823.39,Toys & Baby,Mobile,Credit Card,Email Campaign,168,Churned,1,Churned
7795,1,754.06,754.06,Home & Kitchen,Mobile,EMI,Paid Ads,215,Churned,1,Churned
7796,1,2433.42,2433.42,Toys & Baby,Mobile,EMI,Social Media,184,Churned,1,Churned
7797,1,3118.0,3118.0,Fashion,Mobile,Cash on Delivery,Organic Search,92,Churned,1,Churned
7799,1,4404.24,4404.24,Grocery,Mobile,EMI,Social Media,324,Churned,1,Churned
7800,1,2582.55,2582.55,Grocery,Tablet,Credit Card,Social Media,242,Churned,1,Churned
7801,1,3719.24,3719.24,Home & Kitchen,Tablet,UPI,Referral,132,Churned,1,Churned
7802,1,102.31,102.31,Fashion,Mobile,EMI,Social Media,286,Churned,1,Churned
7804,1,3025.68,3025.68,Electronics,Desktop,Net Banking,Email Campaign,331,Churned,1,Churned
7805,1,4663.52,4663.52,Toys & Baby,Desktop,Debit Card,Social Media,59,Active,0,Medium Risk
7807,3,2204.38,734.7933333333334,Fashion,Desktop,Cash on Delivery,Email Campaign,15,Active,0,Low Risk
7811,2,2831.05,1415.525,Electronics,Desktop,Cash on Delivery,Social Media,311,Churned,1,Churned
7812,1,1076.07,1076.07,Beauty & Personal Care,Desktop,EMI,Organic Search,179,Churned,1,Churned
7817,1,598.42,598.42,Fashion,Tablet,Credit Card,Organic Search,319,Churned,1,Churned
7819,1,433.68,433.68,Fashion,Desktop,Credit Card,Email Campaign,138,Churned,1,Churned
7823,2,1525.49,762.745,Grocery,Desktop,Credit Card,Direct,178,Churned,1,Churned
7827,1,511.66,511.66,Electronics,Desktop,Credit Card,Paid Ads,229,Churned,1,Churned
7830,1,1536.27,1536.27,Home & Kitchen,Desktop,Debit Card,Paid Ads,71,Active,0,High Risk
7831,1,7463.4,7463.4,Toys & Baby,Desktop,EMI,Social Media,350,Churned,1,Churned
7832,1,608.66,608.66,Toys & Baby,Mobile,UPI,Paid Ads,126,Churned,1,Churned
7833,1,5630.64,5630.64,Toys & Baby,Desktop,Debit Card,Referral,212,Churned,1,Churned
7834,2,4587.71,2293.855,Books,Desktop,Cash on Delivery,Email Campaign,152,Churned,1,Churned
7836,2,1008.52,504.26,Electronics,Desktop,Cash on Delivery,Direct,257,Churned,1,Churned
7839,3,7898.07,2632.69,Beauty & Personal Care,Desktop,EMI,Email Campaign,21,Active,0,Low Risk
7841,1,1789.42,1789.42,Grocery,Desktop,Debit Card,Direct,98,Churned,1,Churned
7842,2,2210.49,1105.245,Electronics,Desktop,Cash on Delivery,Organic Search,258,Churned,1,Churned
7843,1,210.0,210.0,Sports & Fitness,Mobile,EMI,Paid Ads,342,Churned,1,Churned
7846,1,678.63,678.63,Electronics,Mobile,UPI,Email Campaign,253,Churned,1,Churned
7847,1,1277.49,1277.49,Beauty & Personal Care,Mobile,Cash on Delivery,Social Media,208,Churned,1,Churned
7850,2,6450.37,3225.185,Grocery,Desktop,Debit Card,Organic Search,139,Churned,1,Churned
7852,2,2348.2799999999997,1174.1399999999999,Beauty & Personal Care,Mobile,Cash on Delivery,Direct,276,Churned,1,Churned
7853,1,1625.18,1625.18,Toys & Baby,Desktop,Debit Card,Referral,12,Active,0,Low Risk
7856,1,531.08,531.08,Sports & Fitness,Mobile,Debit Card,Social Media,1,Active,0,Low Risk
7857,1,1434.34,1434.34,Books,Desktop,EMI,Email Campaign,150,Churned,1,Churned
7858,1,642.33,642.33,Fashion,Desktop,EMI,Social Media,294,Churned,1,Churned
7859,2,1731.69,865.845,Books,Desktop,Credit Card,Organic Search,91,Churned,1,Churned
7862,1,2408.32,2408.32,Beauty & Personal Care,Tablet,UPI,Organic Search,54,Active,0,Medium Risk
7865,1,1860.9,1860.9,Beauty & Personal Care,Desktop,EMI,Paid Ads,80,Active,0,High Risk
7867,3,7183.530000000001,2394.51,Electronics,Mobile,Net Banking,Direct,12,Active,0,Low Risk
7868,1,1576.94,1576.94,Grocery,Mobile,EMI,Direct,131,Churned,1,Churned
7869,1,3178.95,3178.95,Books,Mobile,Debit Card,Social Media,343,Churned,1,Churned
7870,1,2994.15,2994.15,Electronics,Desktop,UPI,Email Campaign,337,Churned,1,Churned
7871,1,567.78,567.78,Fashion,Desktop,Credit Card,Direct,37,Active,0,Medium Risk
7874,2,6848.200000000001,3424.1000000000004,Toys & Baby,Desktop,Credit Card,Referral,310,Churned,1,Churned
7875,1,754.02,754.02,Electronics,Mobile,Debit Card,Organic Search,137,Churned,1,Churned
7877,1,1653.03,1653.03,Grocery,Tablet,EMI,Social Media,41,Active,0,Medium Risk
7878,1,4759.17,4759.17,Toys & Baby,Mobile,Credit Card,Referral,286,Churned,1,Churned
7881,2,4655.64,2327.82,Home & Kitchen,Mobile,Cash on Delivery,Paid Ads,282,Churned,1,Churned
7882,3,10689.26,3563.0866666666666,Books,Mobile,Cash on Delivery,Referral,140,Churned,1,Churned
7887,1,438.16,438.16,Grocery,Desktop,Credit Card,Organic Search,231,Churned,1,Churned
7891,1,939.78,939.78,Electronics,Desktop,Credit Card,Email Campaign,152,Churned,1,Churned
7892,2,2973.26,1486.63,Books,Desktop,Credit Card,Direct,249,Churned,1,Churned
7895,1,1635.1,1635.1,Books,Desktop,Credit Card,Social Media,161,Churned,1,Churned
7897,1,1077.54,1077.54,Electronics,Desktop,Credit Card,Email Campaign,362,Churned,1,Churned
7899,1,5196.12,5196.12,Toys & Baby,Mobile,EMI,Social Media,276,Churned,1,Churned
7900,1,3077.31,3077.31,Toys & Baby,Mobile,Net Banking,Paid Ads,150,Churned,1,Churned
7905,1,1510.92,1510.92,Sports & Fitness,Desktop,Debit Card,Email Campaign,129,Churned,1,Churned
7909,2,8588.0,4294.0,Fashion,Mobile,Credit Card,Direct,19,Active,0,Low Risk
7915,1,970.56,970.56,Beauty & Personal Care,Mobile,Cash on Delivery,Paid Ads,241,Churned,1,Churned
7917,2,2538.21,1269.105,Books,Mobile,Cash on Delivery,Organic Search,186,Churned,1,Churned
7919,1,2318.88,2318.88,Electronics,Desktop,EMI,Email Campaign,234,Churned,1,Churned
7920,1,1129.34,1129.34,Beauty & Personal Care,Desktop,Net Banking,Referral,229,Churned,1,Churned
7922,2,2403.31,1201.655,Electronics,Desktop,Debit Card,Organic Search,139,Churned,1,Churned
7923,3,6941.27,2313.7566666666667,Electronics,Mobile,Debit Card,Email Campaign,146,Churned,1,Churned
7927,3,4852.77,1617.5900000000001,Beauty & Personal Care,Desktop,Credit Card,Direct,23,Active,0,Low Risk
7928,1,3433.2,3433.2,Grocery,Mobile,UPI,Email Campaign,26,Active,0,Low Risk
7929,1,1554.11,1554.11,Home & Kitchen,Mobile,EMI,Social Media,184,Churned,1,Churned
7930,1,183.63,183.63,Grocery,Tablet,Cash on Delivery,Direct,279,Churned,1,Churned
7931,1,2528.24,2528.24,Books,Desktop,Cash on Delivery,Paid Ads,68,Active,0,High Risk
7934,1,1042.21,1042.21,Sports & Fitness,Mobile,UPI,Referral,75,Active,0,High Risk
7936,1,732.52,732.52,Toys & Baby,Desktop,Net Banking,Referral,26,Active,0,Low Risk
7938,1,2135.09,2135.09,Home & Kitchen,Mobile,Net Banking,Social Media,137,Churned,1,Churned
7940,1,3299.52,3299.52,Home & Kitchen,Desktop,UPI,Email Campaign,25,Active,0,Low Risk
7943,3,4124.2,1374.7333333333333,Fashion,Desktop,EMI,Paid Ads,214,Churned,1,Churned
7945,1,680.4,680.4,Electronics,Desktop,Cash on Delivery,Email Campaign,185,Churned,1,Churned
7946,3,2729.7799999999997,909.9266666666666,Grocery,Desktop,EMI,Email Campaign,9,Active,0,Low Risk
7947,2,6286.3099999999995,3143.1549999999997,Electronics,Desktop,Cash on Delivery,Organic Search,138,Churned,1,Churned
7949,2,4683.13,2341.565,Beauty & Personal Care,Desktop,Credit Card,Direct,101,Churned,1,Churned
7950,1,4472.26,4472.26,Toys & Baby,Tablet,Credit Card,Organic Search,236,Churned,1,Churned
7953,1,4467.16,4467.16,Books,Desktop,UPI,Referral,316,Churned,1,Churned
7954,1,1396.65,1396.65,Sports & Fitness,Desktop,Cash on Delivery,Referral,252,Churned,1,Churned
7958,1,2295.92,2295.92,Home & Kitchen,Mobile,Cash on Delivery,Email Campaign,26,Active,0,Low Risk
7959,1,481.52,481.52,Sports & Fitness,Desktop,Cash on Delivery,Organic Search,293,Churned,1,Churned
7961,4,7820.57,1955.1425,Electronics,Desktop,Credit Card,Organic Search,121,Churned,1,Churned
7962,1,866.79,866.79,Sports & Fitness,Mobile,Net Banking,Email Campaign,229,Churned,1,Churned
7963,2,9165.64,4582.82,Books,Desktop,EMI,Direct,238,Churned,1,Churned
7964,2,1906.0500000000002,953.0250000000001,Electronics,Mobile,Credit Card,Direct,162,Churned,1,Churned
7967,1,2239.58,2239.58,Books,Mobile,Net Banking,Email Campaign,193,Churned,1,Churned
7968,1,1829.14,1829.14,Electronics,Desktop,Cash on Delivery,Organic Search,75,Active,0,High Risk
7969,1,2308.38,2308.38,Fashion,Desktop,Cash on Delivery,Referral,254,Churned,1,Churned
7970,2,8419.46,4209.73,Books,Desktop,Debit Card,Paid Ads,298,Churned,1,Churned
7976,1,3931.05,3931.05,Books,Desktop,UPI,Referral,111,Churned,1,Churned
7977,1,294.93,294.93,Sports & Fitness,Mobile,Credit Card,Email Campaign,240,Churned,1,Churned
7979,1,1203.17,1203.17,Grocery,Desktop,Net Banking,Referral,133,Churned,1,Churned
7980,1,3475.52,3475.52,Home & Kitchen,Desktop,UPI,Direct,82,Active,0,High Risk
7981,2,1536.51,768.255,Beauty & Personal Care,Desktop,Credit Card,Direct,132,Churned,1,Churned
7983,1,1115.12,1115.12,Beauty & Personal Care,Desktop,Cash on Delivery,Referral,141,Churned,1,Churned
7984,1,746.06,746.06,Sports & Fitness,Desktop,EMI,Referral,359,Churned,1,Churned
7986,3,9308.619999999999,3102.873333333333,Home & Kitchen,Desktop,Cash on Delivery,Direct,183,Churned,1,Churned
7991,1,768.33,768.33,Electronics,Desktop,Debit Card,Organic Search,55,Active,0,Medium Risk
8000,3,7130.549999999999,2376.85,Beauty & Personal Care,Desktop,EMI,Direct,134,Churned,1,Churned
8001,2,2776.42,1388.21,Electronics,Desktop,Credit Card,Direct,136,Churned,1,Churned
8004,1,858.02,858.02,Grocery,Desktop,Cash on Delivery,Organic Search,14,Active,0,Low Risk
8006,2,2218.42,1109.21,Grocery,Mobile,Cash on Delivery,Direct,100,Churned,1,Churned
8007,1,1350.69,1350.69,Grocery,Mobile,Cash on Delivery,Social Media,272,Churned,1,Churned
8011,1,524.31,524.31,Sports & Fitness,Mobile,Debit Card,Email Campaign,325,Churned,1,Churned
8012,1,4163.64,4163.64,Home & Kitchen,Mobile,Cash on Delivery,Social Media,94,Churned,1,Churned
8013,2,1969.25,984.625,Electronics,Mobile,Cash on Delivery,Direct,114,Churned,1,Churned
8015,2,1324.69,662.345,Fashion,Desktop,EMI,Direct,58,Active,0,Medium Risk
8017,1,1676.36,1676.36,Grocery,Mobile,Cash on Delivery,Organic Search,188,Churned,1,Churned
8018,1,1257.07,1257.07,Toys & Baby,Desktop,Cash on Delivery,Referral,108,Churned,1,Churned
8020,1,723.1,723.1,Electronics,Desktop,Cash on Delivery,Direct,328,Churned,1,Churned
8021,1,179.97,179.97,Sports & Fitness,Desktop,Credit Card,Social Media,148,Churned,1,Churned
8023,2,5623.85,2811.925,Beauty & Personal Care,Desktop,EMI,Direct,239,Churned,1,Churned
8024,1,660.96,660.96,Sports & Fitness,Desktop,UPI,Direct,195,Churned,1,Churned
8025,1,570.85,570.85,Toys & Baby,Mobile,UPI,Direct,216,Churned,1,Churned
8026,1,3906.7,3906.7,Beauty & Personal Care,Desktop,UPI,Social Media,336,Churned,1,Churned
8028,2,5580.9,2790.45,Books,Mobile,Debit Card,Email Campaign,168,Churned,1,Churned
8029,1,1642.91,1642.91,Electronics,Mobile,Cash on Delivery,Referral,232,Churned,1,Churned
8032,2,5992.95,2996.475,Books,Desktop,EMI,Referral,48,Active,0,Medium Risk
8034,1,2815.04,2815.04,Fashion,Desktop,UPI,Direct,117,Churned,1,Churned
8035,2,4250.4,2125.2,Fashion,Desktop,Debit Card,Organic Search,82,Active,0,High Risk
8037,2,4587.35,2293.675,Books,Desktop,Credit Card,Social Media,153,Churned,1,Churned
8038,1,976.61,976.61,Toys & Baby,Mobile,UPI,Paid Ads,30,Active,0,Low Risk
8043,1,1128.24,1128.24,Grocery,Desktop,Cash on Delivery,Email Campaign,46,Active,0,Medium Risk
8046,1,7524.36,7524.36,Home & Kitchen,Tablet,Debit Card,Social Media,20,Active,0,Low Risk
8047,1,497.81,497.81,Grocery,Desktop,Net Banking,Direct,260,Churned,1,Churned
8048,1,1498.6,1498.6,Home & Kitchen,Mobile,Credit Card,Email Campaign,227,Churned,1,Churned
8049,2,2652.58,1326.29,Fashion,Mobile,Net Banking,Organic Search,72,Active,0,High Risk
8051,3,3749.42,1249.8066666666666,Books,Desktop,Credit Card,Paid Ads,196,Churned,1,Churned
8054,1,5136.36,5136.36,Toys & Baby,Desktop,Debit Card,Social Media,194,Churned,1,Churned
8057,1,1342.96,1342.96,Grocery,Mobile,Credit Card,Social Media,282,Churned,1,Churned
8058,1,2755.16,2755.16,Books,Mobile,EMI,Direct,108,Churned,1,Churned
8059,1,346.25,346.25,Books,Desktop,EMI,Direct,111,Churned,1,Churned
8062,1,343.08,343.08,Sports & Fitness,Mobile,Cash on Delivery,Email Campaign,173,Churned,1,Churned
8064,1,2374.28,2374.28,Fashion,Tablet,Debit Card,Paid Ads,86,Active,0,High Risk
8066,2,2040.3500000000001,1020.1750000000001,Electronics,Desktop,Credit Card,Organic Search,110,Churned,1,Churned
8067,1,473.21,473.21,Sports & Fitness,Mobile,Net Banking,Email Campaign,160,Churned,1,Churned
8072,1,2643.48,2643.48,Electronics,Mobile,UPI,Organic Search,98,Churned,1,Churned
8073,1,1453.04,1453.04,Books,Tablet,Net Banking,Organic Search,43,Active,0,Medium Risk
8076,1,2536.72,2536.72,Books,Desktop,UPI,Paid Ads,2,Active,0,Low Risk
8077,1,1175.29,1175.29,Beauty & Personal Care,Desktop,Credit Card,Paid Ads,122,Churned,1,Churned
8078,2,10990.96,5495.48,Books,Desktop,Cash on Delivery,Referral,42,Active,0,Medium Risk
8079,3,2927.23,975.7433333333333,Beauty & Personal Care,Mobile,Cash on Delivery,Email Campaign,303,Churned,1,Churned
8080,3,4035.71,1345.2366666666667,Books,Mobile,Cash on Delivery,Paid Ads,100,Churned,1,Churned
8081,2,1068.72,534.36,Beauty & Personal Care,Desktop,Debit Card,Email Campaign,136,Churned,1,Churned
8082,1,2501.2,2501.2,Home & Kitchen,Desktop,EMI,Direct,363,Churned,1,Churned
8084,1,3994.6,3994.6,Electronics,Desktop,Cash on Delivery,Social Media,72,Active,0,High Risk
8085,2,9065.48,4532.74,Home & Kitchen,Desktop,EMI,Email Campaign,174,Churned,1,Churned
8087,1,6735.0,6735.0,Books,Mobile,Debit Card,Social Media,300,Churned,1,Churned
8088,1,2549.44,2549.44,Books,Mobile,UPI,Social Media,349,Churned,1,Churned
8089,2,849.45,424.725,Electronics,Desktop,Credit Card,Email Campaign,244,Churned,1,Churned
8090,1,3257.98,3257.98,Beauty & Personal Care,Mobile,EMI,Paid Ads,256,Churned,1,Churned
8095,1,285.3,285.3,Books,Desktop,UPI,Direct,184,Churned,1,Churned
8101,1,1016.62,1016.62,Home & Kitchen,Mobile,EMI,Referral,219,Churned,1,Churned
8108,1,467.03,467.03,Toys & Baby,Mobile,UPI,Referral,17,Active,0,Low Risk
8111,1,1489.64,1489.64,Fashion,Desktop,Net Banking,Social Media,110,Churned,1,Churned
8112,1,2903.94,2903.94,Electronics,Tablet,UPI,Organic Search,206,Churned,1,Churned
8113,2,2766.07,1383.035,Beauty & Personal Care,Desktop,Credit Card,Direct,199,Churned,1,Churned
8114,1,1373.38,1373.38,Toys & Baby,Desktop,Cash on Delivery,Paid Ads,234,Churned,1,Churned
8115,1,6333.5,6333.5,Books,Mobile,Credit Card,Organic Search,317,Churned,1,Churned
8118,1,863.1,863.1,Sports & Fitness,Mobile,Net Banking,Social Media,69,Active,0,High Risk
8124,1,1617.56,1617.56,Toys & Baby,Desktop,Debit Card,Direct,20,Active,0,Low Risk
8125,1,337.34,337.34,Electronics,Mobile,Credit Card,Referral,336,Churned,1,Churned
8129,1,4614.6,4614.6,Toys & Baby,Tablet,Debit Card,Direct,236,Churned,1,Churned
8130,2,1930.8999999999999,965.4499999999999,Home & Kitchen,Desktop,EMI,Organic Search,318,Churned,1,Churned
8131,1,1220.33,1220.33,Books,Desktop,Debit Card,Organic Search,275,Churned,1,Churned
8132,1,433.2,433.2,Sports & Fitness,Mobile,Credit Card,Organic Search,88,Active,0,High Risk
8133,1,2994.62,2994.62,Toys & Baby,Desktop,EMI,Organic Search,62,Active,0,High Risk
8136,1,5074.32,5074.32,Books,Desktop,Net Banking,Direct,73,Active,0,High Risk
8141,1,774.12,774.12,Sports & Fitness,Mobile,UPI,Referral,65,Active,0,High Risk
8147,1,3398.84,3398.84,Books,Desktop,EMI,Paid Ads,101,Churned,1,Churned
8148,1,1061.45,1061.45,Electronics,Desktop,Credit Card,Direct,19,Active,0,Low Risk
8151,1,3365.22,3365.22,Grocery,Mobile,UPI,Email Campaign,186,Churned,1,Churned
8152,1,158.47,158.47,Sports & Fitness,Mobile,Credit Card,Social Media,285,Churned,1,Churned
8153,1,472.34,472.34,Fashion,Desktop,Cash on Delivery,Social Media,80,Active,0,High Risk
8154,1,780.49,780.49,Sports & Fitness,Mobile,Cash on Delivery,Referral,183,Churned,1,Churned
8158,1,1891.73,1891.73,Home & Kitchen,Desktop,Credit Card,Email Campaign,291,Churned,1,Churned
8159,1,531.01,531.01,Books,Desktop,Debit Card,Referral,346,Churned,1,Churned
8160,3,2902.92,967.64,Books,Mobile,Credit Card,Email Campaign,135,Churned,1,Churned
8161,3,2982.8999999999996,994.2999999999998,Books,Desktop,Net Banking,Email Campaign,121,Churned,1,Churned
8162,2,2871.3199999999997,1435.6599999999999,Electronics,Desktop,Credit Card,Direct,84,Active,0,High Risk
8163,1,2861.35,2861.35,Home & Kitchen,Mobile,UPI,Paid Ads,210,Churned,1,Churned
8166,1,3468.5,3468.5,Home & Kitchen,Desktop,Credit Card,Organic Search,107,Churned,1,Churned
8167,1,2077.19,2077.19,Beauty & Personal Care,Desktop,EMI,Referral,207,Churned,1,Churned
8169,1,690.6,690.6,Grocery,Desktop,Net Banking,Social Media,3,Active,0,Low Risk
8174,1,2136.93,2136.93,Electronics,Tablet,Credit Card,Organic Search,17,Active,0,Low Risk
8175,1,871.73,871.73,Toys & Baby,Mobile,UPI,Direct,220,Churned,1,Churned
8176,2,4394.09,2197.045,Beauty & Personal Care,Desktop,Debit Card,Direct,83,Active,0,High Risk
8181,2,1670.94,835.47,Grocery,Desktop,Debit Card,Direct,199,Churned,1,Churned
8182,1,1131.14,1131.14,Sports & Fitness,Desktop,Cash on Delivery,Organic Search,16,Active,0,Low Risk
8184,1,3504.28,3504.28,Toys & Baby,Desktop,Debit Card,Organic Search,114,Churned,1,Churned
8185,1,1032.75,1032.75,Sports & Fitness,Mobile,Credit Card,Referral,20,Active,0,Low Risk
8188,1,347.82,347.82,Sports & Fitness,Desktop,Net Banking,Email Campaign,167,Churned,1,Churned
8191,1,800.07,800.07,Fashion,Mobile,Net Banking,Direct,335,Churned,1,Churned
8192,2,2929.4399999999996,1464.7199999999998,Toys & Baby,Desktop,Credit Card,Paid Ads,158,Churned,1,Churned
8193,1,2563.56,2563.56,Fashion,Desktop,Credit Card,Direct,206,Churned,1,Churned
8194,1,2524.81,2524.81,Electronics,Mobile,Cash on Delivery,Direct,151,Churned,1,Churned
8198,1,473.9,473.9,Electronics,Mobile,Cash on Delivery,Direct,155,Churned,1,Churned
8199,1,536.47,536.47,Sports & Fitness,Mobile,Cash on Delivery,Organic Search,232,Churned,1,Churned
8200,1,891.44,891.44,Sports & Fitness,Desktop,Net Banking,Paid Ads,237,Churned,1,Churned
8201,1,4065.7,4065.7,Home & Kitchen,Desktop,Net Banking,Paid Ads,248,Churned,1,Churned
8202,2,2980.89,1490.445,Books,Desktop,Cash on Delivery,Paid Ads,252,Churned,1,Churned
8203,1,727.13,727.13,Beauty & Personal Care,Desktop,Debit Card,Email Campaign,197,Churned,1,Churned
8204,2,2233.63,1116.815,Electronics,Desktop,Debit Card,Email Campaign,198,Churned,1,Churned
8205,1,1170.69,1170.69,Home & Kitchen,Mobile,UPI,Referral,59,Active,0,Medium Risk
8208,1,3471.06,3471.06,Toys & Baby,Tablet,EMI,Referral,43,Active,0,Medium Risk
8209,3,1909.0900000000001,636.3633333333333,Beauty & Personal Care,Mobile,Cash on Delivery,Email Campaign,13,Active,0,Low Risk
8211,1,1905.14,1905.14,Toys & Baby,Desktop,UPI,Referral,88,Active,0,High Risk
8212,1,621.0,621.0,Fashion,Mobile,Credit Card,Organic Search,147,Churned,1,Churned
8214,1,181.72,181.72,Sports & Fitness,Mobile,Cash on Delivery,Referral,176,Churned,1,Churned
8215,3,4527.92,1509.3066666666666,Fashion,Desktop,Credit Card,Email Campaign,24,Active,0,Low Risk
8216,1,1230.89,1230.89,Electronics,Desktop,UPI,Paid Ads,213,Churned,1,Churned
8217,1,3961.96,3961.96,Home & Kitchen,Mobile,EMI,Direct,348,Churned,1,Churned
8221,1,754.82,754.82,Grocery,Desktop,UPI,Organic Search,189,Churned,1,Churned
8224,1,2133.32,2133.32,Electronics,Mobile,EMI,Referral,287,Churned,1,Churned
8225,1,789.93,789.93,Electronics,Desktop,Credit Card,Email Campaign,226,Churned,1,Churned
8232,1,1348.53,1348.53,Home & Kitchen,Mobile,Cash on Delivery,Paid Ads,70,Active,0,High Risk
8234,1,178.82,178.82,Fashion,Mobile,Credit Card,Paid Ads,274,Churned,1,Churned
8240,2,2746.0600000000004,1373.0300000000002,Books,Desktop,Cash on Delivery,Direct,30,Active,0,Low Risk
8241,3,5663.889999999999,1887.9633333333331,Fashion,Desktop,Debit Card,Direct,93,Churned,1,Churned
8242,1,251.78,251.78,Sports & Fitness,Desktop,Debit Card,Email Campaign,182,Churned,1,Churned
8244,1,3905.96,3905.96,Books,Tablet,Cash on Delivery,Paid Ads,313,Churned,1,Churned
8251,1,105.49,105.49,Sports & Fitness,Mobile,Net Banking,Direct,294,Churned,1,Churned
8255,1,1519.63,1519.63,Electronics,Desktop,Net Banking,Referral,337,Churned,1,Churned
8260,1,5959.84,5959.84,Toys & Baby,Mobile,Credit Card,Paid Ads,86,Active,0,High Risk
8262,1,4317.9,4317.9,Toys & Baby,Mobile,Credit Card,Direct,288,Churned,1,Churned
8264,1,968.33,968.33,Toys & Baby,Tablet,UPI,Referral,189,Churned,1,Churned
8266,1,3312.18,3312.18,Grocery,Mobile,Credit Card,Organic Search,24,Active,0,Low Risk
8269,2,1975.36,987.68,Sports & Fitness,Desktop,EMI,Direct,171,Churned,1,Churned
8270,1,3130.19,3130.19,Home & Kitchen,Mobile,Cash on Delivery,Referral,217,Churned,1,Churned
8271,1,768.22,768.22,Books,Desktop,Net Banking,Paid Ads,188,Churned,1,Churned
8274,2,7555.72,3777.86,Beauty & Personal Care,Desktop,Credit Card,Referral,39,Active,0,Medium Risk
8277,1,294.08,294.08,Fashion,Desktop,Cash on Delivery,Direct,319,Churned,1,Churned
8279,2,4420.7300000000005,2210.3650000000002,Books,Desktop,Cash on Delivery,Organic Search,148,Churned,1,Churned
8280,1,181.58,181.58,Sports & Fitness,Desktop,EMI,Social Media,33,Active,0,Medium Risk
8284,1,4197.54,4197.54,Books,Mobile,Cash on Delivery,Social Media,140,Churned,1,Churned
8288,1,1613.82,1613.82,Fashion,Desktop,EMI,Direct,43,Active,0,Medium Risk
8289,2,2183.03,1091.515,Books,Desktop,Debit Card,Paid Ads,22,Active,0,Low Risk
8291,2,1136.8400000000001,568.4200000000001,Fashion,Mobile,Credit Card,Email Campaign,20,Active,0,Low Risk
8293,1,2968.16,2968.16,Electronics,Mobile,Cash on Delivery,Referral,45,Active,0,Medium Risk
8299,1,364.97,364.97,Sports & Fitness,Mobile,UPI,Paid Ads,286,Churned,1,Churned
8301,1,161.23,161.23,Sports & Fitness,Desktop,UPI,Organic Search,359,Churned,1,Churned
8304,1,230.98,230.98,Sports & Fitness,Desktop,Credit Card,Email Campaign,360,Churned,1,Churned
8305,1,455.16,455.16,Toys & Baby,Desktop,UPI,Social Media,211,Churned,1,Churned
8306,2,2189.42,1094.71,Electronics,Desktop,Cash on Delivery,Email Campaign,56,Active,0,Medium Risk
8307,1,1939.05,1939.05,Home & Kitchen,Tablet,EMI,Paid Ads,28,Active,0,Low Risk
8308,1,3630.95,3630.95,Toys & Baby,Desktop,UPI,Referral,97,Churned,1,Churned
8311,2,4807.780000000001,2403.8900000000003,Beauty & Personal Care,Desktop,Debit Card,Direct,47,Active,0,Medium Risk
8314,1,2147.47,2147.47,Home & Kitchen,Desktop,Credit Card,Social Media,72,Active,0,High Risk
8316,1,1579.93,1579.93,Sports & Fitness,Desktop,Cash on Delivery,Organic Search,191,Churned,1,Churned
8320,1,389.97,389.97,Electronics,Desktop,Cash on Delivery,Social Media,158,Churned,1,Churned
8321,1,1230.16,1230.16,Toys & Baby,Tablet,Net Banking,Email Campaign,187,Churned,1,Churned
8324,2,5046.5199999999995,2523.2599999999998,Home & Kitchen,Desktop,EMI,Direct,59,Active,0,Medium Risk
8326,2,7153.35,3576.675,Toys & Baby,Desktop,Cash on Delivery,Email Campaign,108,Churned,1,Churned
8327,3,4247.0599999999995,1415.6866666666665,Electronics,Desktop,Net Banking,Email Campaign,83,Active,0,High Risk
8328,1,745.77,745.77,Fashion,Tablet,Debit Card,Direct,364,Churned,1,Churned
8330,1,2293.24,2293.24,Fashion,Desktop,Cash on Delivery,Organic Search,185,Churned,1,Churned
8331,1,1409.88,1409.88,Toys & Baby,Mobile,UPI,Referral,294,Churned,1,Churned
8332,1,3381.7,3381.7,Beauty & Personal Care,Mobile,Cash on Delivery,Paid Ads,45,Active,0,Medium Risk
8333,1,2551.71,2551.71,Grocery,Desktop,Credit Card,Direct,110,Churned,1,Churned
8337,1,4229.2,4229.2,Books,Mobile,UPI,Direct,92,Churned,1,Churned
8338,1,4820.48,4820.48,Books,Desktop,Credit Card,Email Campaign,162,Churned,1,Churned
8340,2,2735.21,1367.605,Beauty & Personal Care,Tablet,Credit Card,Paid Ads,11,Active,0,Low Risk
8341,3,4810.91,1603.6366666666665,Books,Desktop,EMI,Direct,79,Active,0,High Risk
8345,1,5525.43,5525.43,Home & Kitchen,Desktop,Debit Card,Direct,104,Churned,1,Churned
8346,1,2766.34,2766.34,Grocery,Desktop,EMI,Paid Ads,88,Active,0,High Risk
8347,2,1873.3,936.65,Grocery,Desktop,Credit Card,Direct,74,Active,0,High Risk
8348,1,1433.37,1433.37,Sports & Fitness,Desktop,Net Banking,Referral,217,Churned,1,Churned
8353,1,661.66,661.66,Home & Kitchen,Mobile,UPI,Social Media,170,Churned,1,Churned
8354,1,1709.72,1709.72,Home & Kitchen,Desktop,Cash on Delivery,Direct,27,Active,0,Low Risk
8356,1,500.76,500.76,Fashion,Desktop,Debit Card,Paid Ads,11,Active,0,Low Risk
8359,1,533.12,533.12,Sports & Fitness,Desktop,Net Banking,Social Media,350,Churned,1,Churned
8360,1,1413.61,1413.61,Grocery,Desktop,Credit Card,Organic Search,306,Churned,1,Churned
8361,1,1512.3,1512.3,Home & Kitchen,Desktop,EMI,Paid Ads,200,Churned,1,Churned
8363,3,2826.15,942.0500000000001,Electronics,Desktop,Net Banking,Email Campaign,28,Active,0,Low Risk
8365,1,1254.16,1254.16,Toys & Baby,Mobile,Net Banking,Direct,40,Active,0,Medium Risk
8367,1,445.64,445.64,Sports & Fitness,Desktop,Cash on Delivery,Social Media,308,Churned,1,Churned
8368,1,1494.77,1494.77,Beauty & Personal Care,Mobile,Debit Card,Paid Ads,337,Churned,1,Churned
8369,1,1541.6,1541.6,Beauty & Personal Care,Desktop,UPI,Organic Search,212,Churned,1,Churned
8373,1,4449.76,4449.76,Toys & Baby,Mobile,Net Banking,Paid Ads,212,Churned,1,Churned
8375,1,1009.08,1009.08,Books,Mobile,Net Banking,Organic Search,60,Active,0,Medium Risk
8376,1,3116.76,3116.76,Home & Kitchen,Desktop,EMI,Referral,362,Churned,1,Churned
8377,3,5287.29,1762.43,Books,Mobile,Credit Card,Referral,67,Active,0,High Risk
8379,2,6343.4400000000005,3171.7200000000003,Beauty & Personal Care,Desktop,Cash on Delivery,Direct,17,Active,0,Low Risk
8381,1,3119.76,3119.76,Beauty & Personal Care,Mobile,Net Banking,Email Campaign,356,Churned,1,Churned
8384,1,2970.6,2970.6,Fashion,Desktop,EMI,Social Media,164,Churned,1,Churned
8386,1,1956.24,1956.24,Toys & Baby,Desktop,Debit Card,Direct,92,Churned,1,Churned
8388,1,559.57,559.57,Fashion,Tablet,Cash on Delivery,Social Media,130,Churned,1,Churned
8389,1,172.62,172.62,Sports & Fitness,Desktop,Debit Card,Email Campaign,8,Active,0,Low Risk
8391,1,356.0,356.0,Toys & Baby,Mobile,EMI,Referral,340,Churned,1,Churned
8392,1,849.1,849.1,Fashion,Mobile,Net Banking,Email Campaign,186,Churned,1,Churned
8393,2,2315.84,1157.92,Books,Desktop,Cash on Delivery,Direct,87,Active,0,High Risk
8396,1,2087.94,2087.94,Books,Mobile,Debit Card,Social Media,42,Active,0,Medium Risk
8399,1,5679.92,5679.92,Toys & Baby,Tablet,Credit Card,Email Campaign,365,Churned,1,Churned
8402,1,3047.6,3047.6,Books,Desktop,EMI,Organic Search,234,Churned,1,Churned
8404,1,1205.43,1205.43,Books,Mobile,Credit Card,Paid Ads,36,Active,0,Medium Risk
8406,1,332.05,332.05,Fashion,Tablet,Net Banking,Direct,34,Active,0,Medium Risk
8408,3,2694.22,898.0733333333333,Grocery,Mobile,Credit Card,Direct,13,Active,0,Low Risk
8412,1,644.06,644.06,Beauty & Personal Care,Desktop,EMI,Social Media,65,Active,0,High Risk
8417,1,3586.6,3586.6,Books,Desktop,Cash on Delivery,Direct,34,Active,0,Medium Risk
8418,1,1131.79,1131.79,Fashion,Mobile,Debit Card,Email Campaign,141,Churned,1,Churned
8421,2,7162.7,3581.35,Grocery,Mobile,EMI,Organic Search,254,Churned,1,Churned
8423,1,1148.1,1148.1,Fashion,Tablet,EMI,Paid Ads,209,Churned,1,Churned
8425,1,2831.48,2831.48,Home & Kitchen,Mobile,Net Banking,Referral,308,Churned,1,Churned
8427,1,578.45,578.45,Sports & Fitness,Mobile,Credit Card,Referral,126,Churned,1,Churned
8428,1,3418.56,3418.56,Books,Desktop,Debit Card,Organic Search,84,Active,0,High Risk
8429,1,2268.96,2268.96,Electronics,Tablet,UPI,Social Media,17,Active,0,Low Risk
8430,1,1989.15,1989.15,Fashion,Desktop,Net Banking,Organic Search,196,Churned,1,Churned
8431,1,1156.05,1156.05,Books,Tablet,Debit Card,Referral,71,Active,0,High Risk
8433,2,957.02,478.51,Sports & Fitness,Mobile,Cash on Delivery,Email Campaign,172,Churned,1,Churned
8435,2,8343.869999999999,4171.9349999999995,Grocery,Desktop,Debit Card,Email Campaign,4,Active,0,Low Risk
8437,1,775.08,775.08,Books,Desktop,UPI,Social Media,5,Active,0,Low Risk
8439,1,2060.77,2060.77,Electronics,Desktop,Net Banking,Paid Ads,160,Churned,1,Churned
8442,2,877.52,438.76,Sports & Fitness,Desktop,Net Banking,Direct,56,Active,0,Medium Risk
8445,1,2208.34,2208.34,Books,Mobile,Net Banking,Paid Ads,201,Churned,1,Churned
8446,1,1526.76,1526.76,Books,Desktop,UPI,Paid Ads,208,Churned,1,Churned
8447,1,1223.2,1223.2,Beauty & Personal Care,Mobile,Credit Card,Social Media,353,Churned,1,Churned
8448,1,2907.24,2907.24,Electronics,Desktop,Credit Card,Organic Search,237,Churned,1,Churned
8450,1,1441.74,1441.74,Toys & Baby,Mobile,Credit Card,Organic Search,264,Churned,1,Churned
8452,1,1298.49,1298.49,Beauty & Personal Care,Mobile,Debit Card,Email Campaign,58,Active,0,Medium Risk
8453,2,4193.09,2096.545,Books,Desktop,Cash on Delivery,Paid Ads,44,Active,0,Medium Risk
8454,1,2570.53,2570.53,Books,Mobile,Credit Card,Direct,2,Active,0,Low Risk
8455,1,2611.74,2611.74,Beauty & Personal Care,Tablet,Debit Card,Email Campaign,35,Active,0,Medium Risk
8459,1,256.5,256.5,Sports & Fitness,Desktop,EMI,Referral,24,Active,0,Low Risk
8460,2,1505.1599999999999,752.5799999999999,Electronics,Desktop,Debit Card,Email Campaign,189,Churned,1,Churned
8461,1,2957.64,2957.64,Books,Desktop,Net Banking,Referral,71,Active,0,High Risk
8464,1,2416.21,2416.21,Beauty & Personal Care,Mobile,Credit Card,Referral,43,Active,0,Medium Risk
8465,1,1026.18,1026.18,Toys & Baby,Desktop,Net Banking,Social Media,260,Churned,1,Churned
8476,1,1177.25,1177.25,Electronics,Mobile,Credit Card,Social Media,108,Churned,1,Churned
8477,1,3485.94,3485.94,Home & Kitchen,Tablet,EMI,Referral,102,Churned,1,Churned
8479,1,4037.22,4037.22,Home & Kitchen,Desktop,Debit Card,Organic Search,259,Churned,1,Churned
8481,1,1359.36,1359.36,Grocery,Mobile,Cash on Delivery,Direct,132,Churned,1,Churned
8483,1,1608.1,1608.1,Home & Kitchen,Desktop,EMI,Paid Ads,140,Churned,1,Churned
8487,1,1353.2,1353.2,Books,Mobile,Net Banking,Email Campaign,18,Active,0,Low Risk
8490,1,2438.69,2438.69,Books,Mobile,UPI,Referral,124,Churned,1,Churned
8491,1,641.31,641.31,Electronics,Desktop,Cash on Delivery,Social Media,277,Churned,1,Churned
8498,1,1381.46,1381.46,Home & Kitchen,Desktop,Credit Card,Social Media,108,Churned,1,Churned
8499,2,5686.5,2843.25,Beauty & Personal Care,Desktop,EMI,Email Campaign,70,Active,0,High Risk
8501,3,1883.69,627.8966666666666,Electronics,Desktop,Credit Card,Referral,149,Churned,1,Churned
8503,1,465.46,465.46,Books,Desktop,Debit Card,Organic Search,116,Churned,1,Churned
8505,1,3055.39,3055.39,Toys & Baby,Tablet,UPI,Referral,124,Churned,1,Churned
8507,2,1832.87,916.435,Fashion,Desktop,Net Banking,Organic Search,93,Churned,1,Churned
8509,1,189.03,189.03,Sports & Fitness,Tablet,Credit Card,Email Campaign,111,Churned,1,Churned
8510,1,1105.66,1105.66,Beauty & Personal Care,Mobile,Cash on Delivery,Social Media,316,Churned,1,Churned
8512,1,3782.55,3782.55,Books,Tablet,EMI,Paid Ads,68,Active,0,High Risk
8515,1,3550.8,3550.8,Beauty & Personal Care,Desktop,Debit Card,Direct,123,Churned,1,Churned
8521,1,1906.36,1906.36,Toys & Baby,Desktop,EMI,Referral,341,Churned,1,Churned
8525,1,1629.86,1629.86,Books,Mobile,UPI,Organic Search,4,Active,0,Low Risk
8526,1,1161.24,1161.24,Electronics,Tablet,Debit Card,Email Campaign,27,Active,0,Low Risk
8527,2,1299.31,649.655,Books,Desktop,Credit Card,Email Campaign,98,Churned,1,Churned
8528,1,2383.85,2383.85,Electronics,Desktop,EMI,Direct,52,Active,0,Medium Risk
8529,1,619.92,619.92,Sports & Fitness,Desktop,EMI,Social Media,92,Churned,1,Churned
8531,3,5049.22,1683.0733333333335,Books,Mobile,Cash on Delivery,Direct,109,Churned,1,Churned
8533,1,3440.16,3440.16,Home & Kitchen,Desktop,Credit Card,Paid Ads,263,Churned,1,Churned
8534,1,5044.07,5044.07,Beauty & Personal Care,Desktop,Credit Card,Organic Search,222,Churned,1,Churned
8535,1,3574.05,3574.05,Books,Mobile,Net Banking,Paid Ads,49,Active,0,Medium Risk
8538,1,2521.33,2521.33,Beauty & Personal Care,Desktop,Net Banking,Referral,308,Churned,1,Churned
8541,1,769.54,769.54,Grocery,Desktop,Cash on Delivery,Referral,25,Active,0,Low Risk
8542,1,1311.94,1311.94,Toys & Baby,Tablet,Cash on Delivery,Direct,131,Churned,1,Churned
8545,2,2476.46,1238.23,Home & Kitchen,Desktop,Net Banking,Organic Search,9,Active,0,Low Risk
8546,2,3048.68,1524.34,Home & Kitchen,Mobile,Debit Card,Email Campaign,166,Churned,1,Churned
8547,1,269.49,269.49,Sports & Fitness,Tablet,Net Banking,Organic Search,199,Churned,1,Churned
8552,1,4360.83,4360.83,Home & Kitchen,Mobile,EMI,Referral,50,Active,0,Medium Risk
8553,1,3504.67,3504.67,Toys & Baby,Desktop,Net Banking,Paid Ads,350,Churned,1,Churned
8554,1,1425.75,1425.75,Books,Desktop,Net Banking,Referral,283,Churned,1,Churned
8556,1,317.38,317.38,Electronics,Mobile,Cash on Delivery,Organic Search,233,Churned,1,Churned
8557,1,425.09,425.09,Grocery,Desktop,EMI,Social Media,350,Churned,1,Churned
8558,1,1949.77,1949.77,Home & Kitchen,Desktop,Net Banking,Direct,143,Churned,1,Churned
8562,1,1920.3,1920.3,Toys & Baby,Mobile,Credit Card,Organic Search,153,Churned,1,Churned
8563,2,5281.4,2640.7,Books,Mobile,Cash on Delivery,Organic Search,83,Active,0,High Risk
8567,1,852.8,852.8,Sports & Fitness,Mobile,Cash on Delivery,Referral,351,Churned,1,Churned
8572,1,2339.99,2339.99,Grocery,Desktop,Net Banking,Organic Search,10,Active,0,Low Risk
8573,2,1965.52,982.76,Electronics,Desktop,Debit Card,Paid Ads,69,Active,0,High Risk
8574,1,1228.97,1228.97,Electronics,Mobile,EMI,Paid Ads,330,Churned,1,Churned
8575,1,1024.64,1024.64,Grocery,Desktop,EMI,Referral,252,Churned,1,Churned
8577,1,1363.78,1363.78,Sports & Fitness,Mobile,EMI,Paid Ads,308,Churned,1,Churned
8583,1,725.88,725.88,Sports & Fitness,Mobile,UPI,Direct,99,Churned,1,Churned
8584,2,2063.11,1031.555,Books,Desktop,Credit Card,Email Campaign,58,Active,0,Medium Risk
8585,1,1133.7,1133.7,Beauty & Personal Care,Mobile,Debit Card,Referral,266,Churned,1,Churned
8586,2,4753.72,2376.86,Home & Kitchen,Mobile,Cash on Delivery,Paid Ads,103,Churned,1,Churned
8588,1,429.02,429.02,Beauty & Personal Care,Desktop,EMI,Organic Search,256,Churned,1,Churned
8589,1,222.62,222.62,Sports & Fitness,Desktop,Credit Card,Paid Ads,132,Churned,1,Churned
8593,2,1393.39,696.695,Grocery,Desktop,Credit Card,Email Campaign,189,Churned,1,Churned
8595,1,3399.54,3399.54,Toys & Baby,Tablet,Debit Card,Paid Ads,227,Churned,1,Churned
8596,1,1619.06,1619.06,Books,Desktop,Net Banking,Organic Search,363,Churned,1,Churned
8597,1,3589.02,3589.02,Beauty & Personal Care,Desktop,Credit Card,Social Media,89,Active,0,High Risk
8603,1,5573.31,5573.31,Home & Kitchen,Desktop,Net Banking,Direct,333,Churned,1,Churned
8604,1,2045.2,2045.2,Beauty & Personal Care,Desktop,Cash on Delivery,Organic Search,337,Churned,1,Churned
8605,1,2349.79,2349.79,Toys & Baby,Desktop,Debit Card,Direct,97,Churned,1,Churned
8608,3,11392.83,3797.61,Books,Desktop,Cash on Delivery,Direct,29,Active,0,Low Risk
8609,1,761.8,761.8,Electronics,Mobile,UPI,Social Media,51,Active,0,Medium Risk
8610,1,206.4,206.4,Fashion,Desktop,Debit Card,Social Media,193,Churned,1,Churned
8611,1,5016.35,5016.35,Books,Desktop,UPI,Direct,59,Active,0,Medium Risk
8613,3,4117.28,1372.4266666666665,Grocery,Desktop,UPI,Email Campaign,74,Active,0,High Risk
8614,2,1475.46,737.73,Grocery,Mobile,EMI,Paid Ads,233,Churned,1,Churned
8615,2,2043.3,1021.65,Books,Desktop,Cash on Delivery,Email Campaign,316,Churned,1,Churned
8616,1,402.05,402.05,Electronics,Desktop,Cash on Delivery,Email Campaign,210,Churned,1,Churned
8617,1,633.84,633.84,Beauty & Personal Care,Desktop,Debit Card,Organic Search,327,Churned,1,Churned
8622,1,1243.98,1243.98,Toys & Baby,Desktop,Cash on Delivery,Organic Search,328,Churned,1,Churned
8624,1,1983.42,1983.42,Books,Tablet,UPI,Email Campaign,222,Churned,1,Churned
8625,1,860.52,860.52,Toys & Baby,Mobile,Net Banking,Organic Search,24,Active,0,Low Risk
8628,2,1378.9,689.45,Electronics,Desktop,Cash on Delivery,Direct,119,Churned,1,Churned
8629,2,4782.21,2391.105,Fashion,Desktop,Net Banking,Paid Ads,160,Churned,1,Churned
8630,1,321.92,321.92,Electronics,Mobile,UPI,Paid Ads,33,Active,0,Medium Risk
8632,1,599.67,599.67,Electronics,Mobile,Credit Card,Referral,300,Churned,1,Churned
8633,1,228.21,228.21,Sports & Fitness,Mobile,EMI,Paid Ads,217,Churned,1,Churned
8634,1,3000.21,3000.21,Books,Tablet,Credit Card,Referral,120,Churned,1,Churned
8636,2,3314.53,1657.265,Electronics,Mobile,Cash on Delivery,Email Campaign,126,Churned,1,Churned
8638,1,1292.67,1292.67,Books,Mobile,Credit Card,Organic Search,45,Active,0,Medium Risk
8641,1,293.78,293.78,Electronics,Mobile,Cash on Delivery,Social Media,143,Churned,1,Churned
8642,1,1284.44,1284.44,Electronics,Desktop,Cash on Delivery,Paid Ads,319,Churned,1,Churned
8644,2,3074.87,1537.435,Books,Desktop,Net Banking,Direct,245,Churned,1,Churned
8646,1,3080.44,3080.44,Books,Desktop,Cash on Delivery,Referral,25,Active,0,Low Risk
8648,1,3620.26,3620.26,Toys & Baby,Desktop,Net Banking,Direct,66,Active,0,High Risk
8650,1,1225.52,1225.52,Sports & Fitness,Mobile,UPI,Referral,118,Churned,1,Churned
8651,2,6519.0599999999995,3259.5299999999997,Electronics,Desktop,Net Banking,Email Campaign,167,Churned,1,Churned
8653,3,3744.0,1248.0,Books,Desktop,Debit Card,Email Campaign,200,Churned,1,Churned
8654,1,247.18,247.18,Sports & Fitness,Tablet,UPI,Email Campaign,340,Churned,1,Churned
8655,1,773.69,773.69,Fashion,Tablet,Cash on Delivery,Social Media,284,Churned,1,Churned
8659,1,1051.56,1051.56,Sports & Fitness,Mobile,EMI,Email Campaign,319,Churned,1,Churned
8660,1,303.18,303.18,Sports & Fitness,Tablet,UPI,Referral,245,Churned,1,Churned
8664,1,1122.73,1122.73,Books,Desktop,UPI,Organic Search,161,Churned,1,Churned
8667,2,687.1899999999999,343.59499999999997,Electronics,Desktop,Cash on Delivery,Direct,352,Churned,1,Churned
8668,2,1320.7,660.35,Home & Kitchen,Mobile,Debit Card,Organic Search,107,Churned,1,Churned
8670,1,192.56,192.56,Sports & Fitness,Mobile,Debit Card,Social Media,106,Churned,1,Churned
8674,1,419.8,419.8,Sports & Fitness,Desktop,EMI,Social Media,270,Churned,1,Churned
8677,1,2762.84,2762.84,Grocery,Tablet,UPI,Referral,268,Churned,1,Churned
8679,2,3688.9,1844.45,Sports & Fitness,Desktop,UPI,Organic Search,19,Active,0,Low Risk
8681,1,2696.42,2696.42,Home & Kitchen,Desktop,EMI,Social Media,94,Churned,1,Churned
8682,2,5531.93,2765.965,Sports & Fitness,Desktop,Cash on Delivery,Organic Search,73,Active,0,High Risk
8684,1,1411.34,1411.34,Grocery,Desktop,Debit Card,Direct,127,Churned,1,Churned
8685,1,1055.11,1055.11,Electronics,Tablet,UPI,Direct,155,Churned,1,Churned
8686,2,3010.2799999999997,1505.1399999999999,Books,Tablet,Cash on Delivery,Email Campaign,228,Churned,1,Churned
8688,1,700.49,700.49,Books,Mobile,Cash on Delivery,Direct,190,Churned,1,Churned
8694,2,2245.58,1122.79,Grocery,Mobile,Cash on Delivery,Referral,180,Churned,1,Churned
8699,1,1432.62,1432.62,Sports & Fitness,Tablet,Debit Card,Direct,315,Churned,1,Churned
8707,1,4850.2,4850.2,Home & Kitchen,Desktop,Net Banking,Direct,215,Churned,1,Churned
8708,3,5309.18,1769.7266666666667,Fashion,Desktop,Credit Card,Direct,40,Active,0,Medium Risk
8709,1,321.04,321.04,Sports & Fitness,Mobile,Debit Card,Referral,360,Churned,1,Churned
8710,1,551.11,551.11,Sports & Fitness,Desktop,EMI,Social Media,190,Churned,1,Churned
8711,2,3403.38,1701.69,Beauty & Personal Care,Desktop,Debit Card,Direct,205,Churned,1,Churned
8712,1,1549.83,1549.83,Fashion,Mobile,EMI,Referral,295,Churned,1,Churned
8715,2,2696.56,1348.28,Fashion,Mobile,Credit Card,Paid Ads,286,Churned,1,Churned
8716,1,142.61,142.61,Sports & Fitness,Mobile,Credit Card,Direct,149,Churned,1,Churned
8722,1,720.51,720.51,Home & Kitchen,Mobile,UPI,Paid Ads,356,Churned,1,Churned
8727,1,2650.26,2650.26,Home & Kitchen,Mobile,Debit Card,Social Media,365,Churned,1,Churned
8729,2,1410.47,705.235,Fashion,Tablet,Debit Card,Organic Search,92,Churned,1,Churned
8730,1,2972.55,2972.55,Toys & Baby,Tablet,Debit Card,Paid Ads,194,Churned,1,Churned
8734,1,639.1,639.1,Grocery,Desktop,Net Banking,Referral,8,Active,0,Low Risk
8735,1,1335.54,1335.54,Beauty & Personal Care,Desktop,EMI,Direct,78,Active,0,High Risk
8736,1,2908.37,2908.37,Books,Desktop,Cash on Delivery,Direct,282,Churned,1,Churned
8737,2,4190.45,2095.225,Grocery,Mobile,Cash on Delivery,Organic Search,62,Active,0,High Risk
8738,1,2842.11,2842.11,Toys & Baby,Mobile,Debit Card,Paid Ads,29,Active,0,Low Risk
8740,1,521.32,521.32,Sports & Fitness,Desktop,Net Banking,Social Media,70,Active,0,High Risk
8741,1,622.52,622.52,Grocery,Desktop,Debit Card,Email Campaign,167,Churned,1,Churned
8744,1,5100.64,5100.64,Beauty & Personal Care,Mobile,Credit Card,Paid Ads,265,Churned,1,Churned
8745,1,1771.88,1771.88,Beauty & Personal Care,Desktop,Cash on Delivery,Direct,308,Churned,1,Churned
8749,1,2386.46,2386.46,Books,Desktop,Debit Card,Organic Search,15,Active,0,Low Risk
8750,3,4052.46,1350.82,Grocery,Desktop,Credit Card,Organic Search,19,Active,0,Low Risk
8751,1,961.12,961.12,Toys & Baby,Desktop,Cash on Delivery,Paid Ads,363,Churned,1,Churned
8754,1,1185.87,1185.87,Fashion,Tablet,Debit Card,Organic Search,266,Churned,1,Churned
8755,1,498.93,498.93,Electronics,Desktop,Credit Card,Organic Search,192,Churned,1,Churned
8756,1,1859.51,1859.51,Fashion,Mobile,Cash on Delivery,Paid Ads,265,Churned,1,Churned
8761,1,509.3,509.3,Grocery,Tablet,Net Banking,Referral,50,Active,0,Medium Risk
8768,1,2304.68,2304.68,Toys & Baby,Desktop,UPI,Social Media,22,Active,0,Low Risk
8769,1,330.88,330.88,Grocery,Desktop,UPI,Direct,35,Active,0,Medium Risk
8771,1,496.95,496.95,Toys & Baby,Desktop,Debit Card,Email Campaign,82,Active,0,High Risk
8772,2,6876.8099999999995,3438.4049999999997,Beauty & Personal Care,Desktop,Cash on Delivery,Direct,45,Active,0,Medium Risk
8773,1,1260.34,1260.34,Beauty & Personal Care,Mobile,UPI,Organic Search,126,Churned,1,Churned
8774,1,2742.25,2742.25,Grocery,Desktop,Credit Card,Social Media,304,Churned,1,Churned
8775,1,903.06,903.06,Books,Desktop,Debit Card,Referral,255,Churned,1,Churned
8776,1,2103.78,2103.78,Home & Kitchen,Mobile,Cash on Delivery,Direct,106,Churned,1,Churned
8779,2,4196.82,2098.41,Books,Desktop,Debit Card,Direct,153,Churned,1,Churned
8781,2,3952.1299999999997,1976.0649999999998,Books,Desktop,Debit Card,Organic Search,68,Active,0,High Risk
8782,1,1482.06,1482.06,Books,Mobile,Credit Card,Organic Search,273,Churned,1,Churned
8784,1,3335.66,3335.66,Beauty & Personal Care,Mobile,EMI,Direct,320,Churned,1,Churned
8785,1,1184.28,1184.28,Home & Kitchen,Desktop,Credit Card,Referral,44,Active,0,Medium Risk
8791,1,618.21,618.21,Beauty & Personal Care,Desktop,UPI,Organic Search,25,Active,0,Low Risk
8794,1,3869.36,3869.36,Grocery,Desktop,EMI,Direct,186,Churned,1,Churned
8795,1,1354.32,1354.32,Beauty & Personal Care,Desktop,UPI,Referral,210,Churned,1,Churned
8796,1,637.1,637.1,Toys & Baby,Mobile,EMI,Paid Ads,171,Churned,1,Churned
8800,1,609.54,609.54,Electronics,Desktop,Net Banking,Paid Ads,103,Churned,1,Churned
8801,1,1935.4,1935.4,Home & Kitchen,Desktop,Credit Card,Paid Ads,188,Churned,1,Churned
8806,1,107.6,107.6,Sports & Fitness,Desktop,UPI,Referral,72,Active,0,High Risk
8808,1,6869.81,6869.81,Home & Kitchen,Mobile,EMI,Direct,197,Churned,1,Churned
8811,2,1674.1,837.05,Electronics,Mobile,Credit Card,Referral,245,Churned,1,Churned
8815,1,2769.81,2769.81,Grocery,Mobile,EMI,Paid Ads,357,Churned,1,Churned
8817,2,2367.32,1183.66,Beauty & Personal Care,Desktop,Cash on Delivery,Organic Search,62,Active,0,High Risk
8818,2,1002.8199999999999,501.40999999999997,Home & Kitchen,Mobile,EMI,Organic Search,222,Churned,1,Churned
8823,2,4389.32,2194.66,Home & Kitchen,Desktop,Net Banking,Paid Ads,22,Active,0,Low Risk
8824,1,2766.2,2766.2,Books,Mobile,Debit Card,Direct,222,Churned,1,Churned
8826,1,2952.3,2952.3,Beauty & Personal Care,Desktop,Debit Card,Paid Ads,106,Churned,1,Churned
8829,1,185.95,185.95,Electronics,Mobile,EMI,Organic Search,90,Active,0,High Risk
8830,1,560.76,560.76,Books,Desktop,Cash on Delivery,Referral,346,Churned,1,Churned
8833,1,501.55,501.55,Home & Kitchen,Mobile,Cash on Delivery,Referral,293,Churned,1,Churned
8835,1,2062.68,2062.68,Fashion,Desktop,Cash on Delivery,Organic Search,60,Active,0,Medium Risk
8840,1,1323.14,1323.14,Electronics,Desktop,Net Banking,Direct,127,Churned,1,Churned
8841,1,866.52,866.52,Electronics,Mobile,UPI,Organic Search,184,Churned,1,Churned
8842,1,940.44,940.44,Beauty & Personal Care,Mobile,Debit Card,Referral,314,Churned,1,Churned
8845,1,60.08,60.08,Sports & Fitness,Desktop,Net Banking,Social Media,85,Active,0,High Risk
8846,3,2596.08,865.36,Beauty & Personal Care,Desktop,Debit Card,Email Campaign,49,Active,0,Medium Risk
8848,1,5978.31,5978.31,Toys & Baby,Desktop,Net Banking,Organic Search,29,Active,0,Low Risk
8850,1,2304.21,2304.21,Books,Desktop,Credit Card,Social Media,116,Churned,1,Churned
8851,2,7454.47,3727.235,Beauty & Personal Care,Desktop,Debit Card,Direct,31,Active,0,Medium Risk
8852,1,1788.51,1788.51,Home & Kitchen,Desktop,Credit Card,Email Campaign,339,Churned,1,Churned
8854,1,1066.89,1066.89,Electronics,Mobile,EMI,Organic Search,281,Churned,1,Churned
8855,1,665.74,665.74,Sports & Fitness,Mobile,EMI,Social Media,320,Churned,1,Churned
8858,1,1202.04,1202.04,Toys & Baby,Mobile,Net Banking,Organic Search,317,Churned,1,Churned
8861,1,2485.73,2485.73,Beauty & Personal Care,Mobile,Net Banking,Direct,298,Churned,1,Churned
8863,1,1434.13,1434.13,Sports & Fitness,Desktop,UPI,Paid Ads,160,Churned,1,Churned
8864,1,182.49,182.49,Grocery,Tablet,UPI,Social Media,341,Churned,1,Churned
8866,1,1659.78,1659.78,Electronics,Mobile,Cash on Delivery,Organic Search,60,Active,0,Medium Risk
8872,1,886.42,886.42,Beauty & Personal Care,Mobile,Cash on Delivery,Organic Search,149,Churned,1,Churned
8873,1,167.64,167.64,Fashion,Desktop,UPI,Direct,50,Active,0,Medium Risk
8875,1,696.68,696.68,Sports & Fitness,Mobile,UPI,Paid Ads,245,Churned,1,Churned
8876,1,322.82,322.82,Fashion,Desktop,Net Banking,Social Media,211,Churned,1,Churned
8878,1,3492.4,3492.4,Toys & Baby,Mobile,EMI,Organic Search,290,Churned,1,Churned
8879,1,942.82,942.82,Sports & Fitness,Mobile,Net Banking,Organic Search,260,Churned,1,Churned
8881,1,675.05,675.05,Books,Desktop,Credit Card,Direct,4,Active,0,Low Risk
8883,1,566.58,566.58,Electronics,Desktop,Cash on Delivery,Organic Search,27,Active,0,Low Risk
8884,1,494.97,494.97,Toys & Baby,Desktop,Cash on Delivery,Referral,56,Active,0,Medium Risk
8885,1,1193.0,1193.0,Beauty & Personal Care,Desktop,Debit Card,Paid Ads,188,Churned,1,Churned
8894,1,590.08,590.08,Beauty & Personal Care,Mobile,Cash on Delivery,Social Media,19,Active,0,Low Risk
8896,1,905.89,905.89,Home & Kitchen,Tablet,Debit Card,Email Campaign,263,Churned,1,Churned
8898,1,5727.51,5727.51,Toys & Baby,Mobile,Cash on Delivery,Social Media,208,Churned,1,Churned
8899,1,1790.1,1790.1,Grocery,Desktop,Cash on Delivery,Direct,116,Churned,1,Churned
8903,1,2989.6,2989.6,Fashion,Desktop,EMI,Social Media,94,Churned,1,Churned
8904,2,2792.84,1396.42,Books,Mobile,EMI,Direct,113,Churned,1,Churned
8909,1,2560.58,2560.58,Home & Kitchen,Tablet,Net Banking,Paid Ads,280,Churned,1,Churned
8911,2,3858.29,1929.145,Toys & Baby,Desktop,Credit Card,Organic Search,41,Active,0,Medium Risk
8912,1,2004.94,2004.94,Home & Kitchen,Desktop,EMI,Direct,126,Churned,1,Churned
8914,1,1146.12,1146.12,Grocery,Mobile,Net Banking,Email Campaign,276,Churned,1,Churned
8915,1,1330.45,1330.45,Beauty & Personal Care,Desktop,EMI,Email Campaign,305,Churned,1,Churned
8916,1,639.85,639.85,Books,Mobile,Credit Card,Direct,209,Churned,1,Churned
8919,1,625.41,625.41,Beauty & Personal Care,Desktop,Debit Card,Paid Ads,242,Churned,1,Churned
8922,1,2340.15,2340.15,Fashion,Desktop,Debit Card,Direct,187,Churned,1,Churned
8923,1,2826.22,2826.22,Toys & Baby,Desktop,Credit Card,Social Media,77,Active,0,High Risk
8924,1,1136.64,1136.64,Grocery,Desktop,Credit Card,Email Campaign,316,Churned,1,Churned
8925,1,1149.84,1149.84,Fashion,Desktop,Debit Card,Email Campaign,314,Churned,1,Churned
8926,1,2941.12,2941.12,Electronics,Mobile,Cash on Delivery,Referral,213,Churned,1,Churned
8928,2,4793.14,2396.57,Books,Desktop,Cash on Delivery,Paid Ads,31,Active,0,Medium Risk
8929,1,943.18,943.18,Books,Mobile,Cash on Delivery,Organic Search,362,Churned,1,Churned
8932,1,307.76,307.76,Beauty & Personal Care,Desktop,Cash on Delivery,Paid Ads,224,Churned,1,Churned
8933,1,1093.68,1093.68,Electronics,Desktop,Debit Card,Email Campaign,327,Churned,1,Churned
8935,1,2674.83,2674.83,Electronics,Tablet,Net Banking,Direct,203,Churned,1,Churned
8936,1,1147.03,1147.03,Beauty & Personal Care,Desktop,Credit Card,Email Campaign,302,Churned,1,Churned
8937,2,1293.58,646.79,Books,Desktop,Credit Card,Direct,175,Churned,1,Churned
8939,1,518.71,518.71,Grocery,Mobile,Debit Card,Email Campaign,11,Active,0,Low Risk
8942,2,4586.04,2293.02,Beauty & Personal Care,Mobile,Cash on Delivery,Email Campaign,65,Active,0,High Risk
8947,1,888.98,888.98,Beauty & Personal Care,Tablet,UPI,Social Media,181,Churned,1,Churned
8949,1,755.68,755.68,Electronics,Desktop,Cash on Delivery,Email Campaign,275,Churned,1,Churned
8950,1,2974.88,2974.88,Toys & Baby,Tablet,Cash on Delivery,Referral,268,Churned,1,Churned
8951,1,1593.76,1593.76,Electronics,Tablet,UPI,Direct,310,Churned,1,Churned
8952,3,6278.0,2092.6666666666665,Beauty & Personal Care,Desktop,Credit Card,Social Media,84,Active,0,High Risk
8953,1,4176.52,4176.52,Grocery,Mobile,Cash on Delivery,Direct,99,Churned,1,Churned
8957,2,841.3499999999999,420.67499999999995,Fashion,Desktop,Cash on Delivery,Email Campaign,259,Churned,1,Churned
8958,1,2901.75,2901.75,Home & Kitchen,Desktop,EMI,Organic Search,330,Churned,1,Churned
8960,1,483.83,483.83,Grocery,Mobile,Credit Card,Direct,294,Churned,1,Churned
8962,1,2714.78,2714.78,Toys & Baby,Mobile,UPI,Social Media,316,Churned,1,Churned
8963,1,1862.95,1862.95,Books,Desktop,Debit Card,Email Campaign,8,Active,0,Low Risk
8964,1,2891.28,2891.28,Home & Kitchen,Desktop,Net Banking,Organic Search,181,Churned,1,Churned
8965,1,1756.46,1756.46,Grocery,Desktop,Debit Card,Referral,201,Churned,1,Churned
8969,1,4089.69,4089.69,Toys & Baby,Desktop,Credit Card,Paid Ads,84,Active,0,High Risk
8970,1,2046.6,2046.6,Beauty & Personal Care,Desktop,Credit Card,Referral,300,Churned,1,Churned
8972,1,3598.59,3598.59,Toys & Baby,Desktop,Cash on Delivery,Referral,79,Active,0,High Risk
8973,1,6154.85,6154.85,Home & Kitchen,Mobile,Net Banking,Direct,254,Churned,1,Churned
8974,1,1826.78,1826.78,Beauty & Personal Care,Mobile,UPI,Social Media,271,Churned,1,Churned
8975,1,1198.22,1198.22,Books,Mobile,Net Banking,Social Media,351,Churned,1,Churned
8977,1,402.56,402.56,Beauty & Personal Care,Desktop,EMI,Organic Search,283,Churned,1,Churned
8978,2,3596.89,1798.445,Fashion,Desktop,EMI,Organic Search,88,Active,0,High Risk
8981,1,5001.12,5001.12,Home & Kitchen,Mobile,EMI,Paid Ads,62,Active,0,High Risk
8982,1,1453.64,1453.64,Sports & Fitness,Desktop,Net Banking,Paid Ads,114,Churned,1,Churned
8987,1,1639.97,1639.97,Books,Desktop,Net Banking,Organic Search,69,Active,0,High Risk
8988,1,2466.45,2466.45,Beauty & Personal Care,Mobile,Debit Card,Social Media,75,Active,0,High Risk
8990,1,789.99,789.99,Fashion,Mobile,UPI,Direct,309,Churned,1,Churned
8994,1,420.51,420.51,Fashion,Desktop,EMI,Social Media,209,Churned,1,Churned
8996,1,244.1,244.1,Fashion,Mobile,Net Banking,Paid Ads,183,Churned,1,Churned
8998,1,2053.95,2053.95,Home & Kitchen,Desktop,UPI,Social Media,80,Active,0,High Risk
9004,1,785.67,785.67,Grocery,Mobile,UPI,Referral,160,Churned,1,Churned
9006,1,712.8,712.8,Toys & Baby,Tablet,Net Banking,Email Campaign,44,Active,0,Medium Risk
9008,1,1832.87,1832.87,Grocery,Mobile,Cash on Delivery,Organic Search,183,Churned,1,Churned
9009,1,662.15,662.15,Grocery,Tablet,Debit Card,Organic Search,138,Churned,1,Churned
9010,1,1390.79,1390.79,Fashion,Desktop,UPI,Direct,71,Active,0,High Risk
9011,1,458.42,458.42,Sports & Fitness,Desktop,EMI,Social Media,3,Active,0,Low Risk
9012,2,3502.39,1751.195,Books,Desktop,Credit Card,Paid Ads,3,Active,0,Low Risk
9016,1,4004.72,4004.72,Books,Desktop,Cash on Delivery,Social Media,123,Churned,1,Churned
9019,2,2258.74,1129.37,Grocery,Desktop,Net Banking,Organic Search,13,Active,0,Low Risk
9023,1,2171.64,2171.64,Fashion,Mobile,Credit Card,Social Media,159,Churned,1,Churned
9024,1,380.27,380.27,Sports & Fitness,Desktop,Cash on Delivery,Direct,313,Churned,1,Churned
9026,1,989.5,989.5,Electronics,Mobile,Credit Card,Direct,104,Churned,1,Churned
9029,1,1693.13,1693.13,Home & Kitchen,Mobile,Net Banking,Email Campaign,161,Churned,1,Churned
9030,1,2074.84,2074.84,Grocery,Mobile,EMI,Email Campaign,161,Churned,1,Churned
9031,1,1945.27,1945.27,Home & Kitchen,Mobile,UPI,Organic Search,143,Churned,1,Churned
9037,1,1083.01,1083.01,Fashion,Mobile,Cash on Delivery,Referral,278,Churned,1,Churned
9038,1,1415.85,1415.85,Beauty & Personal Care,Mobile,Cash on Delivery,Social Media,186,Churned,1,Churned
9039,1,708.89,708.89,Toys & Baby,Tablet,Debit Card,Email Campaign,121,Churned,1,Churned
9041,1,1450.28,1450.28,Fashion,Tablet,Debit Card,Social Media,133,Churned,1,Churned
9046,1,1410.72,1410.72,Grocery,Mobile,UPI,Organic Search,7,Active,0,Low Risk
9050,2,3988.6499999999996,1994.3249999999998,Beauty & Personal Care,Desktop,Net Banking,Email Campaign,281,Churned,1,Churned
9056,1,287.88,287.88,Sports & Fitness,Tablet,Credit Card,Referral,65,Active,0,High Risk
9059,3,8081.46,2693.82,Books,Mobile,EMI,Email Campaign,27,Active,0,Low Risk
9060,2,7606.759999999999,3803.3799999999997,Beauty & Personal Care,Desktop,EMI,Email Campaign,92,Churned,1,Churned
9062,2,2974.7200000000003,1487.3600000000001,Home & Kitchen,Desktop,Credit Card,Paid Ads,178,Churned,1,Churned
9064,1,6977.64,6977.64,Books,Desktop,UPI,Social Media,247,Churned,1,Churned
9067,1,316.04,316.04,Sports & Fitness,Mobile,Credit Card,Organic Search,149,Churned,1,Churned
9068,3,5875.67,1958.5566666666666,Grocery,Desktop,Credit Card,Direct,176,Churned,1,Churned
9070,1,2482.94,2482.94,Electronics,Desktop,Credit Card,Referral,56,Active,0,Medium Risk
9071,1,1099.88,1099.88,Home & Kitchen,Mobile,Debit Card,Paid Ads,282,Churned,1,Churned
9073,1,2071.44,2071.44,Grocery,Mobile,EMI,Organic Search,346,Churned,1,Churned
9075,1,5987.76,5987.76,Home & Kitchen,Tablet,Net Banking,Email Campaign,161,Churned,1,Churned
9078,1,2797.35,2797.35,Grocery,Mobile,Debit Card,Social Media,338,Churned,1,Churned
9082,1,2771.28,2771.28,Electronics,Desktop,UPI,Referral,139,Churned,1,Churned
9084,2,2106.41,1053.205,Books,Desktop,Cash on Delivery,Direct,179,Churned,1,Churned
9085,1,5586.68,5586.68,Home & Kitchen,Mobile,UPI,Social Media,234,Churned,1,Churned
9088,1,2131.62,2131.62,Fashion,Desktop,Debit Card,Direct,209,Churned,1,Churned
9090,1,2195.8,2195.8,Home & Kitchen,Desktop,Debit Card,Email Campaign,180,Churned,1,Churned
9093,1,5346.25,5346.25,Home & Kitchen,Desktop,Net Banking,Organic Search,275,Churned,1,Churned
9094,1,3043.33,3043.33,Home & Kitchen,Tablet,Net Banking,Social Media,94,Churned,1,Churned
9095,1,2188.56,2188.56,Electronics,Desktop,Net Banking,Organic Search,295,Churned,1,Churned
9096,1,1079.43,1079.43,Electronics,Mobile,Cash on Delivery,Email Campaign,119,Churned,1,Churned
9097,1,1253.28,1253.28,Toys & Baby,Desktop,Credit Card,Social Media,94,Churned,1,Churned
9100,1,547.08,547.08,Electronics,Mobile,Cash on Delivery,Organic Search,169,Churned,1,Churned
9101,2,1734.7,867.35,Beauty & Personal Care,Desktop,Cash on Delivery,Paid Ads,118,Churned,1,Churned
9103,1,6811.12,6811.12,Home & Kitchen,Desktop,UPI,Social Media,275,Churned,1,Churned
9104,1,2519.48,2519.48,Grocery,Mobile,EMI,Direct,156,Churned,1,Churned
9108,1,2310.86,2310.86,Electronics,Mobile,EMI,Email Campaign,72,Active,0,High Risk
9109,1,1540.89,1540.89,Fashion,Mobile,Net Banking,Social Media,174,Churned,1,Churned
9110,1,86.36,86.36,Sports & Fitness,Tablet,Cash on Delivery,Social Media,155,Churned,1,Churned
9111,1,1658.09,1658.09,Sports & Fitness,Mobile,EMI,Referral,192,Churned,1,Churned
9116,1,2593.2,2593.2,Toys & Baby,Desktop,UPI,Referral,286,Churned,1,Churned
9122,2,2888.73,1444.365,Beauty & Personal Care,Mobile,EMI,Direct,249,Churned,1,Churned
9124,2,2110.72,1055.36,Beauty & Personal Care,Desktop,Debit Card,Direct,168,Churned,1,Churned
9129,1,2223.39,2223.39,Beauty & Personal Care,Mobile,UPI,Email Campaign,215,Churned,1,Churned
9134,1,2071.94,2071.94,Electronics,Mobile,Cash on Delivery,Direct,358,Churned,1,Churned
9137,1,466.59,466.59,Toys & Baby,Mobile,Cash on Delivery,Social Media,274,Churned,1,Churned
9138,1,768.37,768.37,Toys & Baby,Mobile,Net Banking,Email Campaign,92,Churned,1,Churned
9139,1,866.75,866.75,Beauty & Personal Care,Tablet,UPI,Email Campaign,148,Churned,1,Churned
9141,1,721.74,721.74,Fashion,Desktop,Cash on Delivery,Paid Ads,196,Churned,1,Churned
9142,1,313.57,313.57,Sports & Fitness,Tablet,Net Banking,Email Campaign,113,Churned,1,Churned
9148,1,3392.49,3392.49,Books,Desktop,Credit Card,Organic Search,346,Churned,1,Churned
9149,1,555.1,555.1,Books,Desktop,Net Banking,Social Media,131,Churned,1,Churned
9150,1,729.84,729.84,Grocery,Mobile,Net Banking,Paid Ads,93,Churned,1,Churned
9151,2,1405.28,702.64,Books,Desktop,Net Banking,Email Campaign,40,Active,0,Medium Risk
9154,1,2923.17,2923.17,Home & Kitchen,Mobile,UPI,Paid Ads,304,Churned,1,Churned
9155,1,1439.68,1439.68,Home & Kitchen,Desktop,Debit Card,Organic Search,109,Churned,1,Churned
9157,1,368.5,368.5,Sports & Fitness,Mobile,Debit Card,Email Campaign,178,Churned,1,Churned
9160,1,1896.5,1896.5,Electronics,Mobile,Cash on Delivery,Direct,253,Churned,1,Churned
9162,1,631.18,631.18,Grocery,Desktop,Credit Card,Paid Ads,25,Active,0,Low Risk
9164,1,438.48,438.48,Grocery,Mobile,Debit Card,Referral,228,Churned,1,Churned
9166,1,402.79,402.79,Fashion,Mobile,Debit Card,Paid Ads,208,Churned,1,Churned
9167,1,67.71,67.71,Sports & Fitness,Desktop,EMI,Paid Ads,129,Churned,1,Churned
9168,2,5639.1,2819.55,Beauty & Personal Care,Desktop,Net Banking,Paid Ads,217,Churned,1,Churned
9176,2,2078.06,1039.03,Books,Desktop,Cash on Delivery,Email Campaign,96,Churned,1,Churned
9179,1,898.8,898.8,Beauty & Personal Care,Mobile,UPI,Direct,356,Churned,1,Churned
9180,1,1451.76,1451.76,Electronics,Mobile,Credit Card,Email Campaign,328,Churned,1,Churned
9183,1,1083.04,1083.04,Electronics,Mobile,Cash on Delivery,Referral,269,Churned,1,Churned
9185,2,2753.51,1376.755,Grocery,Desktop,EMI,Paid Ads,306,Churned,1,Churned
9187,1,5251.83,5251.83,Books,Desktop,Cash on Delivery,Paid Ads,240,Churned,1,Churned
9188,2,5773.44,2886.72,Grocery,Mobile,EMI,Direct,98,Churned,1,Churned
9192,1,938.58,938.58,Toys & Baby,Desktop,Net Banking,Direct,172,Churned,1,Churned
9193,1,213.68,213.68,Sports & Fitness,Mobile,UPI,Paid Ads,325,Churned,1,Churned
9195,1,1646.84,1646.84,Fashion,Desktop,UPI,Paid Ads,11,Active,0,Low Risk
9197,4,4642.55,1160.6375,Home & Kitchen,Desktop,Cash on Delivery,Referral,88,Active,0,High Risk
9200,1,394.1,394.1,Sports & Fitness,Desktop,EMI,Organic Search,282,Churned,1,Churned
9203,1,2455.95,2455.95,Electronics,Desktop,UPI,Direct,11,Active,0,Low Risk
9205,3,5402.23,1800.743333333333,Books,Mobile,Cash on Delivery,Referral,26,Active,0,Low Risk
9206,1,603.46,603.46,Electronics,Mobile,EMI,Referral,9,Active,0,Low Risk
9208,1,1422.15,1422.15,Grocery,Desktop,EMI,Organic Search,91,Churned,1,Churned
9211,2,2960.7299999999996,1480.3649999999998,Books,Desktop,Credit Card,Direct,38,Active,0,Medium Risk
9214,1,657.21,657.21,Toys & Baby,Desktop,Net Banking,Email Campaign,323,Churned,1,Churned
9217,1,2963.13,2963.13,Beauty & Personal Care,Desktop,Debit Card,Referral,76,Active,0,High Risk
9219,2,8014.389999999999,4007.1949999999997,Toys & Baby,Desktop,Cash on Delivery,Organic Search,273,Churned,1,Churned
9223,1,1172.7,1172.7,Beauty & Personal Care,Mobile,Debit Card,Organic Search,29,Active,0,Low Risk
9224,1,1661.51,1661.51,Grocery,Desktop,Debit Card,Email Campaign,253,Churned,1,Churned
9225,2,6360.83,3180.415,Home & Kitchen,Mobile,Credit Card,Email Campaign,134,Churned,1,Churned
9227,1,179.16,179.16,Grocery,Desktop,Net Banking,Direct,184,Churned,1,Churned
9228,2,3879.87,1939.935,Books,Desktop,EMI,Social Media,124,Churned,1,Churned
9230,1,2038.72,2038.72,Beauty & Personal Care,Desktop,Net Banking,Organic Search,143,Churned,1,Churned
9240,2,2506.96,1253.48,Toys & Baby,Desktop,Cash on Delivery,Paid Ads,39,Active,0,Medium Risk
9241,1,1199.8,1199.8,Home & Kitchen,Mobile,EMI,Organic Search,181,Churned,1,Churned
9245,1,3844.34,3844.34,Beauty & Personal Care,Desktop,UPI,Direct,9,Active,0,Low Risk
9246,2,2775.1800000000003,1387.5900000000001,Beauty & Personal Care,Desktop,Cash on Delivery,Paid Ads,106,Churned,1,Churned
9249,1,870.14,870.14,Fashion,Desktop,Cash on Delivery,Social Media,20,Active,0,Low Risk
9250,1,376.18,376.18,Fashion,Mobile,UPI,Email Campaign,266,Churned,1,Churned
9254,1,374.38,374.38,Books,Desktop,Credit Card,Paid Ads,71,Active,0,High Risk
9257,1,2404.04,2404.04,Electronics,Desktop,Cash on Delivery,Organic Search,274,Churned,1,Churned
9259,1,3218.71,3218.71,Toys & Baby,Mobile,Net Banking,Email Campaign,169,Churned,1,Churned
9260,2,3319.98,1659.99,Grocery,Desktop,Debit Card,Referral,115,Churned,1,Churned
9263,1,3721.32,3721.32,Grocery,Desktop,Net Banking,Referral,109,Churned,1,Churned
9264,2,3952.1899999999996,1976.0949999999998,Books,Desktop,Credit Card,Direct,267,Churned,1,Churned
9266,1,4807.57,4807.57,Toys & Baby,Desktop,UPI,Email Campaign,107,Churned,1,Churned
9267,2,586.41,293.205,Fashion,Mobile,EMI,Email Campaign,85,Active,0,High Risk
9268,1,3693.19,3693.19,Home & Kitchen,Mobile,Debit Card,Referral,364,Churned,1,Churned
9270,1,676.67,676.67,Electronics,Mobile,Debit Card,Organic Search,328,Churned,1,Churned
9271,3,3472.7200000000003,1157.5733333333335,Beauty & Personal Care,Desktop,Credit Card,Email Campaign,22,Active,0,Low Risk
9272,1,1597.74,1597.74,Fashion,Mobile,Debit Card,Email Campaign,230,Churned,1,Churned
9274,2,7532.62,3766.31,Books,Desktop,EMI,Direct,197,Churned,1,Churned
9275,1,2127.22,2127.22,Beauty & Personal Care,Mobile,Net Banking,Direct,12,Active,0,Low Risk
9276,2,2079.46,1039.73,Grocery,Desktop,Net Banking,Email Campaign,152,Churned,1,Churned
9277,1,1809.84,1809.84,Electronics,Mobile,Credit Card,Direct,295,Churned,1,Churned
9278,1,6440.7,6440.7,Books,Desktop,Credit Card,Organic Search,278,Churned,1,Churned
9279,1,780.74,780.74,Sports & Fitness,Tablet,Credit Card,Organic Search,85,Active,0,High Risk
9287,1,2827.8,2827.8,Fashion,Mobile,UPI,Email Campaign,198,Churned,1,Churned
9289,2,4367.049999999999,2183.5249999999996,Books,Desktop,Credit Card,Direct,77,Active,0,High Risk
9291,1,273.41,273.41,Sports & Fitness,Desktop,Debit Card,Referral,305,Churned,1,Churned
9292,1,1079.43,1079.43,Sports & Fitness,Desktop,Net Banking,Paid Ads,214,Churned,1,Churned
9294,1,4750.29,4750.29,Toys & Baby,Mobile,Credit Card,Referral,17,Active,0,Low Risk
9300,1,2165.7,2165.7,Grocery,Tablet,EMI,Email Campaign,138,Churned,1,Churned
9302,1,244.52,244.52,Fashion,Mobile,EMI,Social Media,191,Churned,1,Churned
9303,1,857.92,857.92,Home & Kitchen,Mobile,EMI,Organic Search,24,Active,0,Low Risk
9305,2,3571.08,1785.54,Beauty & Personal Care,Mobile,Cash on Delivery,Organic Search,8,Active,0,Low Risk
9306,1,936.59,936.59,Beauty & Personal Care,Mobile,UPI,Email Campaign,338,Churned,1,Churned
9307,1,1916.31,1916.31,Fashion,Mobile,Credit Card,Email Campaign,269,Churned,1,Churned
9308,3,4242.59,1414.1966666666667,Beauty & Personal Care,Desktop,Cash on Delivery,Paid Ads,105,Churned,1,Churned
9313,1,3455.61,3455.61,Grocery,Mobile,EMI,Email Campaign,4,Active,0,Low Risk
9314,1,764.6,764.6,Books,Desktop,Debit Card,Referral,75,Active,0,High Risk
9317,2,1801.12,900.56,Fashion,Mobile,Cash on Delivery,Email Campaign,227,Churned,1,Churned
9320,1,287.63,287.63,Fashion,Tablet,Net Banking,Paid Ads,39,Active,0,Medium Risk
9321,3,2270.53,756.8433333333334,Grocery,Mobile,Credit Card,Organic Search,145,Churned,1,Churned
9323,2,2524.2200000000003,1262.1100000000001,Electronics,Desktop,EMI,Direct,1,Active,0,Low Risk
9327,1,1696.29,1696.29,Sports & Fitness,Desktop,Cash on Delivery,Paid Ads,117,Churned,1,Churned
9328,1,3915.12,3915.12,Home & Kitchen,Mobile,Credit Card,Referral,18,Active,0,Low Risk
9330,2,2483.03,1241.515,Beauty & Personal Care,Desktop,EMI,Direct,102,Churned,1,Churned
9331,1,2490.54,2490.54,Books,Desktop,UPI,Paid Ads,95,Churned,1,Churned
9336,4,6680.59,1670.1475,Toys & Baby,Desktop,Debit Card,Social Media,80,Active,0,High Risk
9337,2,3059.05,1529.525,Home & Kitchen,Desktop,Credit Card,Paid Ads,91,Churned,1,Churned
9338,1,261.72,261.72,Electronics,Mobile,EMI,Referral,156,Churned,1,Churned
9339,2,1615.92,807.96,Electronics,Mobile,Debit Card,Referral,219,Churned,1,Churned
9341,1,2259.86,2259.86,Electronics,Desktop,Cash on Delivery,Referral,74,Active,0,High Risk
9342,1,2012.56,2012.56,Electronics,Tablet,EMI,Social Media,240,Churned,1,Churned
9344,1,168.58,168.58,Sports & Fitness,Tablet,Debit Card,Social Media,315,Churned,1,Churned
9345,2,2951.66,1475.83,Beauty & Personal Care,Desktop,EMI,Email Campaign,94,Churned,1,Churned
9346,2,1029.6599999999999,514.8299999999999,Sports & Fitness,Mobile,Credit Card,Paid Ads,237,Churned,1,Churned
9348,3,6469.54,2156.5133333333333,Toys & Baby,Desktop,Net Banking,Direct,114,Churned,1,Churned
9350,1,498.91,498.91,Beauty & Personal Care,Mobile,UPI,Referral,64,Active,0,High Risk
9352,1,1125.18,1125.18,Electronics,Tablet,Net Banking,Paid Ads,125,Churned,1,Churned
9360,1,1559.58,1559.58,Grocery,Mobile,Net Banking,Referral,85,Active,0,High Risk
9361,1,2416.35,2416.35,Grocery,Mobile,EMI,Paid Ads,44,Active,0,Medium Risk
9362,2,7034.96,3517.48,Beauty & Personal Care,Mobile,Cash on Delivery,Direct,29,Active,0,Low Risk
9363,2,4971.89,2485.945,Home & Kitchen,Mobile,EMI,Referral,41,Active,0,Medium Risk
9366,2,3780.27,1890.135,Electronics,Desktop,EMI,Paid Ads,249,Churned,1,Churned
9368,3,4764.46,1588.1533333333334,Beauty & Personal Care,Desktop,Cash on Delivery,Organic Search,14,Active,0,Low Risk
9369,2,6135.46,3067.73,Books,Desktop,Credit Card,Direct,95,Churned,1,Churned
9370,1,2268.9,2268.9,Toys & Baby,Desktop,Debit Card,Email Campaign,151,Churned,1,Churned
9371,1,800.95,800.95,Grocery,Tablet,Cash on Delivery,Paid Ads,63,Active,0,High Risk
9374,1,1038.82,1038.82,Books,Mobile,Net Banking,Social Media,289,Churned,1,Churned
9375,1,574.1,574.1,Sports & Fitness,Mobile,EMI,Organic Search,56,Active,0,Medium Risk
9376,2,2177.17,1088.585,Fashion,Desktop,Cash on Delivery,Direct,254,Churned,1,Churned
9378,1,1948.89,1948.89,Toys & Baby,Mobile,Credit Card,Organic Search,100,Churned,1,Churned
9379,2,2624.3100000000004,1312.1550000000002,Home & Kitchen,Desktop,Debit Card,Email Campaign,212,Churned,1,Churned
9381,1,3459.44,3459.44,Books,Mobile,EMI,Social Media,41,Active,0,Medium Risk
9382,2,3535.42,1767.71,Books,Desktop,Credit Card,Email Campaign,13,Active,0,Low Risk
9384,1,878.97,878.97,Toys & Baby,Tablet,UPI,Email Campaign,289,Churned,1,Churned
9385,4,2464.18,616.045,Grocery,Desktop,Cash on Delivery,Organic Search,147,Churned,1,Churned
9388,1,828.62,828.62,Grocery,Desktop,EMI,Email Campaign,338,Churned,1,Churned
9389,1,376.57,376.57,Grocery,Mobile,Credit Card,Direct,81,Active,0,High Risk
9390,1,854.8,854.8,Electronics,Mobile,Debit Card,Social Media,276,Churned,1,Churned
9391,1,1076.59,1076.59,Home & Kitchen,Tablet,Cash on Delivery,Direct,14,Active,0,Low Risk
9395,3,6916.88,2305.6266666666666,Toys & Baby,Desktop,EMI,Email Campaign,176,Churned,1,Churned
9398,1,288.14,288.14,Electronics,Mobile,Credit Card,Email Campaign,21,Active,0,Low Risk
9399,1,6064.42,6064.42,Toys & Baby,Desktop,EMI,Paid Ads,278,Churned,1,Churned
9408,1,3288.68,3288.68,Electronics,Desktop,Credit Card,Paid Ads,48,Active,0,Medium Risk
9411,1,1670.19,1670.19,Home & Kitchen,Desktop,Credit Card,Email Campaign,46,Active,0,Medium Risk
9412,2,4866.42,2433.21,Books,Tablet,EMI,Direct,8,Active,0,Low Risk
9416,1,1477.35,1477.35,Books,Desktop,UPI,Organic Search,187,Churned,1,Churned
9419,1,6409.44,6409.44,Home & Kitchen,Desktop,Net Banking,Social Media,142,Churned,1,Churned
9420,1,2929.95,2929.95,Books,Mobile,EMI,Social Media,181,Churned,1,Churned
9422,2,3869.2799999999997,1934.6399999999999,Sports & Fitness,Mobile,EMI,Direct,2,Active,0,Low Risk
9425,1,1677.07,1677.07,Grocery,Mobile,EMI,Referral,168,Churned,1,Churned
9429,1,1016.61,1016.61,Books,Desktop,Net Banking,Paid Ads,190,Churned,1,Churned
9431,2,4666.1,2333.05,Books,Mobile,Credit Card,Organic Search,27,Active,0,Low Risk
9432,1,439.86,439.86,Toys & Baby,Desktop,Credit Card,Paid Ads,17,Active,0,Low Risk
9434,1,665.15,665.15,Fashion,Tablet,Cash on Delivery,Referral,61,Active,0,High Risk
9435,2,2384.99,1192.495,Grocery,Desktop,Cash on Delivery,Organic Search,159,Churned,1,Churned
9442,1,267.3,267.3,Sports & Fitness,Mobile,UPI,Social Media,4,Active,0,Low Risk
9443,1,4035.76,4035.76,Grocery,Desktop,Credit Card,Referral,308,Churned,1,Churned
9444,1,1818.38,1818.38,Fashion,Desktop,Debit Card,Email Campaign,228,Churned,1,Churned
9445,1,1950.75,1950.75,Home & Kitchen,Mobile,Debit Card,Paid Ads,86,Active,0,High Risk
9446,1,3802.13,3802.13,Toys & Baby,Desktop,UPI,Social Media,146,Churned,1,Churned
9448,1,4905.51,4905.51,Home & Kitchen,Mobile,Debit Card,Referral,186,Churned,1,Churned
9452,1,1204.42,1204.42,Beauty & Personal Care,Desktop,Net Banking,Referral,215,Churned,1,Churned
9453,2,3981.11,1990.555,Books,Desktop,Cash on Delivery,Direct,30,Active,0,Low Risk
9454,1,2253.24,2253.24,Beauty & Personal Care,Desktop,EMI,Paid Ads,292,Churned,1,Churned
9457,1,4352.02,4352.02,Home & Kitchen,Desktop,UPI,Referral,28,Active,0,Low Risk
9460,1,111.47,111.47,Sports & Fitness,Desktop,Credit Card,Organic Search,268,Churned,1,Churned
9462,1,1948.29,1948.29,Fashion,Mobile,Credit Card,Organic Search,35,Active,0,Medium Risk
9466,1,1963.64,1963.64,Toys & Baby,Mobile,UPI,Social Media,191,Churned,1,Churned
9470,1,1069.28,1069.28,Home & Kitchen,Desktop,UPI,Email Campaign,47,Active,0,Medium Risk
9473,1,1368.67,1368.67,Toys & Baby,Desktop,UPI,Organic Search,97,Churned,1,Churned
9475,1,813.36,813.36,Fashion,Mobile,UPI,Referral,305,Churned,1,Churned
9476,4,11059.96,2764.99,Home & Kitchen,Desktop,UPI,Organic Search,6,Active,0,Low Risk
9477,1,5295.12,5295.12,Books,Desktop,Credit Card,Direct,324,Churned,1,Churned
9479,1,4980.2,4980.2,Books,Mobile,Debit Card,Paid Ads,337,Churned,1,Churned
9480,1,1621.56,1621.56,Grocery,Mobile,Debit Card,Paid Ads,234,Churned,1,Churned
9484,1,2522.52,2522.52,Toys & Baby,Mobile,UPI,Direct,194,Churned,1,Churned
9485,1,1389.75,1389.75,Sports & Fitness,Desktop,Credit Card,Organic Search,100,Churned,1,Churned
9489,1,315.89,315.89,Sports & Fitness,Desktop,Net Banking,Direct,14,Active,0,Low Risk
9491,1,1838.66,1838.66,Fashion,Desktop,EMI,Paid Ads,14,Active,0,Low Risk
9494,1,7745.76,7745.76,Home & Kitchen,Desktop,Debit Card,Social Media,223,Churned,1,Churned
9496,2,1692.67,846.335,Fashion,Desktop,Net Banking,Paid Ads,74,Active,0,High Risk
9497,1,2928.02,2928.02,Toys & Baby,Desktop,Credit Card,Direct,48,Active,0,Medium Risk
9498,2,2448.1800000000003,1224.0900000000001,Sports & Fitness,Desktop,Credit Card,Email Campaign,83,Active,0,High Risk
9504,1,1549.07,1549.07,Sports & Fitness,Mobile,Net Banking,Referral,252,Churned,1,Churned
9505,1,2681.46,2681.46,Books,Mobile,Cash on Delivery,Social Media,29,Active,0,Low Risk
9507,2,6597.48,3298.74,Books,Desktop,Credit Card,Referral,126,Churned,1,Churned
9509,2,6738.14,3369.07,Beauty & Personal Care,Desktop,Credit Card,Direct,88,Active,0,High Risk
9512,1,396.98,396.98,Electronics,Desktop,Net Banking,Paid Ads,279,Churned,1,Churned
9513,2,841.73,420.865,Grocery,Mobile,EMI,Organic Search,143,Churned,1,Churned
9514,1,1219.92,1219.92,Home & Kitchen,Tablet,UPI,Referral,38,Active,0,Medium Risk
9520,1,1286.19,1286.19,Home & Kitchen,Mobile,EMI,Social Media,80,Active,0,High Risk
9521,1,745.72,745.72,Fashion,Desktop,Debit Card,Email Campaign,39,Active,0,Medium Risk
9524,1,2873.3,2873.3,Home & Kitchen,Mobile,Cash on Delivery,Email Campaign,31,Active,0,Medium Risk
9526,1,1724.65,1724.65,Electronics,Desktop,Cash on Delivery,Paid Ads,353,Churned,1,Churned
9528,3,6753.44,2251.1466666666665,Beauty & Personal Care,Mobile,Cash on Delivery,Email Campaign,28,Active,0,Low Risk
9533,1,2653.75,2653.75,Grocery,Tablet,Debit Card,Direct,338,Churned,1,Churned
9534,1,3751.99,3751.99,Toys & Baby,Mobile,Credit Card,Direct,265,Churned,1,Churned
9538,3,2571.34,857.1133333333333,Sports & Fitness,Desktop,EMI,Direct,148,Churned,1,Churned
9540,2,2398.3,1199.15,Home & Kitchen,Desktop,UPI,Email Campaign,146,Churned,1,Churned
9542,1,1758.43,1758.43,Books,Tablet,Debit Card,Social Media,249,Churned,1,Churned
9545,1,3289.61,3289.61,Beauty & Personal Care,Desktop,Net Banking,Referral,282,Churned,1,Churned
9546,1,1567.78,1567.78,Beauty & Personal Care,Desktop,UPI,Direct,217,Churned,1,Churned
9547,1,3163.97,3163.97,Home & Kitchen,Desktop,UPI,Referral,95,Churned,1,Churned
9549,2,2978.63,1489.315,Books,Mobile,Cash on Delivery,Organic Search,74,Active,0,High Risk
9550,1,2025.96,2025.96,Home & Kitchen,Mobile,Credit Card,Email Campaign,192,Churned,1,Churned
9552,1,6294.28,6294.28,Home & Kitchen,Desktop,EMI,Social Media,287,Churned,1,Churned
9557,1,2650.56,2650.56,Beauty & Personal Care,Mobile,Cash on Delivery,Direct,269,Churned,1,Churned
9558,1,2885.61,2885.61,Electronics,Desktop,Net Banking,Direct,111,Churned,1,Churned
9559,1,330.64,330.64,Grocery,Desktop,Debit Card,Paid Ads,27,Active,0,Low Risk
9566,1,209.07,209.07,Sports & Fitness,Desktop,Credit Card,Organic Search,299,Churned,1,Churned
9567,2,3318.52,1659.26,Electronics,Desktop,Debit Card,Organic Search,36,Active,0,Medium Risk
9568,1,2140.22,2140.22,Toys & Baby,Mobile,Debit Card,Social Media,93,Churned,1,Churned
9569,1,5326.77,5326.77,Home & Kitchen,Tablet,Cash on Delivery,Email Campaign,118,Churned,1,Churned
9571,2,3456.59,1728.295,Home & Kitchen,Mobile,Credit Card,Direct,134,Churned,1,Churned
9573,1,1042.86,1042.86,Toys & Baby,Desktop,Debit Card,Referral,350,Churned,1,Churned
9574,1,1026.04,1026.04,Home & Kitchen,Desktop,Credit Card,Paid Ads,284,Churned,1,Churned
9575,1,1119.65,1119.65,Grocery,Desktop,Net Banking,Social Media,187,Churned,1,Churned
9577,1,509.34,509.34,Fashion,Desktop,Debit Card,Organic Search,299,Churned,1,Churned
9578,2,2187.15,1093.575,Electronics,Desktop,Credit Card,Paid Ads,252,Churned,1,Churned
9584,1,2046.94,2046.94,Toys & Baby,Mobile,Credit Card,Paid Ads,161,Churned,1,Churned
9587,1,2846.35,2846.35,Electronics,Desktop,Debit Card,Social Media,80,Active,0,High Risk
9589,1,1351.04,1351.04,Fashion,Desktop,Debit Card,Email Campaign,114,Churned,1,Churned
9592,1,2354.85,2354.85,Electronics,Desktop,Credit Card,Referral,259,Churned,1,Churned
9595,1,753.28,753.28,Sports & Fitness,Mobile,Debit Card,Direct,360,Churned,1,Churned
9597,1,2360.92,2360.92,Grocery,Desktop,Cash on Delivery,Social Media,107,Churned,1,Churned
9598,1,642.27,642.27,Toys & Baby,Mobile,EMI,Social Media,89,Active,0,High Risk
9599,2,3676.37,1838.185,Grocery,Desktop,Credit Card,Direct,5,Active,0,Low Risk
9600,1,3321.07,3321.07,Beauty & Personal Care,Tablet,EMI,Paid Ads,9,Active,0,Low Risk
9602,1,115.49,115.49,Sports & Fitness,Desktop,UPI,Organic Search,259,Churned,1,Churned
9606,1,418.9,418.9,Electronics,Tablet,Debit Card,Organic Search,172,Churned,1,Churned
9608,1,582.94,582.94,Books,Desktop,UPI,Direct,11,Active,0,Low Risk
9614,3,4422.33,1474.11,Fashion,Mobile,Cash on Delivery,Email Campaign,140,Churned,1,Churned
9617,1,2634.8,2634.8,Fashion,Desktop,UPI,Paid Ads,77,Active,0,High Risk
9624,1,1558.96,1558.96,Electronics,Tablet,Cash on Delivery,Organic Search,79,Active,0,High Risk
9627,1,376.56,376.56,Sports & Fitness,Mobile,Net Banking,Social Media,182,Churned,1,Churned
9629,3,5906.11,1968.7033333333331,Beauty & Personal Care,Mobile,Cash on Delivery,Email Campaign,91,Churned,1,Churned
9630,2,1863.35,931.675,Books,Desktop,Debit Card,Email Campaign,33,Active,0,Medium Risk
9631,1,879.68,879.68,Home & Kitchen,Mobile,UPI,Referral,331,Churned,1,Churned
9633,1,5328.79,5328.79,Beauty & Personal Care,Desktop,Credit Card,Paid Ads,9,Active,0,Low Risk
9634,1,6060.36,6060.36,Toys & Baby,Desktop,UPI,Email Campaign,10,Active,0,Low Risk
9636,4,8408.52,2102.13,Books,Mobile,Credit Card,Direct,16,Active,0,Low Risk
9638,2,5225.09,2612.545,Home & Kitchen,Mobile,Net Banking,Organic Search,175,Churned,1,Churned
9639,4,4585.86,1146.465,Grocery,Mobile,Cash on Delivery,Direct,29,Active,0,Low Risk
9641,1,1077.84,1077.84,Home & Kitchen,Mobile,UPI,Email Campaign,24,Active,0,Low Risk
9643,2,2144.73,1072.365,Electronics,Mobile,Debit Card,Direct,1,Active,0,Low Risk
9646,1,431.04,431.04,Books,Desktop,EMI,Referral,172,Churned,1,Churned
9648,1,599.94,599.94,Sports & Fitness,Desktop,Cash on Delivery,Paid Ads,145,Churned,1,Churned
9651,1,1572.21,1572.21,Books,Desktop,Net Banking,Referral,342,Churned,1,Churned
9652,2,1690.88,845.44,Sports & Fitness,Desktop,Cash on Delivery,Paid Ads,101,Churned,1,Churned
9655,1,1073.14,1073.14,Books,Mobile,Debit Card,Organic Search,331,Churned,1,Churned
9656,1,1691.63,1691.63,Books,Desktop,Credit Card,Direct,6,Active,0,Low Risk
9658,5,11532.05,2306.41,Grocery,Desktop,Debit Card,Direct,169,Churned,1,Churned
9662,2,2792.1600000000003,1396.0800000000002,Electronics,Tablet,Cash on Delivery,Organic Search,53,Active,0,Medium Risk
9663,1,3129.52,3129.52,Home & Kitchen,Desktop,Net Banking,Organic Search,225,Churned,1,Churned
9666,1,703.68,703.68,Toys & Baby,Mobile,Cash on Delivery,Social Media,302,Churned,1,Churned
9668,1,4401.23,4401.23,Beauty & Personal Care,Desktop,Debit Card,Referral,198,Churned,1,Churned
9670,2,1531.63,765.815,Electronics,Desktop,Debit Card,Paid Ads,334,Churned,1,Churned
9677,1,1587.68,1587.68,Fashion,Desktop,Cash on Delivery,Social Media,228,Churned,1,Churned
9680,1,1684.38,1684.38,Books,Desktop,Net Banking,Direct,189,Churned,1,Churned
9681,2,643.62,321.81,Sports & Fitness,Desktop,Credit Card,Organic Search,52,Active,0,Medium Risk
9684,1,220.97,220.97,Sports & Fitness,Mobile,Cash on Delivery,Social Media,283,Churned,1,Churned
9685,2,3810.04,1905.02,Fashion,Mobile,Credit Card,Email Campaign,205,Churned,1,Churned
9691,1,885.92,885.92,Beauty & Personal Care,Desktop,Credit Card,Direct,132,Churned,1,Churned
9692,1,3474.48,3474.48,Home & Kitchen,Desktop,EMI,Social Media,160,Churned,1,Churned
9693,1,171.78,171.78,Sports & Fitness,Tablet,EMI,Direct,137,Churned,1,Churned
9695,1,798.58,798.58,Fashion,Mobile,UPI,Paid Ads,115,Churned,1,Churned
9697,1,1631.68,1631.68,Fashion,Desktop,Debit Card,Direct,330,Churned,1,Churned
9698,1,490.67,490.67,Fashion,Mobile,Credit Card,Social Media,142,Churned,1,Churned
9699,1,668.82,668.82,Electronics,Mobile,Cash on Delivery,Social Media,354,Churned,1,Churned
9703,1,1500.01,1500.01,Fashion,Desktop,Credit Card,Organic Search,147,Churned,1,Churned
9704,1,4339.03,4339.03,Books,Mobile,Credit Card,Referral,210,Churned,1,Churned
9706,1,881.33,881.33,Sports & Fitness,Tablet,Cash on Delivery,Social Media,136,Churned,1,Churned
9707,1,5553.0,5553.0,Beauty & Personal Care,Tablet,EMI,Referral,78,Active,0,High Risk
9711,1,104.4,104.4,Fashion,Mobile,Net Banking,Referral,8,Active,0,Low Risk
9712,1,535.5,535.5,Fashion,Desktop,Net Banking,Paid Ads,174,Churned,1,Churned
9713,1,1197.58,1197.58,Fashion,Mobile,Debit Card,Social Media,314,Churned,1,Churned
9718,1,2410.31,2410.31,Grocery,Desktop,Debit Card,Direct,78,Active,0,High Risk
9719,2,1323.04,661.52,Books,Mobile,Cash on Delivery,Email Campaign,52,Active,0,Medium Risk
9723,1,5173.84,5173.84,Toys & Baby,Desktop,UPI,Direct,203,Churned,1,Churned
9726,2,6634.26,3317.13,Grocery,Desktop,Cash on Delivery,Direct,178,Churned,1,Churned
9727,1,2621.8,2621.8,Grocery,Mobile,Credit Card,Email Campaign,346,Churned,1,Churned
9728,1,205.35,205.35,Fashion,Desktop,Cash on Delivery,Organic Search,331,Churned,1,Churned
9730,1,3181.75,3181.75,Books,Desktop,Credit Card,Direct,42,Active,0,Medium Risk
9732,2,4610.57,2305.285,Beauty & Personal Care,Desktop,Credit Card,Direct,29,Active,0,Low Risk
9733,1,3555.88,3555.88,Toys & Baby,Mobile,EMI,Social Media,266,Churned,1,Churned
9734,2,1942.9499999999998,971.4749999999999,Electronics,Desktop,Debit Card,Organic Search,93,Churned,1,Churned
9736,1,1095.18,1095.18,Fashion,Desktop,Cash on Delivery,Social Media,189,Churned,1,Churned
9738,1,925.88,925.88,Fashion,Desktop,Net Banking,Email Campaign,319,Churned,1,Churned
9739,1,1615.15,1615.15,Toys & Baby,Desktop,Debit Card,Direct,292,Churned,1,Churned
9741,1,542.19,542.19,Electronics,Desktop,Net Banking,Direct,74,Active,0,High Risk
9743,1,2288.69,2288.69,Beauty & Personal Care,Tablet,Debit Card,Social Media,330,Churned,1,Churned
9744,1,1927.76,1927.76,Grocery,Mobile,EMI,Direct,313,Churned,1,Churned
9747,1,1253.28,1253.28,Sports & Fitness,Desktop,Net Banking,Social Media,87,Active,0,High Risk
9748,2,1867.56,933.78,Beauty & Personal Care,Desktop,Credit Card,Email Campaign,136,Churned,1,Churned
9749,1,2052.83,2052.83,Home & Kitchen,Desktop,UPI,Email Campaign,42,Active,0,Medium Risk
9752,1,1334.88,1334.88,Sports & Fitness,Desktop,Credit Card,Email Campaign,175,Churned,1,Churned
9753,1,497.21,497.21,Fashion,Mobile,Debit Card,Paid Ads,44,Active,0,Medium Risk
9754,1,3407.82,3407.82,Beauty & Personal Care,Mobile,UPI,Paid Ads,174,Churned,1,Churned
9755,2,1326.72,663.36,Beauty & Personal Care,Mobile,Net Banking,Organic Search,94,Churned,1,Churned
9757,1,81.54,81.54,Sports & Fitness,Desktop,EMI,Referral,291,Churned,1,Churned
9758,1,1100.76,1100.76,Toys & Baby,Desktop,Credit Card,Paid Ads,210,Churned,1,Churned
9759,2,7465.32,3732.66,Toys & Baby,Desktop,Cash on Delivery,Organic Search,102,Churned,1,Churned
9760,1,378.47,378.47,Sports & Fitness,Desktop,UPI,Paid Ads,365,Churned,1,Churned
9761,1,346.2,346.2,Fashion,Desktop,UPI,Email Campaign,61,Active,0,High Risk
9762,2,7499.860000000001,3749.9300000000003,Beauty & Personal Care,Desktop,Cash on Delivery,Email Campaign,5,Active,0,Low Risk
9763,1,346.78,346.78,Grocery,Mobile,Debit Card,Email Campaign,217,Churned,1,Churned
9765,2,5383.120000000001,2691.5600000000004,Books,Desktop,EMI,Email Campaign,67,Active,0,High Risk
9766,1,1265.31,1265.31,Home & Kitchen,Mobile,Credit Card,Paid Ads,161,Churned,1,Churned
9768,1,1970.75,1970.75,Grocery,Tablet,Debit Card,Paid Ads,174,Churned,1,Churned
9770,1,1688.2,1688.2,Fashion,Desktop,Net Banking,Email Campaign,217,Churned,1,Churned
9771,1,5050.12,5050.12,Home & Kitchen,Mobile,Cash on Delivery,Organic Search,9,Active,0,Low Risk
9772,1,1121.12,1121.12,Electronics,Tablet,Cash on Delivery,Paid Ads,73,Active,0,High Risk
9777,1,6759.63,6759.63,Toys & Baby,Tablet,EMI,Referral,272,Churned,1,Churned
9780,1,3361.47,3361.47,Beauty & Personal Care,Desktop,UPI,Organic Search,34,Active,0,Medium Risk
9781,1,1155.25,1155.25,Beauty & Personal Care,Mobile,Debit Card,Referral,15,Active,0,Low Risk
9782,1,1946.82,1946.82,Grocery,Mobile,Cash on Delivery,Paid Ads,359,Churned,1,Churned
9784,1,2290.49,2290.49,Beauty & Personal Care,Mobile,Debit Card,Social Media,96,Churned,1,Churned
9785,1,5796.39,5796.39,Books,Mobile,Cash on Delivery,Organic Search,115,Churned,1,Churned
9789,1,451.66,451.66,Sports & Fitness,Mobile,Credit Card,Paid Ads,91,Churned,1,Churned
9796,2,2825.51,1412.755,Electronics,Mobile,Net Banking,Email Campaign,1,Active,0,Low Risk
9802,1,957.85,957.85,Books,Mobile,Net Banking,Organic Search,94,Churned,1,Churned
9805,1,1082.08,1082.08,Toys & Baby,Desktop,UPI,Referral,316,Churned,1,Churned
9807,2,1228.63,614.315,Grocery,Desktop,Credit Card,Direct,147,Churned,1,Churned
9809,1,213.74,213.74,Fashion,Desktop,UPI,Social Media,360,Churned,1,Churned
9812,1,655.88,655.88,Toys & Baby,Desktop,Credit Card,Social Media,237,Churned,1,Churned
9815,1,626.42,626.42,Home & Kitchen,Tablet,Debit Card,Email Campaign,95,Churned,1,Churned
9816,1,436.59,436.59,Sports & Fitness,Mobile,Cash on Delivery,Referral,13,Active,0,Low Risk
9817,2,5694.05,2847.025,Grocery,Desktop,Credit Card,Referral,10,Active,0,Low Risk
9818,1,5903.7,5903.7,Toys & Baby,Mobile,UPI,Paid Ads,153,Churned,1,Churned
9821,1,1170.02,1170.02,Electronics,Desktop,Cash on Delivery,Organic Search,307,Churned,1,Churned
9822,1,1687.52,1687.52,Sports & Fitness,Desktop,Cash on Delivery,Social Media,22,Active,0,Low Risk
9824,1,3184.17,3184.17,Grocery,Desktop,UPI,Organic Search,343,Churned,1,Churned
9825,2,3344.65,1672.325,Fashion,Mobile,Net Banking,Paid Ads,189,Churned,1,Churned
9830,1,260.1,260.1,Fashion,Desktop,Net Banking,Direct,272,Churned,1,Churned
9831,3,2157.76,719.2533333333334,Fashion,Mobile,Cash on Delivery,Direct,74,Active,0,High Risk
9833,1,2724.86,2724.86,Books,Desktop,Debit Card,Direct,242,Churned,1,Churned
9836,2,1398.98,699.49,Electronics,Mobile,EMI,Direct,132,Churned,1,Churned
9838,1,1458.73,1458.73,Home & Kitchen,Mobile,Net Banking,Paid Ads,342,Churned,1,Churned
9839,2,3991.05,1995.525,Toys & Baby,Desktop,EMI,Organic Search,12,Active,0,Low Risk
9845,2,6979.08,3489.54,Toys & Baby,Desktop,Debit Card,Organic Search,195,Churned,1,Churned
9849,1,1295.74,1295.74,Grocery,Desktop,EMI,Direct,52,Active,0,Medium Risk
9856,1,734.02,734.02,Sports & Fitness,Desktop,Credit Card,Referral,31,Active,0,Medium Risk
9857,1,2072.57,2072.57,Electronics,Tablet,Cash on Delivery,Paid Ads,350,Churned,1,Churned
9859,3,4057.34,1352.4466666666667,Beauty & Personal Care,Mobile,Cash on Delivery,Direct,275,Churned,1,Churned
9860,2,5017.68,2508.84,Fashion,Mobile,Credit Card,Email Campaign,266,Churned,1,Churned
9861,2,1026.96,513.48,Grocery,Desktop,EMI,Organic Search,90,Active,0,High Risk
9862,2,7869.07,3934.535,Home & Kitchen,Mobile,Net Banking,Email Campaign,107,Churned,1,Churned
9863,2,3268.36,1634.18,Fashion,Desktop,Credit Card,Email Campaign,4,Active,0,Low Risk
9865,1,713.19,713.19,Electronics,Tablet,Debit Card,Social Media,341,Churned,1,Churned
9867,2,7683.61,3841.805,Electronics,Desktop,Cash on Delivery,Paid Ads,76,Active,0,High Risk
9869,2,8202.76,4101.38,Fashion,Mobile,Credit Card,Organic Search,14,Active,0,Low Risk
9873,3,3978.3900000000003,1326.13,Fashion,Desktop,Debit Card,Direct,70,Active,0,High Risk
9880,1,2133.2,2133.2,Toys & Baby,Tablet,Credit Card,Paid Ads,250,Churned,1,Churned
9881,2,7184.4400000000005,3592.2200000000003,Books,Desktop,Credit Card,Paid Ads,255,Churned,1,Churned
9883,3,2216.86,738.9533333333334,Electronics,Mobile,Credit Card,Direct,160,Churned,1,Churned
9885,1,3008.2,3008.2,Books,Tablet,Debit Card,Direct,337,Churned,1,Churned
9886,1,708.13,708.13,Fashion,Desktop,Debit Card,Paid Ads,357,Churned,1,Churned
9887,1,526.18,526.18,Sports & Fitness,Mobile,Credit Card,Email Campaign,36,Active,0,Medium Risk
9888,1,4366.62,4366.62,Home & Kitchen,Mobile,Credit Card,Direct,115,Churned,1,Churned
9891,1,1808.79,1808.79,Toys & Baby,Desktop,EMI,Social Media,88,Active,0,High Risk
9892,1,1252.28,1252.28,Electronics,Desktop,Cash on Delivery,Referral,134,Churned,1,Churned
9903,1,1368.84,1368.84,Grocery,Desktop,Net Banking,Paid Ads,302,Churned,1,Churned
9906,1,2658.15,2658.15,Beauty & Personal Care,Mobile,EMI,Social Media,213,Churned,1,Churned
9907,1,787.37,787.37,Sports & Fitness,Mobile,Credit Card,Referral,130,Churned,1,Churned
9909,1,2419.52,2419.52,Beauty & Personal Care,Mobile,EMI,Organic Search,120,Churned,1,Churned
9910,1,613.1,613.1,Toys & Baby,Mobile,Cash on Delivery,Direct,328,Churned,1,Churned
9911,1,2633.7,2633.7,Electronics,Mobile,EMI,Organic Search,318,Churned,1,Churned
9916,1,2948.28,2948.28,Books,Desktop,Cash on Delivery,Direct,83,Active,0,High Risk
9917,1,317.7,317.7,Fashion,Desktop,Credit Card,Email Campaign,7,Active,0,Low Risk
9919,1,202.41,202.41,Sports & Fitness,Desktop,Net Banking,Social Media,267,Churned,1,Churned
9921,2,6298.85,3149.425,Grocery,Mobile,Credit Card,Paid Ads,23,Active,0,Low Risk
9922,1,1975.84,1975.84,Sports & Fitness,Desktop,Cash on Delivery,Email Campaign,309,Churned,1,Churned
9923,1,1348.96,1348.96,Toys & Baby,Desktop,Debit Card,Social Media,189,Churned,1,Churned
9924,2,4163.6,2081.8,Grocery,Mobile,Cash on Delivery,Direct,68,Active,0,High Risk
9926,1,1483.68,1483.68,Electronics,Desktop,Credit Card,Email Campaign,361,Churned,1,Churned
9928,2,3254.47,1627.235,Grocery,Mobile,EMI,Direct,302,Churned,1,Churned
9929,1,981.5,981.5,Sports & Fitness,Mobile,UPI,Direct,289,Churned,1,Churned
9930,1,3192.74,3192.74,Home & Kitchen,Tablet,Net Banking,Email Campaign,126,Churned,1,Churned
9931,2,6026.58,3013.29,Fashion,Desktop,Cash on Delivery,Paid Ads,36,Active,0,Medium Risk
9932,2,4014.9900000000002,2007.4950000000001,Beauty & Personal Care,Desktop,Net Banking,Direct,19,Active,0,Low Risk
9939,1,1273.44,1273.44,Fashion,Desktop,EMI,Paid Ads,331,Churned,1,Churned
9940,2,4222.35,2111.175,Electronics,Desktop,Cash on Delivery,Email Campaign,237,Churned,1,Churned
9947,1,1919.04,1919.04,Grocery,Desktop,UPI,Paid Ads,94,Churned,1,Churned
9948,2,2881.6,1440.8,Fashion,Desktop,Credit Card,Referral,245,Churned,1,Churned
9950,2,3073.7799999999997,1536.8899999999999,Books,Desktop,EMI,Paid Ads,300,Churned,1,Churned
9951,1,937.36,937.36,Grocery,Tablet,UPI,Paid Ads,100,Churned,1,Churned
9952,1,4054.2,4054.2,Toys & Baby,Mobile,Credit Card,Direct,33,Active,0,Medium Risk
9954,1,3849.4,3849.4,Home & Kitchen,Mobile,EMI,Organic Search,205,Churned,1,Churned
9959,5,7052.049999999999,1410.4099999999999,Sports & Fitness,Desktop,Debit Card,Direct,147,Churned,1,Churned
9961,1,1587.64,1587.64,Grocery,Desktop,Net Banking,Organic Search,335,Churned,1,Churned
9962,1,1198.66,1198.66,Books,Mobile,Debit Card,Social Media,36,Active,0,Medium Risk
9963,2,3696.62,1848.31,Fashion,Desktop,UPI,Email Campaign,239,Churned,1,Churned
9965,2,1116.83,558.415,Electronics,Desktop,Cash on Delivery,Direct,73,Active,0,High Risk
9976,1,3573.54,3573.54,Electronics,Desktop,UPI,Email Campaign,304,Churned,1,Churned
9977,1,879.36,879.36,Beauty & Personal Care,Desktop,Credit Card,Social Media,118,Churned,1,Churned
9978,2,5745.68,2872.84,Beauty & Personal Care,Mobile,Credit Card,Direct,159,Churned,1,Churned
9979,1,2429.94,2429.94,Books,Desktop,UPI,Email Campaign,362,Churned,1,Churned
9982,2,921.9200000000001,460.96000000000004,Sports & Fitness,Desktop,Credit Card,Email Campaign,188,Churned,1,Churned
9983,2,5784.139999999999,2892.0699999999997,Books,Mobile,Credit Card,Email Campaign,1,Active,0,Low Risk
9985,1,3656.85,3656.85,Beauty & Personal Care,Desktop,Net Banking,Direct,280,Churned,1,Churned
9987,1,922.81,922.81,Electronics,Desktop,Net Banking,Social Media,115,Churned,1,Churned
9990,2,10009.98,5004.99,Home & Kitchen,Desktop,Cash on Delivery,Direct,11,Active,0,Low Risk
9992,2,4906.209999999999,2453.1049999999996,Books,Desktop,Credit Card,Referral,51,Active,0,Medium Risk
9993,2,3413.7200000000003,1706.8600000000001,Grocery,Mobile,Cash on Delivery,Direct,5,Active,0,Low Risk
9994,1,1038.24,1038.24,Toys & Baby,Desktop,UPI,Paid Ads,72,Active,0,High Risk
9997,1,1583.0,1583.0,Home & Kitchen,Mobile,Debit Card,Paid Ads,276,Churned,1,Churned
9998,1,1295.58,1295.58,Home & Kitchen,Desktop,Credit Card,Direct,347,Churned,1,Churned
