customer_id,frequency,monetary,recency,r_score,f_score,m_score,rfm_score,rfm_total,segment
1000,1,1228.72,248,2,1,2,212,5,At Risk
1003,1,1681.96,89,4,1,3,413,8,New & Promising
1008,1,1546.42,49,5,1,3,513,9,New & Promising
1009,3,4616.63,100,4,5,5,455,14,Champions
1014,1,2423.92,318,1,1,4,114,6,Lost
1026,1,244.3,350,1,1,1,111,3,Lost
1028,1,2328.44,138,3,1,3,313,7,New & Promising
1029,1,357.02,155,3,1,1,311,5,New & Promising
1031,2,2231.42,129,3,4,3,343,10,Loyal
1033,1,571.06,333,1,1,1,111,3,Lost
1035,1,325.77,137,3,1,1,311,5,New & Promising
1036,1,395.17,51,5,1,1,511,7,New & Promising
1038,1,4503.98,52,5,1,5,515,11,New & Promising
1039,2,1852.98,15,5,4,3,543,12,Champions
1040,2,7417.69,14,5,4,5,545,14,Champions
1041,1,1296.48,121,4,1,2,412,7,New & Promising
1042,3,4330.68,139,3,5,5,355,13,Loyal
1044,2,1008.6199999999999,73,4,4,2,442,10,Champions
1047,1,922.92,126,3,1,2,312,6,New & Promising
1054,1,2322.16,184,3,1,3,313,7,New & Promising
1056,1,345.71,79,4,1,1,411,6,New & Promising
1058,2,6257.73,222,2,4,5,245,11,At Risk
1062,2,5304.35,94,4,4,5,445,13,Champions
1065,1,7889.36,223,2,1,5,215,8,At Risk
1066,1,3654.18,142,3,1,4,314,8,New & Promising
1067,1,2032.07,119,4,1,3,413,8,New & Promising
1071,1,1331.9,132,3,1,2,312,6,New & Promising
1076,1,1449.62,342,1,1,3,113,5,Lost
1077,1,1959.6,89,4,1,3,413,8,New & Promising
1078,1,490.0,215,2,1,1,211,4,At Risk
1079,1,4252.77,107,4,1,5,415,10,New & Promising
1080,1,2111.96,124,3,1,3,313,7,New & Promising
1082,1,1601.42,225,2,1,3,213,6,At Risk
1083,1,1056.76,166,3,1,2,312,6,New & Promising
1084,1,3648.04,355,1,1,4,114,6,Lost
1086,1,1236.24,339,1,1,2,112,4,Lost
1087,1,222.61,218,2,1,1,211,4,At Risk
1089,1,2169.46,212,2,1,3,213,6,At Risk
1090,1,3331.6,216,2,1,4,214,7,At Risk
1092,1,2987.93,166,3,1,4,314,8,New & Promising
1095,2,3681.54,50,5,4,4,544,13,Champions
1096,2,4912.93,136,3,4,5,345,12,Loyal
1099,1,2717.82,88,4,1,4,414,9,New & Promising
1100,2,788.77,141,3,4,2,342,9,Loyal
1101,1,1339.45,42,5,1,2,512,8,New & Promising
1105,1,1244.58,327,1,1,2,112,4,Lost
1110,1,2098.22,41,5,1,3,513,9,New & Promising
1111,1,1839.86,223,2,1,3,213,6,At Risk
1112,1,2540.56,323,1,1,4,114,6,Lost
1115,1,1763.68,214,2,1,3,213,6,At Risk
1118,1,4522.5,351,1,1,5,115,7,Lost
1121,1,1894.59,227,2,1,3,213,6,At Risk
1124,2,1684.02,68,4,4,3,443,11,Champions
1126,2,2051.36,126,3,4,3,343,10,Loyal
1130,1,1026.78,196,2,1,2,212,5,At Risk
1131,1,1150.86,182,3,1,2,312,6,New & Promising
1132,2,3476.2200000000003,124,3,4,4,344,11,Loyal
1134,3,7061.16,53,5,5,5,555,15,Champions
1138,1,924.05,29,5,1,2,512,8,New & Promising
1145,1,997.25,56,5,1,2,512,8,New & Promising
1146,1,2950.09,32,5,1,4,514,10,New & Promising
1148,1,843.58,351,1,1,2,112,4,Lost
1150,1,2340.49,234,2,1,3,213,6,At Risk
1151,1,673.69,64,4,1,1,411,6,New & Promising
1152,1,772.78,109,4,1,2,412,7,New & Promising
1153,1,1069.29,86,4,1,2,412,7,New & Promising
1155,2,4908.51,115,4,4,5,445,13,Champions
1158,1,2864.37,64,4,1,4,414,9,New & Promising
1159,1,5605.16,288,1,1,5,115,7,Lost
1160,1,2058.0,240,2,1,3,213,6,At Risk
1162,1,1483.14,336,1,1,3,113,5,Lost
1163,1,403.7,81,4,1,1,411,6,New & Promising
1164,1,1126.58,180,3,1,2,312,6,New & Promising
1165,2,1357.8700000000001,31,5,4,2,542,11,Champions
1167,2,3059.2,18,5,4,4,544,13,Champions
1169,2,947.29,148,3,4,2,342,9,Loyal
1172,1,332.26,265,2,1,1,211,4,At Risk
1174,1,1507.02,171,3,1,3,313,7,New & Promising
1175,2,2666.8900000000003,128,3,4,4,344,11,Loyal
1177,1,756.39,142,3,1,1,311,5,New & Promising
1183,1,5294.04,263,2,1,5,215,8,At Risk
1184,2,3314.81,181,3,4,4,344,11,Loyal
1187,2,9145.76,26,5,4,5,545,14,Champions
1188,3,1550.69,20,5,5,3,553,13,Champions
1190,2,1456.45,39,5,4,3,543,12,Champions
1193,1,1818.94,360,1,1,3,113,5,Lost
1195,1,1219.67,2,5,1,2,512,8,New & Promising
1196,2,5634.82,255,2,4,5,245,11,At Risk
1197,1,4518.88,26,5,1,5,515,11,New & Promising
1198,1,973.3,178,3,1,2,312,6,New & Promising
1200,1,1897.32,64,4,1,3,413,8,New & Promising
1202,1,1248.59,294,1,1,2,112,4,Lost
1203,2,3619.66,238,2,4,4,244,10,At Risk
1204,1,969.32,41,5,1,2,512,8,New & Promising
1206,1,3324.51,319,1,1,4,114,6,Lost
1208,1,1136.65,179,3,1,2,312,6,New & Promising
1209,1,816.6,310,1,1,2,112,4,Lost
1212,3,2666.46,32,5,5,4,554,14,Champions
1213,1,744.78,109,4,1,1,411,6,New & Promising
1214,1,3055.83,323,1,1,4,114,6,Lost
1215,1,1328.42,53,5,1,2,512,8,New & Promising
1218,2,3526.43,69,4,4,4,444,12,Champions
1220,1,1765.86,209,2,1,3,213,6,At Risk
1222,1,898.63,344,1,1,2,112,4,Lost
1223,1,522.78,63,4,1,1,411,6,New & Promising
1225,1,268.76,128,3,1,1,311,5,New & Promising
1226,1,1203.09,48,5,1,2,512,8,New & Promising
1227,1,4039.92,19,5,1,5,515,11,New & Promising
1228,1,829.75,301,1,1,2,112,4,Lost
1229,1,651.56,358,1,1,1,111,3,Lost
1231,1,741.57,77,4,1,1,411,6,New & Promising
1234,1,377.35,224,2,1,1,211,4,At Risk
1240,1,1882.12,98,4,1,3,413,8,New & Promising
1241,2,3617.15,125,3,4,4,344,11,Loyal
1243,1,3898.5,147,3,1,5,315,9,New & Promising
1244,2,3078.65,51,5,4,4,544,13,Champions
1252,2,7790.94,48,5,4,5,545,14,Champions
1253,1,2191.33,251,2,1,3,213,6,At Risk
1262,1,797.16,296,1,1,2,112,4,Lost
1264,1,1712.22,98,4,1,3,413,8,New & Promising
1268,1,1455.21,15,5,1,3,513,9,New & Promising
1269,1,1787.02,183,3,1,3,313,7,New & Promising
1270,2,3845.93,99,4,4,5,445,13,Champions
1271,1,1130.35,137,3,1,2,312,6,New & Promising
1274,1,2065.7,273,2,1,3,213,6,At Risk
1275,2,7788.92,145,3,4,5,345,12,Loyal
1277,1,414.36,294,1,1,1,111,3,Lost
1278,2,4367.72,83,4,4,5,445,13,Champions
1279,1,3180.17,301,1,1,4,114,6,Lost
1282,1,281.46,40,5,1,1,511,7,New & Promising
1283,1,3166.32,51,5,1,4,514,10,New & Promising
1284,1,6649.04,153,3,1,5,315,9,New & Promising
1285,1,2942.34,363,1,1,4,114,6,Lost
1290,2,1015.6500000000001,44,5,4,2,542,11,Champions
1291,1,2457.68,359,1,1,4,114,6,Lost
1292,2,3075.91,289,1,4,4,144,9,Lost
1295,1,267.34,175,3,1,1,311,5,New & Promising
1298,1,285.16,278,1,1,1,111,3,Lost
1302,1,821.62,42,5,1,2,512,8,New & Promising
1303,1,989.88,317,1,1,2,112,4,Lost
1304,1,529.27,81,4,1,1,411,6,New & Promising
1307,1,553.52,326,1,1,1,111,3,Lost
1308,1,566.61,320,1,1,1,111,3,Lost
1312,2,6037.98,303,1,4,5,145,10,Lost
1315,1,1937.57,173,3,1,3,313,7,New & Promising
1316,5,9432.31,34,5,5,5,555,15,Champions
1317,4,8119.4400000000005,30,5,5,5,555,15,Champions
1318,2,1692.53,149,3,4,3,343,10,Loyal
1319,2,3602.98,110,4,4,4,444,12,Champions
1322,2,2239.44,126,3,4,3,343,10,Loyal
1323,1,3132.29,212,2,1,4,214,7,At Risk
1324,1,3519.68,90,4,1,4,414,9,New & Promising
1327,2,4069.45,1,5,4,5,545,14,Champions
1329,1,443.01,98,4,1,1,411,6,New & Promising
1331,1,4930.51,133,3,1,5,315,9,New & Promising
1332,1,3016.32,271,2,1,4,214,7,At Risk
1334,5,12203.21,15,5,5,5,555,15,Champions
1335,3,3522.92,10,5,5,4,554,14,Champions
1336,1,3797.19,109,4,1,4,414,9,New & Promising
1337,1,783.06,230,2,1,2,212,5,At Risk
1339,1,530.31,300,1,1,1,111,3,Lost
1343,1,3053.36,23,5,1,4,514,10,New & Promising
1345,1,256.67,164,3,1,1,311,5,New & Promising
1347,1,3357.67,266,2,1,4,214,7,At Risk
1348,1,4789.77,208,2,1,5,215,8,At Risk
1349,1,307.29,180,3,1,1,311,5,New & Promising
1350,3,1480.29,293,1,5,3,153,9,Lost
1351,1,4652.64,89,4,1,5,415,10,New & Promising
1352,2,1316.79,246,2,4,2,242,8,At Risk
1356,1,2397.1,106,4,1,4,414,9,New & Promising
1357,1,1199.55,301,1,1,2,112,4,Lost
1360,3,3696.46,139,3,5,4,354,12,Loyal
1361,3,4596.29,3,5,5,5,555,15,Champions
1362,1,3356.54,330,1,1,4,114,6,Lost
1363,2,181.93,151,3,4,1,341,8,Loyal
1365,2,3247.63,57,5,4,4,544,13,Champions
1366,1,4299.17,84,4,1,5,415,10,New & Promising
1368,2,4747.9400000000005,123,3,4,5,345,12,Loyal
1370,1,1920.92,56,5,1,3,513,9,New & Promising
1372,2,7627.08,231,2,4,5,245,11,At Risk
1378,3,2604.1,31,5,5,4,554,14,Champions
1379,1,863.94,223,2,1,2,212,5,At Risk
1380,1,700.35,157,3,1,1,311,5,New & Promising
1381,1,566.3,217,2,1,1,211,4,At Risk
1382,2,4061.77,107,4,4,5,445,13,Champions
1385,1,3694.52,346,1,1,4,114,6,Lost
1386,2,3064.78,44,5,4,4,544,13,Champions
1387,2,1111.73,67,4,4,2,442,10,Champions
1388,1,3964.28,203,2,1,5,215,8,At Risk
1395,2,2703.44,218,2,4,4,244,10,At Risk
1397,1,2856.24,155,3,1,4,314,8,New & Promising
1398,1,663.37,364,1,1,1,111,3,Lost
1400,1,527.51,124,3,1,1,311,5,New & Promising
1403,2,2038.8500000000001,66,4,4,3,443,11,Champions
1404,2,1646.99,32,5,4,3,543,12,Champions
1405,1,1296.62,309,1,1,2,112,4,Lost
1410,1,162.49,214,2,1,1,211,4,At Risk
1412,1,698.61,4,5,1,1,511,7,New & Promising
1418,1,829.86,55,5,1,2,512,8,New & Promising
1419,2,5203.04,100,4,4,5,445,13,Champions
1420,1,4219.62,287,1,1,5,115,7,Lost
1422,1,2685.78,120,4,1,4,414,9,New & Promising
1423,1,1066.1,361,1,1,2,112,4,Lost
1424,1,513.7,23,5,1,1,511,7,New & Promising
1425,1,518.32,276,1,1,1,111,3,Lost
1427,1,2279.68,34,5,1,3,513,9,New & Promising
1430,1,3753.0,89,4,1,4,414,9,New & Promising
1433,2,8307.94,242,2,4,5,245,11,At Risk
1434,1,2580.84,139,3,1,4,314,8,New & Promising
1436,1,3005.46,322,1,1,4,114,6,Lost
1437,2,1919.23,60,4,4,3,443,11,Champions
1438,1,313.88,323,1,1,1,111,3,Lost
1440,1,5960.25,167,3,1,5,315,9,New & Promising
1441,1,503.92,277,1,1,1,111,3,Lost
1445,2,2774.91,83,4,4,4,444,12,Champions
1447,2,2317.7200000000003,19,5,4,3,543,12,Champions
1450,1,2384.76,311,1,1,4,114,6,Lost
1451,1,471.13,95,4,1,1,411,6,New & Promising
1454,1,2611.03,50,5,1,4,514,10,New & Promising
1455,1,254.85,278,1,1,1,111,3,Lost
1456,2,2899.21,261,2,4,4,244,10,At Risk
1458,2,2026.27,23,5,4,3,543,12,Champions
1461,1,579.51,6,5,1,1,511,7,New & Promising
1462,2,1191.03,53,5,4,2,542,11,Champions
1463,1,4949.6,72,4,1,5,415,10,New & Promising
1464,2,1238.58,291,1,4,2,142,7,Lost
1466,1,1417.23,171,3,1,3,313,7,New & Promising
1467,2,1121.45,137,3,4,2,342,9,Loyal
1471,1,1161.18,47,5,1,2,512,8,New & Promising
1472,1,220.52,259,2,1,1,211,4,At Risk
1473,1,1213.67,143,3,1,2,312,6,New & Promising
1477,1,2809.28,179,3,1,4,314,8,New & Promising
1478,1,656.62,46,5,1,1,511,7,New & Promising
1479,1,2925.48,158,3,1,4,314,8,New & Promising
1483,2,4226.91,22,5,4,5,545,14,Champions
1484,2,4044.9100000000003,100,4,4,5,445,13,Champions
1486,1,2089.06,246,2,1,3,213,6,At Risk
1487,1,5778.76,69,4,1,5,415,10,New & Promising
1489,2,730.27,131,3,4,1,341,8,Loyal
1490,1,1211.39,189,3,1,2,312,6,New & Promising
1492,2,2307.77,15,5,4,3,543,12,Champions
1493,1,416.59,307,1,1,1,111,3,Lost
1496,2,2929.2999999999997,10,5,4,4,544,13,Champions
1497,1,5020.5,214,2,1,5,215,8,At Risk
1498,1,5302.37,25,5,1,5,515,11,New & Promising
1499,1,131.96,1,5,1,1,511,7,New & Promising
1501,1,6016.54,144,3,1,5,315,9,New & Promising
1503,1,4151.74,76,4,1,5,415,10,New & Promising
1505,1,574.4,172,3,1,1,311,5,New & Promising
1506,4,11867.1,93,4,5,5,455,14,Champions
1509,1,963.2,12,5,1,2,512,8,New & Promising
1510,1,4993.48,40,5,1,5,515,11,New & Promising
1513,1,165.17,187,3,1,1,311,5,New & Promising
1515,3,1602.91,15,5,5,3,553,13,Champions
1517,1,2029.92,143,3,1,3,313,7,New & Promising
1518,3,6890.76,8,5,5,5,555,15,Champions
1521,1,334.46,245,2,1,1,211,4,At Risk
1523,1,5576.1,244,2,1,5,215,8,At Risk
1524,1,972.99,233,2,1,2,212,5,At Risk
1527,1,476.82,88,4,1,1,411,6,New & Promising
1529,2,4588.91,173,3,4,5,345,12,Loyal
1530,2,1126.92,8,5,4,2,542,11,Champions
1531,1,2598.35,4,5,1,4,514,10,New & Promising
1532,1,3212.5,189,3,1,4,314,8,New & Promising
1533,1,1858.18,249,2,1,3,213,6,At Risk
1538,1,1661.69,52,5,1,3,513,9,New & Promising
1539,2,4421.79,27,5,4,5,545,14,Champions
1543,1,4321.89,60,4,1,5,415,10,New & Promising
1545,2,1395.81,26,5,4,2,542,11,Champions
1548,1,2348.55,123,3,1,3,313,7,New & Promising
1550,2,7921.13,5,5,4,5,545,14,Champions
1551,1,641.61,278,1,1,1,111,3,Lost
1555,1,2601.76,158,3,1,4,314,8,New & Promising
1557,1,1890.24,348,1,1,3,113,5,Lost
1560,1,1852.44,21,5,1,3,513,9,New & Promising
1564,1,1536.96,188,3,1,3,313,7,New & Promising
1566,1,589.15,109,4,1,1,411,6,New & Promising
1569,1,2879.92,290,1,1,4,114,6,Lost
1570,1,3623.82,282,1,1,4,114,6,Lost
1571,1,2562.31,320,1,1,4,114,6,Lost
1577,1,1887.37,210,2,1,3,213,6,At Risk
1581,1,956.08,302,1,1,2,112,4,Lost
1585,1,4847.17,299,1,1,5,115,7,Lost
1589,1,1146.6,348,1,1,2,112,4,Lost
1595,1,253.56,102,4,1,1,411,6,New & Promising
1599,2,3167.7400000000002,228,2,4,4,244,10,At Risk
1600,1,970.88,35,5,1,2,512,8,New & Promising
1601,1,1166.22,135,3,1,2,312,6,New & Promising
1604,1,425.65,253,2,1,1,211,4,At Risk
1607,1,766.55,299,1,1,2,112,4,Lost
1608,4,8634.02,79,4,5,5,455,14,Champions
1612,1,2539.1,45,5,1,4,514,10,New & Promising
1613,2,2440.56,83,4,4,4,444,12,Champions
1615,1,2330.22,275,2,1,3,213,6,At Risk
1618,2,1529.82,33,5,4,3,543,12,Champions
1620,1,4390.95,356,1,1,5,115,7,Lost
1622,1,1951.13,214,2,1,3,213,6,At Risk
1624,2,1483.5700000000002,154,3,4,3,343,10,Loyal
1627,1,1327.0,140,3,1,2,312,6,New & Promising
1629,1,432.01,137,3,1,1,311,5,New & Promising
1631,1,2336.52,105,4,1,3,413,8,New & Promising
1632,2,1683.5900000000001,15,5,4,3,543,12,Champions
1635,2,1696.4,201,2,4,3,243,9,At Risk
1640,1,765.98,235,2,1,2,212,5,At Risk
1641,1,1094.88,40,5,1,2,512,8,New & Promising
1644,2,1552.99,191,2,4,3,243,9,At Risk
1645,1,3067.74,225,2,1,4,214,7,At Risk
1646,2,5386.24,250,2,4,5,245,11,At Risk
1647,2,3613.1000000000004,112,4,4,4,444,12,Champions
1649,1,1929.76,237,2,1,3,213,6,At Risk
1657,2,1068.19,201,2,4,2,242,8,At Risk
1658,1,1048.12,102,4,1,2,412,7,New & Promising
1659,1,809.91,44,5,1,2,512,8,New & Promising
1661,3,10152.52,134,3,5,5,355,13,Loyal
1667,1,3170.98,58,5,1,4,514,10,New & Promising
1668,1,722.8,68,4,1,1,411,6,New & Promising
1672,1,807.22,248,2,1,2,212,5,At Risk
1673,1,1104.84,212,2,1,2,212,5,At Risk
1675,2,5207.360000000001,37,5,4,5,545,14,Champions
1676,2,3942.9700000000003,213,2,4,5,245,11,At Risk
1681,1,407.71,309,1,1,1,111,3,Lost
1682,1,2536.28,99,4,1,4,414,9,New & Promising
1683,1,1929.0,251,2,1,3,213,6,At Risk
1687,1,1318.78,178,3,1,2,312,6,New & Promising
1688,1,1141.31,338,1,1,2,112,4,Lost
1690,2,3004.06,39,5,4,4,544,13,Champions
1694,1,3849.17,233,2,1,5,215,8,At Risk
1695,1,725.39,67,4,1,1,411,6,New & Promising
1697,1,1989.62,334,1,1,3,113,5,Lost
1698,2,4020.0,246,2,4,5,245,11,At Risk
1699,1,1136.57,203,2,1,2,212,5,At Risk
1702,2,805.1700000000001,287,1,4,2,142,7,Lost
1703,1,2702.64,313,1,1,4,114,6,Lost
1706,1,1735.8,114,4,1,3,413,8,New & Promising
1708,2,1565.29,16,5,4,3,543,12,Champions
1709,1,1876.09,149,3,1,3,313,7,New & Promising
1710,1,6703.32,166,3,1,5,315,9,New & Promising
1711,3,1730.48,103,4,5,3,453,12,Champions
1712,1,3794.86,18,5,1,4,514,10,New & Promising
1713,1,1641.2,257,2,1,3,213,6,At Risk
1719,2,4606.89,3,5,4,5,545,14,Champions
1720,1,2791.04,353,1,1,4,114,6,Lost
1722,2,2146.9700000000003,34,5,4,3,543,12,Champions
1723,1,365.57,130,3,1,1,311,5,New & Promising
1728,1,4775.0,135,3,1,5,315,9,New & Promising
1730,1,681.53,15,5,1,1,511,7,New & Promising
1731,1,1130.1,74,4,1,2,412,7,New & Promising
1732,1,415.91,82,4,1,1,411,6,New & Promising
1733,1,688.34,364,1,1,1,111,3,Lost
1736,1,2510.82,319,1,1,4,114,6,Lost
1738,3,13800.96,12,5,5,5,555,15,Champions
1742,1,1286.8,4,5,1,2,512,8,New & Promising
1745,2,1012.98,163,3,4,2,342,9,Loyal
1746,1,288.04,63,4,1,1,411,6,New & Promising
1747,3,5489.889999999999,89,4,5,5,455,14,Champions
1749,1,882.81,345,1,1,2,112,4,Lost
1751,1,1128.93,38,5,1,2,512,8,New & Promising
1756,1,666.3,254,2,1,1,211,4,At Risk
1757,1,794.94,137,3,1,2,312,6,New & Promising
1759,1,922.11,85,4,1,2,412,7,New & Promising
1762,1,4314.87,139,3,1,5,315,9,New & Promising
1763,1,5219.03,133,3,1,5,315,9,New & Promising
1764,1,1182.76,37,5,1,2,512,8,New & Promising
1765,3,6114.2,218,2,5,5,255,12,At Risk
1766,1,606.83,70,4,1,1,411,6,New & Promising
1767,1,537.62,97,4,1,1,411,6,New & Promising
1770,1,678.33,225,2,1,1,211,4,At Risk
1773,4,4761.9400000000005,72,4,5,5,455,14,Champions
1777,1,150.84,258,2,1,1,211,4,At Risk
1778,1,1006.0,123,3,1,2,312,6,New & Promising
1780,1,3213.85,230,2,1,4,214,7,At Risk
1781,1,752.89,354,1,1,1,111,3,Lost
1783,1,958.94,34,5,1,2,512,8,New & Promising
1786,2,2626.37,331,1,4,4,144,9,Lost
1787,1,1424.09,348,1,1,3,113,5,Lost
1788,1,632.04,158,3,1,1,311,5,New & Promising
1789,1,4764.74,307,1,1,5,115,7,Lost
1795,1,527.61,27,5,1,1,511,7,New & Promising
1797,1,2043.63,200,2,1,3,213,6,At Risk
1798,1,3230.25,106,4,1,4,414,9,New & Promising
1800,1,1153.65,275,2,1,2,212,5,At Risk
1801,1,2547.22,166,3,1,4,314,8,New & Promising
1802,1,1337.24,19,5,1,2,512,8,New & Promising
1803,1,2206.11,32,5,1,3,513,9,New & Promising
1808,1,506.2,152,3,1,1,311,5,New & Promising
1811,2,2675.0099999999998,80,4,4,4,444,12,Champions
1812,1,1980.48,313,1,1,3,113,5,Lost
1814,2,2276.38,315,1,4,3,143,8,Lost
1815,1,1156.8,136,3,1,2,312,6,New & Promising
1819,1,3192.12,85,4,1,4,414,9,New & Promising
1823,2,2421.66,187,3,4,4,344,11,Loyal
1825,2,2864.42,79,4,4,4,444,12,Champions
1829,1,1398.4,13,5,1,2,512,8,New & Promising
1830,2,1788.8899999999999,4,5,4,3,543,12,Champions
1832,1,1846.82,16,5,1,3,513,9,New & Promising
1834,2,1904.63,36,5,4,3,543,12,Champions
1835,1,177.68,363,1,1,1,111,3,Lost
1837,1,343.86,232,2,1,1,211,4,At Risk
1839,1,756.53,332,1,1,1,111,3,Lost
1840,2,6283.03,231,2,4,5,245,11,At Risk
1841,1,689.02,306,1,1,1,111,3,Lost
1842,2,2288.83,214,2,4,3,243,9,At Risk
1846,1,2908.1,262,2,1,4,214,7,At Risk
1851,1,5448.2,347,1,1,5,115,7,Lost
1853,2,3799.8199999999997,49,5,4,4,544,13,Champions
1854,2,4694.13,83,4,4,5,445,13,Champions
1856,1,1251.12,278,1,1,2,112,4,Lost
1861,2,6969.4400000000005,159,3,4,5,345,12,Loyal
1862,1,787.95,328,1,1,2,112,4,Lost
1865,1,934.29,112,4,1,2,412,7,New & Promising
1867,1,1414.74,192,2,1,3,213,6,At Risk
1868,1,550.28,186,3,1,1,311,5,New & Promising
1873,1,4479.51,143,3,1,5,315,9,New & Promising
1874,1,742.85,254,2,1,1,211,4,At Risk
1880,1,7776.56,3,5,1,5,515,11,New & Promising
1881,1,2444.0,115,4,1,4,414,9,New & Promising
1885,1,773.51,191,2,1,2,212,5,At Risk
1886,1,3758.12,205,2,1,4,214,7,At Risk
1889,1,3985.24,26,5,1,5,515,11,New & Promising
1890,1,1673.45,306,1,1,3,113,5,Lost
1894,1,3616.48,336,1,1,4,114,6,Lost
1899,1,3473.2,112,4,1,4,414,9,New & Promising
1903,1,611.98,162,3,1,1,311,5,New & Promising
1908,1,619.54,278,1,1,1,111,3,Lost
1914,1,337.89,229,2,1,1,211,4,At Risk
1915,1,1722.87,265,2,1,3,213,6,At Risk
1916,1,211.63,95,4,1,1,411,6,New & Promising
1922,1,742.32,236,2,1,1,211,4,At Risk
1923,1,2511.84,93,4,1,4,414,9,New & Promising
1926,3,3901.2299999999996,52,5,5,5,555,15,Champions
1927,1,944.91,275,2,1,2,212,5,At Risk
1929,2,2165.5699999999997,58,5,4,3,543,12,Champions
1930,2,1232.25,222,2,4,2,242,8,At Risk
1934,2,3780.33,60,4,4,4,444,12,Champions
1936,1,1525.02,109,4,1,3,413,8,New & Promising
1937,1,450.44,114,4,1,1,411,6,New & Promising
1941,3,4066.58,227,2,5,5,255,12,At Risk
1943,2,5817.66,107,4,4,5,445,13,Champions
1945,1,740.14,355,1,1,1,111,3,Lost
1946,1,442.42,203,2,1,1,211,4,At Risk
1947,1,2008.35,221,2,1,3,213,6,At Risk
1948,1,3147.14,117,4,1,4,414,9,New & Promising
1950,1,3595.68,322,1,1,4,114,6,Lost
1951,4,5702.030000000001,26,5,5,5,555,15,Champions
1953,2,4341.24,136,3,4,5,345,12,Loyal
1955,1,2123.25,221,2,1,3,213,6,At Risk
1956,1,1135.6,166,3,1,2,312,6,New & Promising
1957,2,2259.73,206,2,4,3,243,9,At Risk
1958,2,3011.63,15,5,4,4,544,13,Champions
1959,1,825.0,313,1,1,2,112,4,Lost
1960,2,7002.41,91,4,4,5,445,13,Champions
1963,1,1399.0,258,2,1,2,212,5,At Risk
1965,1,1619.46,2,5,1,3,513,9,New & Promising
1966,1,2704.6,187,3,1,4,314,8,New & Promising
1969,1,3084.52,116,4,1,4,414,9,New & Promising
1971,1,1431.76,288,1,1,3,113,5,Lost
1973,2,10467.41,260,2,4,5,245,11,At Risk
1974,2,1278.26,141,3,4,2,342,9,Loyal
1977,3,6820.77,61,4,5,5,455,14,Champions
1979,1,6200.4,43,5,1,5,515,11,New & Promising
1982,1,1212.63,104,4,1,2,412,7,New & Promising
1985,1,4485.96,253,2,1,5,215,8,At Risk
1986,1,723.1,230,2,1,1,211,4,At Risk
1987,1,564.16,356,1,1,1,111,3,Lost
1990,1,4020.52,98,4,1,5,415,10,New & Promising
1993,2,756.09,95,4,4,1,441,9,Champions
1994,1,355.84,178,3,1,1,311,5,New & Promising
1995,1,493.96,317,1,1,1,111,3,Lost
1996,1,3338.77,114,4,1,4,414,9,New & Promising
1997,1,2431.34,316,1,1,4,114,6,Lost
2002,2,1472.05,144,3,4,3,343,10,Loyal
2004,1,315.81,188,3,1,1,311,5,New & Promising
2008,2,2099.9500000000003,196,2,4,3,243,9,At Risk
2009,2,4369.6,191,2,4,5,245,11,At Risk
2013,2,1609.31,5,5,4,3,543,12,Champions
2014,1,232.87,5,5,1,1,511,7,New & Promising
2017,1,325.76,295,1,1,1,111,3,Lost
2020,1,3592.26,98,4,1,4,414,9,New & Promising
2025,1,407.23,81,4,1,1,411,6,New & Promising
2026,2,7683.26,14,5,4,5,545,14,Champions
2027,1,1507.9,256,2,1,3,213,6,At Risk
2029,1,970.4,48,5,1,2,512,8,New & Promising
2030,1,415.02,272,2,1,1,211,4,At Risk
2035,1,2652.92,256,2,1,4,214,7,At Risk
2036,1,522.43,31,5,1,1,511,7,New & Promising
2037,1,3138.17,349,1,1,4,114,6,Lost
2039,2,1490.94,142,3,4,3,343,10,Loyal
2041,2,8680.05,17,5,4,5,545,14,Champions
2044,1,843.44,271,2,1,2,212,5,At Risk
2046,1,898.84,328,1,1,2,112,4,Lost
2048,1,1290.46,37,5,1,2,512,8,New & Promising
2051,1,507.47,259,2,1,1,211,4,At Risk
2053,2,1988.96,2,5,4,3,543,12,Champions
2054,1,433.5,285,1,1,1,111,3,Lost
2055,1,213.01,11,5,1,1,511,7,New & Promising
2057,1,2175.32,301,1,1,3,113,5,Lost
2058,1,1955.16,338,1,1,3,113,5,Lost
2063,1,1665.32,187,3,1,3,313,7,New & Promising
2064,1,4722.15,60,4,1,5,415,10,New & Promising
2066,2,2298.8,40,5,4,3,543,12,Champions
2068,1,319.95,9,5,1,1,511,7,New & Promising
2069,2,2338.08,82,4,4,3,443,11,Champions
2072,2,1600.6,100,4,4,3,443,11,Champions
2073,1,3105.8,75,4,1,4,414,9,New & Promising
2074,2,5171.09,5,5,4,5,545,14,Champions
2076,1,2587.71,292,1,1,4,114,6,Lost
2077,1,1295.93,297,1,1,2,112,4,Lost
2078,1,482.55,128,3,1,1,311,5,New & Promising
2079,1,863.97,3,5,1,2,512,8,New & Promising
2081,1,3992.52,274,2,1,5,215,8,At Risk
2082,2,6424.95,219,2,4,5,245,11,At Risk
2089,1,679.29,134,3,1,1,311,5,New & Promising
2097,3,4193.98,85,4,5,5,455,14,Champions
2106,1,539.16,344,1,1,1,111,3,Lost
2107,1,2090.28,351,1,1,3,113,5,Lost
2113,1,1287.54,258,2,1,2,212,5,At Risk
2114,1,1299.41,193,2,1,2,212,5,At Risk
2115,1,1159.48,39,5,1,2,512,8,New & Promising
2116,1,545.1,217,2,1,1,211,4,At Risk
2117,1,1873.58,178,3,1,3,313,7,New & Promising
2119,2,1731.77,100,4,4,3,443,11,Champions
2120,1,4068.52,122,4,1,5,415,10,New & Promising
2121,2,1081.49,102,4,4,2,442,10,Champions
2123,1,414.46,56,5,1,1,511,7,New & Promising
2130,1,1295.7,269,2,1,2,212,5,At Risk
2131,1,648.46,146,3,1,1,311,5,New & Promising
2132,1,1207.19,150,3,1,2,312,6,New & Promising
2135,1,390.76,74,4,1,1,411,6,New & Promising
2136,1,2507.7,238,2,1,4,214,7,At Risk
2140,1,3053.3,336,1,1,4,114,6,Lost
2141,1,4993.64,243,2,1,5,215,8,At Risk
2143,1,1030.14,75,4,1,2,412,7,New & Promising
2144,1,251.92,170,3,1,1,311,5,New & Promising
2147,1,2638.53,88,4,1,4,414,9,New & Promising
2151,3,7503.79,153,3,5,5,355,13,Loyal
2154,1,304.51,162,3,1,1,311,5,New & Promising
2155,3,5645.68,280,1,5,5,155,11,Lost
2156,2,1314.3600000000001,109,4,4,2,442,10,Champions
2157,2,1499.4299999999998,287,1,4,3,143,8,Lost
2163,2,1255.83,4,5,4,2,542,11,Champions
2164,1,2502.0,78,4,1,4,414,9,New & Promising
2165,1,1361.19,201,2,1,2,212,5,At Risk
2167,2,667.13,38,5,4,1,541,10,Champions
2169,1,633.88,177,3,1,1,311,5,New & Promising
2170,2,7742.3,193,2,4,5,245,11,At Risk
2176,1,563.42,207,2,1,1,211,4,At Risk
2177,1,427.52,255,2,1,1,211,4,At Risk
2179,1,255.85,175,3,1,1,311,5,New & Promising
2180,1,1217.97,252,2,1,2,212,5,At Risk
2182,1,597.85,112,4,1,1,411,6,New & Promising
2183,1,2957.16,355,1,1,4,114,6,Lost
2184,1,1473.0,264,2,1,3,213,6,At Risk
2185,1,2041.33,132,3,1,3,313,7,New & Promising
2189,1,3144.92,182,3,1,4,314,8,New & Promising
2191,1,1446.88,35,5,1,3,513,9,New & Promising
2192,1,1029.07,135,3,1,2,312,6,New & Promising
2193,2,2115.64,31,5,4,3,543,12,Champions
2199,2,4552.85,11,5,4,5,545,14,Champions
2200,2,2584.41,121,4,4,4,444,12,Champions
2201,1,2167.5,311,1,1,3,113,5,Lost
2202,2,2080.6000000000004,76,4,4,3,443,11,Champions
2205,1,694.49,267,2,1,1,211,4,At Risk
2207,1,348.62,179,3,1,1,311,5,New & Promising
2210,1,2921.29,134,3,1,4,314,8,New & Promising
2215,2,4814.959999999999,137,3,4,5,345,12,Loyal
2223,1,6708.92,107,4,1,5,415,10,New & Promising
2224,1,888.29,212,2,1,2,212,5,At Risk
2225,1,864.8,173,3,1,2,312,6,New & Promising
2226,1,4514.0,353,1,1,5,115,7,Lost
2227,1,508.2,279,1,1,1,111,3,Lost
2228,1,1168.78,291,1,1,2,112,4,Lost
2229,1,1940.76,312,1,1,3,113,5,Lost
2232,1,490.58,319,1,1,1,111,3,Lost
2234,1,66.76,323,1,1,1,111,3,Lost
2236,1,802.98,250,2,1,2,212,5,At Risk
2237,1,3555.01,166,3,1,4,314,8,New & Promising
2240,1,2536.47,126,3,1,4,314,8,New & Promising
2244,1,2059.52,239,2,1,3,213,6,At Risk
2247,1,450.13,281,1,1,1,111,3,Lost
2255,2,3328.34,2,5,4,4,544,13,Champions
2258,1,617.2,144,3,1,1,311,5,New & Promising
2260,2,4882.51,227,2,4,5,245,11,At Risk
2262,1,415.06,24,5,1,1,511,7,New & Promising
2266,1,641.5,128,3,1,1,311,5,New & Promising
2275,1,767.39,289,1,1,2,112,4,Lost
2277,1,951.32,245,2,1,2,212,5,At Risk
2278,1,2229.28,183,3,1,3,313,7,New & Promising
2280,1,1117.05,234,2,1,2,212,5,At Risk
2281,1,1506.42,57,5,1,3,513,9,New & Promising
2282,1,2032.3,24,5,1,3,513,9,New & Promising
2286,2,1859.9899999999998,104,4,4,3,443,11,Champions
2287,2,7664.75,104,4,4,5,445,13,Champions
2288,1,2882.34,69,4,1,4,414,9,New & Promising
2289,1,2204.36,346,1,1,3,113,5,Lost
2292,1,2318.59,279,1,1,3,113,5,Lost
2294,2,1449.48,103,4,4,3,443,11,Champions
2295,1,6400.47,103,4,1,5,415,10,New & Promising
2296,2,2406.66,207,2,4,4,244,10,At Risk
2297,2,2106.12,117,4,4,3,443,11,Champions
2303,1,403.28,58,5,1,1,511,7,New & Promising
2307,1,1828.44,166,3,1,3,313,7,New & Promising
2308,1,1523.48,183,3,1,3,313,7,New & Promising
2312,1,5409.68,227,2,1,5,215,8,At Risk
2314,2,2389.71,47,5,4,4,544,13,Champions
2319,1,799.92,144,3,1,2,312,6,New & Promising
2324,1,632.77,270,2,1,1,211,4,At Risk
2325,1,5234.01,102,4,1,5,415,10,New & Promising
2327,1,354.06,285,1,1,1,111,3,Lost
2329,2,2434.0,25,5,4,4,544,13,Champions
2335,2,3961.23,121,4,4,5,445,13,Champions
2344,2,2970.8500000000004,70,4,4,4,444,12,Champions
2347,2,3007.0,138,3,4,4,344,11,Loyal
2349,2,4454.2300000000005,111,4,4,5,445,13,Champions
2350,1,1769.0,14,5,1,3,513,9,New & Promising
2355,2,2391.05,85,4,4,4,444,12,Champions
2357,1,484.42,269,2,1,1,211,4,At Risk
2359,3,10788.55,11,5,5,5,555,15,Champions
2361,1,1184.9,95,4,1,2,412,7,New & Promising
2363,1,423.72,334,1,1,1,111,3,Lost
2364,1,4331.28,290,1,1,5,115,7,Lost
2365,1,495.65,317,1,1,1,111,3,Lost
2367,1,1637.1,27,5,1,3,513,9,New & Promising
2368,1,793.74,220,2,1,2,212,5,At Risk
2370,1,540.62,315,1,1,1,111,3,Lost
2375,1,3161.86,308,1,1,4,114,6,Lost
2376,1,1353.56,123,3,1,2,312,6,New & Promising
2378,2,5497.6,167,3,4,5,345,12,Loyal
2381,1,869.54,25,5,1,2,512,8,New & Promising
2385,1,2476.74,181,3,1,4,314,8,New & Promising
2387,1,643.25,299,1,1,1,111,3,Lost
2388,1,1168.64,39,5,1,2,512,8,New & Promising
2390,1,1128.06,344,1,1,2,112,4,Lost
2394,1,2244.2,166,3,1,3,313,7,New & Promising
2395,1,963.64,280,1,1,2,112,4,Lost
2396,2,3426.21,5,5,4,4,544,13,Champions
2398,2,7151.139999999999,96,4,4,5,445,13,Champions
2399,1,256.94,210,2,1,1,211,4,At Risk
2402,2,4831.389999999999,132,3,4,5,345,12,Loyal
2405,1,1034.52,177,3,1,2,312,6,New & Promising
2406,1,2242.92,198,2,1,3,213,6,At Risk
2407,1,242.01,105,4,1,1,411,6,New & Promising
2410,1,1982.73,339,1,1,3,113,5,Lost
2412,2,842.66,24,5,4,2,542,11,Champions
2415,1,2792.32,359,1,1,4,114,6,Lost
2417,3,7266.429999999999,113,4,5,5,455,14,Champions
2418,3,3150.91,233,2,5,4,254,11,At Risk
2419,1,262.53,178,3,1,1,311,5,New & Promising
2421,2,4790.17,123,3,4,5,345,12,Loyal
2422,3,2554.2200000000003,43,5,5,4,554,14,Champions
2423,2,1721.88,5,5,4,3,543,12,Champions
2424,1,3172.36,42,5,1,4,514,10,New & Promising
2425,1,1592.51,276,1,1,3,113,5,Lost
2429,1,3957.48,196,2,1,5,215,8,At Risk
2430,1,641.88,141,3,1,1,311,5,New & Promising
2431,2,2341.2799999999997,168,3,4,3,343,10,Loyal
2435,2,5916.63,17,5,4,5,545,14,Champions
2436,1,1363.24,95,4,1,2,412,7,New & Promising
2438,1,4495.8,127,3,1,5,315,9,New & Promising
2440,1,1616.89,306,1,1,3,113,5,Lost
2443,2,1095.1399999999999,44,5,4,2,542,11,Champions
2446,1,6305.0,303,1,1,5,115,7,Lost
2448,1,3704.66,111,4,1,4,414,9,New & Promising
2451,2,4754.38,181,3,4,5,345,12,Loyal
2453,2,8017.26,217,2,4,5,245,11,At Risk
2455,1,2008.08,249,2,1,3,213,6,At Risk
2458,1,1843.14,90,4,1,3,413,8,New & Promising
2459,1,1398.81,40,5,1,2,512,8,New & Promising
2460,1,634.56,309,1,1,1,111,3,Lost
2461,1,3136.9,256,2,1,4,214,7,At Risk
2462,2,3195.4700000000003,307,1,4,4,144,9,Lost
2465,2,1060.6599999999999,55,5,4,2,542,11,Champions
2466,1,1050.38,317,1,1,2,112,4,Lost
2469,2,2834.2,151,3,4,4,344,11,Loyal
2472,1,2631.31,96,4,1,4,414,9,New & Promising
2474,1,2877.06,227,2,1,4,214,7,At Risk
2476,1,1014.83,323,1,1,2,112,4,Lost
2478,1,619.42,60,4,1,1,411,6,New & Promising
2484,1,442.98,94,4,1,1,411,6,New & Promising
2486,1,986.19,10,5,1,2,512,8,New & Promising
2487,1,3466.22,286,1,1,4,114,6,Lost
2488,3,2745.75,207,2,5,4,254,11,At Risk
2489,1,384.48,225,2,1,1,211,4,At Risk
2490,1,1874.09,358,1,1,3,113,5,Lost
2491,1,1057.06,260,2,1,2,212,5,At Risk
2492,1,1765.4,330,1,1,3,113,5,Lost
2494,1,174.93,223,2,1,1,211,4,At Risk
2498,1,2589.03,328,1,1,4,114,6,Lost
2501,1,289.33,191,2,1,1,211,4,At Risk
2503,1,1406.12,220,2,1,2,212,5,At Risk
2506,1,5779.33,241,2,1,5,215,8,At Risk
2507,1,943.81,268,2,1,2,212,5,At Risk
2509,4,9080.46,44,5,5,5,555,15,Champions
2510,1,655.47,122,4,1,1,411,6,New & Promising
2511,1,3293.65,155,3,1,4,314,8,New & Promising
2515,2,2717.28,61,4,4,4,444,12,Champions
2517,2,4964.02,268,2,4,5,245,11,At Risk
2519,2,1165.01,73,4,4,2,442,10,Champions
2522,1,2041.77,142,3,1,3,313,7,New & Promising
2524,1,544.2,307,1,1,1,111,3,Lost
2526,2,4137.12,113,4,4,5,445,13,Champions
2527,2,4376.7,70,4,4,5,445,13,Champions
2528,1,325.58,187,3,1,1,311,5,New & Promising
2532,1,2456.1,346,1,1,4,114,6,Lost
2533,1,3765.61,251,2,1,4,214,7,At Risk
2534,1,2291.33,51,5,1,3,513,9,New & Promising
2535,1,800.73,41,5,1,2,512,8,New & Promising
2543,1,308.43,25,5,1,1,511,7,New & Promising
2546,1,5820.69,21,5,1,5,515,11,New & Promising
2549,2,4126.59,161,3,4,5,345,12,Loyal
2551,2,2166.74,248,2,4,3,243,9,At Risk
2556,1,4668.81,302,1,1,5,115,7,Lost
2557,1,1406.84,170,3,1,3,313,7,New & Promising
2558,3,7011.08,13,5,5,5,555,15,Champions
2559,1,3969.94,238,2,1,5,215,8,At Risk
2564,1,3319.36,354,1,1,4,114,6,Lost
2567,1,602.4,220,2,1,1,211,4,At Risk
2569,1,217.17,245,2,1,1,211,4,At Risk
2572,1,1479.39,227,2,1,3,213,6,At Risk
2573,1,233.0,311,1,1,1,111,3,Lost
2574,3,8379.22,79,4,5,5,455,14,Champions
2576,1,1934.76,314,1,1,3,113,5,Lost
2577,1,1496.55,247,2,1,3,213,6,At Risk
2583,1,473.5,189,3,1,1,311,5,New & Promising
2584,1,3175.56,307,1,1,4,114,6,Lost
2585,3,10070.72,20,5,5,5,555,15,Champions
2586,1,4102.48,351,1,1,5,115,7,Lost
2590,2,1663.9,192,2,4,3,243,9,At Risk
2591,1,3883.94,227,2,1,5,215,8,At Risk
2595,1,822.96,355,1,1,2,112,4,Lost
2596,1,425.54,172,3,1,1,311,5,New & Promising
2597,1,3559.62,163,3,1,4,314,8,New & Promising
2599,1,2026.4,341,1,1,3,113,5,Lost
2600,1,819.53,300,1,1,2,112,4,Lost
2601,3,2820.4300000000003,101,4,5,4,454,13,Champions
2602,1,5324.58,282,1,1,5,115,7,Lost
2607,2,8590.07,179,3,4,5,345,12,Loyal
2608,1,2632.28,362,1,1,4,114,6,Lost
2611,1,868.77,63,4,1,2,412,7,New & Promising
2613,1,2156.08,71,4,1,3,413,8,New & Promising
2615,1,1471.45,39,5,1,3,513,9,New & Promising
2622,1,236.64,132,3,1,1,311,5,New & Promising
2629,1,372.65,96,4,1,1,411,6,New & Promising
2631,1,4762.62,126,3,1,5,315,9,New & Promising
2632,1,631.96,21,5,1,1,511,7,New & Promising
2633,1,320.26,97,4,1,1,411,6,New & Promising
2636,1,545.95,175,3,1,1,311,5,New & Promising
2644,2,3809.29,49,5,4,4,544,13,Champions
2646,2,2113.0499999999997,117,4,4,3,443,11,Champions
2647,1,2839.53,102,4,1,4,414,9,New & Promising
2648,3,6517.379999999999,153,3,5,5,355,13,Loyal
2649,1,1448.16,74,4,1,3,413,8,New & Promising
2650,1,752.76,130,3,1,1,311,5,New & Promising
2656,1,1952.0,307,1,1,3,113,5,Lost
2658,1,783.21,151,3,1,2,312,6,New & Promising
2659,1,3550.06,230,2,1,4,214,7,At Risk
2663,2,2529.43,108,4,4,4,444,12,Champions
2665,1,2962.44,130,3,1,4,314,8,New & Promising
2666,1,180.92,297,1,1,1,111,3,Lost
2667,2,2895.0600000000004,61,4,4,4,444,12,Champions
2668,1,749.17,158,3,1,1,311,5,New & Promising
2669,1,673.05,241,2,1,1,211,4,At Risk
2671,3,7731.25,70,4,5,5,455,14,Champions
2678,1,236.89,152,3,1,1,311,5,New & Promising
2680,2,4179.96,286,1,4,5,145,10,Lost
2684,2,3029.67,19,5,4,4,544,13,Champions
2688,4,4665.7699999999995,31,5,5,5,555,15,Champions
2689,3,3816.79,63,4,5,4,454,13,Champions
2690,1,557.97,258,2,1,1,211,4,At Risk
2691,1,92.11,47,5,1,1,511,7,New & Promising
2692,1,223.47,212,2,1,1,211,4,At Risk
2693,1,1687.28,201,2,1,3,213,6,At Risk
2698,1,296.98,247,2,1,1,211,4,At Risk
2701,1,3732.45,286,1,1,4,114,6,Lost
2703,1,1355.73,54,5,1,2,512,8,New & Promising
2705,1,5568.58,363,1,1,5,115,7,Lost
2707,1,731.68,316,1,1,1,111,3,Lost
2708,1,2952.29,109,4,1,4,414,9,New & Promising
2710,2,1335.5700000000002,142,3,4,2,342,9,Loyal
2711,1,1368.76,88,4,1,2,412,7,New & Promising
2714,1,514.09,173,3,1,1,311,5,New & Promising
2716,1,2245.98,260,2,1,3,213,6,At Risk
2717,2,3890.17,45,5,4,5,545,14,Champions
2721,1,389.03,104,4,1,1,411,6,New & Promising
2722,1,2545.56,258,2,1,4,214,7,At Risk
2726,2,2550.6800000000003,270,2,4,4,244,10,At Risk
2727,1,1124.67,83,4,1,2,412,7,New & Promising
2728,2,2921.7200000000003,220,2,4,4,244,10,At Risk
2730,1,518.11,158,3,1,1,311,5,New & Promising
2732,1,435.85,73,4,1,1,411,6,New & Promising
2733,1,1231.76,48,5,1,2,512,8,New & Promising
2735,2,1635.5300000000002,54,5,4,3,543,12,Champions
2736,1,1461.58,92,4,1,3,413,8,New & Promising
2737,1,1798.58,144,3,1,3,313,7,New & Promising
2738,2,2302.67,207,2,4,3,243,9,At Risk
2739,1,1943.51,246,2,1,3,213,6,At Risk
2740,1,476.04,340,1,1,1,111,3,Lost
2742,1,1051.26,359,1,1,2,112,4,Lost
2743,1,765.41,147,3,1,2,312,6,New & Promising
2745,1,468.55,354,1,1,1,111,3,Lost
2746,1,1431.67,27,5,1,3,513,9,New & Promising
2748,1,592.78,314,1,1,1,111,3,Lost
2749,1,333.0,53,5,1,1,511,7,New & Promising
2751,2,8097.55,100,4,4,5,445,13,Champions
2753,2,3799.09,315,1,4,4,144,9,Lost
2754,1,1175.41,102,4,1,2,412,7,New & Promising
2755,1,1076.95,334,1,1,2,112,4,Lost
2756,2,1468.6,185,3,4,3,343,10,Loyal
2757,1,3275.71,27,5,1,4,514,10,New & Promising
2758,1,587.9,116,4,1,1,411,6,New & Promising
2759,1,3785.88,36,5,1,4,514,10,New & Promising
2760,1,2884.8,345,1,1,4,114,6,Lost
2761,1,1030.62,266,2,1,2,212,5,At Risk
2769,1,343.64,134,3,1,1,311,5,New & Promising
2770,2,6422.71,255,2,4,5,245,11,At Risk
2771,1,762.26,64,4,1,2,412,7,New & Promising
2772,1,2171.84,20,5,1,3,513,9,New & Promising
2780,2,6567.049999999999,237,2,4,5,245,11,At Risk
2783,4,6986.240000000001,59,4,5,5,455,14,Champions
2786,1,1198.02,237,2,1,2,212,5,At Risk
2787,1,1560.73,202,2,1,3,213,6,At Risk
2788,1,707.16,196,2,1,1,211,4,At Risk
2790,1,108.44,139,3,1,1,311,5,New & Promising
2793,1,331.95,27,5,1,1,511,7,New & Promising
2794,1,4580.96,244,2,1,5,215,8,At Risk
2796,1,3518.39,178,3,1,4,314,8,New & Promising
2797,1,1169.0,184,3,1,2,312,6,New & Promising
2798,2,4643.15,168,3,4,5,345,12,Loyal
2799,3,6504.94,91,4,5,5,455,14,Champions
2801,2,1282.23,118,4,4,2,442,10,Champions
2802,1,2972.79,68,4,1,4,414,9,New & Promising
2804,1,2572.61,246,2,1,4,214,7,At Risk
2810,2,3787.02,183,3,4,4,344,11,Loyal
2811,1,2227.05,136,3,1,3,313,7,New & Promising
2812,1,1791.55,96,4,1,3,413,8,New & Promising
2813,1,609.45,325,1,1,1,111,3,Lost
2814,2,6410.81,79,4,4,5,445,13,Champions
2816,1,2391.37,69,4,1,4,414,9,New & Promising
2817,1,1364.4,20,5,1,2,512,8,New & Promising
2818,2,6011.61,64,4,4,5,445,13,Champions
2819,1,427.93,56,5,1,1,511,7,New & Promising
2821,3,8288.779999999999,32,5,5,5,555,15,Champions
2824,3,7341.73,85,4,5,5,455,14,Champions
2829,1,643.17,29,5,1,1,511,7,New & Promising
2831,1,805.68,217,2,1,2,212,5,At Risk
2832,1,4980.84,327,1,1,5,115,7,Lost
2833,1,2638.71,343,1,1,4,114,6,Lost
2835,1,941.6,269,2,1,2,212,5,At Risk
2838,1,2397.51,40,5,1,4,514,10,New & Promising
2840,1,1597.05,125,3,1,3,313,7,New & Promising
2841,1,3929.76,220,2,1,5,215,8,At Risk
2842,2,3089.34,57,5,4,4,544,13,Champions
2845,1,1238.5,5,5,1,2,512,8,New & Promising
2847,1,4613.8,354,1,1,5,115,7,Lost
2848,1,2121.01,129,3,1,3,313,7,New & Promising
2855,1,2712.04,355,1,1,4,114,6,Lost
2858,1,3152.38,186,3,1,4,314,8,New & Promising
2859,1,4138.96,76,4,1,5,415,10,New & Promising
2863,1,924.69,287,1,1,2,112,4,Lost
2865,1,146.24,319,1,1,1,111,3,Lost
2867,1,847.85,161,3,1,2,312,6,New & Promising
2869,1,454.2,276,1,1,1,111,3,Lost
2871,2,4114.53,239,2,4,5,245,11,At Risk
2875,1,930.17,352,1,1,2,112,4,Lost
2882,1,763.25,290,1,1,2,112,4,Lost
2883,1,478.52,144,3,1,1,311,5,New & Promising
2884,1,617.88,154,3,1,1,311,5,New & Promising
2886,1,1603.0,146,3,1,3,313,7,New & Promising
2887,1,1927.85,201,2,1,3,213,6,At Risk
2888,1,1966.66,359,1,1,3,113,5,Lost
2889,2,4884.33,201,2,4,5,245,11,At Risk
2891,1,1406.27,323,1,1,2,112,4,Lost
2892,1,342.8,280,1,1,1,111,3,Lost
2894,1,2382.92,317,1,1,4,114,6,Lost
2896,1,3365.4,139,3,1,4,314,8,New & Promising
2897,1,823.77,202,2,1,2,212,5,At Risk
2903,1,1175.54,140,3,1,2,312,6,New & Promising
2905,1,1739.54,324,1,1,3,113,5,Lost
2908,1,3074.4,206,2,1,4,214,7,At Risk
2909,1,1826.85,212,2,1,3,213,6,At Risk
2913,2,1228.38,190,2,4,2,242,8,At Risk
2914,1,461.23,122,4,1,1,411,6,New & Promising
2916,2,4901.32,267,2,4,5,245,11,At Risk
2919,2,1208.96,109,4,4,2,442,10,Champions
2920,1,391.61,40,5,1,1,511,7,New & Promising
2924,1,907.07,31,5,1,2,512,8,New & Promising
2928,2,372.48,100,4,4,1,441,9,Champions
2930,1,2868.06,250,2,1,4,214,7,At Risk
2931,1,4104.24,118,4,1,5,415,10,New & Promising
2932,1,790.8,51,5,1,2,512,8,New & Promising
2933,1,255.36,4,5,1,1,511,7,New & Promising
2934,1,873.0,276,1,1,2,112,4,Lost
2935,1,2615.72,239,2,1,4,214,7,At Risk
2936,3,3655.1000000000004,141,3,5,4,354,12,Loyal
2938,1,1864.33,259,2,1,3,213,6,At Risk
2939,5,10970.79,15,5,5,5,555,15,Champions
2940,1,262.75,121,4,1,1,411,6,New & Promising
2941,1,1301.2,132,3,1,2,312,6,New & Promising
2944,1,629.29,133,3,1,1,311,5,New & Promising
2949,2,3033.5,147,3,4,4,344,11,Loyal
2950,1,7273.84,245,2,1,5,215,8,At Risk
2952,1,251.28,342,1,1,1,111,3,Lost
2955,2,5796.3,36,5,4,5,545,14,Champions
2957,1,584.86,365,1,1,1,111,3,Lost
2960,1,1527.31,286,1,1,3,113,5,Lost
2962,1,2069.36,237,2,1,3,213,6,At Risk
2964,1,1198.49,231,2,1,2,212,5,At Risk
2967,1,821.97,35,5,1,2,512,8,New & Promising
2970,1,3120.36,291,1,1,4,114,6,Lost
2971,1,2426.64,19,5,1,4,514,10,New & Promising
2972,1,363.71,26,5,1,1,511,7,New & Promising
2973,3,5777.7,8,5,5,5,555,15,Champions
2974,1,890.53,78,4,1,2,412,7,New & Promising
2976,1,1399.04,178,3,1,2,312,6,New & Promising
2977,1,2622.92,160,3,1,4,314,8,New & Promising
2978,1,395.35,138,3,1,1,311,5,New & Promising
2980,2,2601.2,139,3,4,4,344,11,Loyal
2986,1,569.71,307,1,1,1,111,3,Lost
2988,2,537.24,278,1,4,1,141,6,Lost
2990,1,299.85,337,1,1,1,111,3,Lost
2992,2,1485.57,7,5,4,3,543,12,Champions
2993,1,934.68,249,2,1,2,212,5,At Risk
2994,3,12989.279999999999,138,3,5,5,355,13,Loyal
2995,1,736.83,170,3,1,1,311,5,New & Promising
3000,2,2312.56,189,3,4,3,343,10,Loyal
3002,1,1464.6,32,5,1,3,513,9,New & Promising
3005,1,720.4,151,3,1,1,311,5,New & Promising
3009,1,1952.78,172,3,1,3,313,7,New & Promising
3013,1,180.62,237,2,1,1,211,4,At Risk
3015,2,3544.8,12,5,4,4,544,13,Champions
3019,1,805.68,287,1,1,2,112,4,Lost
3020,1,707.3,190,2,1,1,211,4,At Risk
3021,2,3663.0899999999997,105,4,4,4,444,12,Champions
3022,1,3718.5,335,1,1,4,114,6,Lost
3024,2,2757.8900000000003,166,3,4,4,344,11,Loyal
3027,1,1859.91,169,3,1,3,313,7,New & Promising
3029,1,3623.36,206,2,1,4,214,7,At Risk
3030,1,836.96,353,1,1,2,112,4,Lost
3036,2,3871.66,13,5,4,5,545,14,Champions
3038,1,1149.52,31,5,1,2,512,8,New & Promising
3045,1,1281.66,15,5,1,2,512,8,New & Promising
3046,1,1960.17,15,5,1,3,513,9,New & Promising
3048,1,354.54,211,2,1,1,211,4,At Risk
3049,2,2610.6,152,3,4,4,344,11,Loyal
3052,3,6955.42,180,3,5,5,355,13,Loyal
3057,1,2733.19,111,4,1,4,414,9,New & Promising
3059,1,913.98,354,1,1,2,112,4,Lost
3061,1,3134.76,344,1,1,4,114,6,Lost
3065,1,1164.46,167,3,1,2,312,6,New & Promising
3067,1,1071.75,280,1,1,2,112,4,Lost
3068,1,887.56,133,3,1,2,312,6,New & Promising
3069,1,676.4,52,5,1,1,511,7,New & Promising
3071,1,1649.41,162,3,1,3,313,7,New & Promising
3072,2,4101.24,51,5,4,5,545,14,Champions
3073,1,4979.55,197,2,1,5,215,8,At Risk
3077,1,2031.59,265,2,1,3,213,6,At Risk
3078,1,224.83,114,4,1,1,411,6,New & Promising
3079,1,3527.74,171,3,1,4,314,8,New & Promising
3081,1,1658.87,272,2,1,3,213,6,At Risk
3087,2,967.83,160,3,4,2,342,9,Loyal
3088,1,246.29,344,1,1,1,111,3,Lost
3090,1,734.66,64,4,1,1,411,6,New & Promising
3092,2,7062.030000000001,129,3,4,5,345,12,Loyal
3094,1,2375.11,68,4,1,4,414,9,New & Promising
3101,1,1956.67,339,1,1,3,113,5,Lost
3105,1,821.18,163,3,1,2,312,6,New & Promising
3106,1,2749.36,93,4,1,4,414,9,New & Promising
3107,1,1754.48,193,2,1,3,213,6,At Risk
3111,1,169.29,193,2,1,1,211,4,At Risk
3113,1,1879.1,266,2,1,3,213,6,At Risk
3116,2,2318.0699999999997,314,1,4,3,143,8,Lost
3117,1,1065.5,50,5,1,2,512,8,New & Promising
3118,2,2332.74,211,2,4,3,243,9,At Risk
3119,2,4961.79,118,4,4,5,445,13,Champions
3121,2,4383.87,31,5,4,5,545,14,Champions
3122,1,2434.09,198,2,1,4,214,7,At Risk
3123,1,403.01,192,2,1,1,211,4,At Risk
3124,1,240.26,98,4,1,1,411,6,New & Promising
3126,1,724.99,157,3,1,1,311,5,New & Promising
3128,3,2478.08,238,2,5,4,254,11,At Risk
3129,1,2074.68,65,4,1,3,413,8,New & Promising
3131,1,881.86,34,5,1,2,512,8,New & Promising
3133,1,1733.53,82,4,1,3,413,8,New & Promising
3134,1,604.0,120,4,1,1,411,6,New & Promising
3135,2,1976.2,26,5,4,3,543,12,Champions
3137,1,3071.68,220,2,1,4,214,7,At Risk
3139,1,2161.92,326,1,1,3,113,5,Lost
3140,2,3433.88,19,5,4,4,544,13,Champions
3141,1,893.18,342,1,1,2,112,4,Lost
3142,2,965.03,188,3,4,2,342,9,Loyal
3144,1,2964.06,194,2,1,4,214,7,At Risk
3145,1,2348.29,253,2,1,3,213,6,At Risk
3150,1,351.11,175,3,1,1,311,5,New & Promising
3151,1,3652.0,220,2,1,4,214,7,At Risk
3155,1,257.28,2,5,1,1,511,7,New & Promising
3160,1,825.21,337,1,1,2,112,4,Lost
3162,2,5189.4400000000005,168,3,4,5,345,12,Loyal
3166,1,165.26,288,1,1,1,111,3,Lost
3170,1,1152.64,6,5,1,2,512,8,New & Promising
3173,1,1159.81,350,1,1,2,112,4,Lost
3176,1,1004.96,57,5,1,2,512,8,New & Promising
3180,1,119.71,230,2,1,1,211,4,At Risk
3182,1,1050.62,217,2,1,2,212,5,At Risk
3183,1,401.2,145,3,1,1,311,5,New & Promising
3184,1,1203.93,126,3,1,2,312,6,New & Promising
3188,2,2043.6399999999999,48,5,4,3,543,12,Champions
3189,1,653.14,185,3,1,1,311,5,New & Promising
3191,2,4114.66,82,4,4,5,445,13,Champions
3192,2,3772.46,22,5,4,4,544,13,Champions
3193,2,6477.18,281,1,4,5,145,10,Lost
3196,1,796.46,162,3,1,2,312,6,New & Promising
3197,1,2187.33,94,4,1,3,413,8,New & Promising
3199,1,113.04,365,1,1,1,111,3,Lost
3200,3,4233.42,68,4,5,5,455,14,Champions
3202,1,1859.47,165,3,1,3,313,7,New & Promising
3203,1,438.66,213,2,1,1,211,4,At Risk
3204,1,3017.0,191,2,1,4,214,7,At Risk
3205,1,2309.84,192,2,1,3,213,6,At Risk
3206,1,2005.05,65,4,1,3,413,8,New & Promising
3207,2,7242.75,235,2,4,5,245,11,At Risk
3211,1,5794.96,345,1,1,5,115,7,Lost
3213,2,3030.91,183,3,4,4,344,11,Loyal
3214,1,634.7,215,2,1,1,211,4,At Risk
3216,1,2933.06,304,1,1,4,114,6,Lost
3218,1,4502.4,306,1,1,5,115,7,Lost
3221,2,3051.3599999999997,307,1,4,4,144,9,Lost
3222,1,2717.68,167,3,1,4,314,8,New & Promising
3225,3,4888.14,40,5,5,5,555,15,Champions
3228,1,1034.3,104,4,1,2,412,7,New & Promising
3229,1,2260.08,236,2,1,3,213,6,At Risk
3237,1,1911.91,308,1,1,3,113,5,Lost
3238,1,3150.44,319,1,1,4,114,6,Lost
3239,1,3147.62,344,1,1,4,114,6,Lost
3240,2,5949.87,39,5,4,5,545,14,Champions
3241,1,1005.99,177,3,1,2,312,6,New & Promising
3243,1,993.0,154,3,1,2,312,6,New & Promising
3244,1,1171.08,202,2,1,2,212,5,At Risk
3245,2,5923.93,6,5,4,5,545,14,Champions
3247,1,997.77,91,4,1,2,412,7,New & Promising
3251,1,1336.07,248,2,1,2,212,5,At Risk
3252,2,2312.12,96,4,4,3,443,11,Champions
3253,2,1151.15,197,2,4,2,242,8,At Risk
3258,1,4411.99,70,4,1,5,415,10,New & Promising
3259,1,533.81,107,4,1,1,411,6,New & Promising
3263,2,4747.86,227,2,4,5,245,11,At Risk
3267,1,798.8,19,5,1,2,512,8,New & Promising
3273,1,423.2,349,1,1,1,111,3,Lost
3277,2,2710.45,12,5,4,4,544,13,Champions
3279,1,240.42,240,2,1,1,211,4,At Risk
3280,1,386.38,244,2,1,1,211,4,At Risk
3281,1,644.69,36,5,1,1,511,7,New & Promising
3282,1,2087.93,127,3,1,3,313,7,New & Promising
3283,1,4274.84,45,5,1,5,515,11,New & Promising
3284,1,2739.08,331,1,1,4,114,6,Lost
3285,1,1263.83,355,1,1,2,112,4,Lost
3287,1,147.91,57,5,1,1,511,7,New & Promising
3291,2,5370.21,150,3,4,5,345,12,Loyal
3292,1,1468.34,267,2,1,3,213,6,At Risk
3293,1,521.76,309,1,1,1,111,3,Lost
3296,1,625.81,81,4,1,1,411,6,New & Promising
3300,3,4454.7300000000005,93,4,5,5,455,14,Champions
3301,1,3925.78,27,5,1,5,515,11,New & Promising
3307,1,1220.33,229,2,1,2,212,5,At Risk
3310,2,5221.030000000001,108,4,4,5,445,13,Champions
3311,1,685.27,35,5,1,1,511,7,New & Promising
3315,1,2191.24,216,2,1,3,213,6,At Risk
3316,1,137.74,294,1,1,1,111,3,Lost
3318,1,3604.26,343,1,1,4,114,6,Lost
3320,1,2607.94,117,4,1,4,414,9,New & Promising
3322,2,1001.37,20,5,4,2,542,11,Champions
3326,3,3405.75,42,5,5,4,554,14,Champions
3332,1,1074.4,259,2,1,2,212,5,At Risk
3333,1,1789.48,1,5,1,3,513,9,New & Promising
3334,1,59.89,195,2,1,1,211,4,At Risk
3336,1,705.1,142,3,1,1,311,5,New & Promising
3338,1,492.48,154,3,1,1,311,5,New & Promising
3339,1,721.76,324,1,1,1,111,3,Lost
3342,1,5903.34,103,4,1,5,415,10,New & Promising
3343,1,910.42,185,3,1,2,312,6,New & Promising
3344,1,505.66,73,4,1,1,411,6,New & Promising
3345,1,600.6,192,2,1,1,211,4,At Risk
3346,1,3470.25,94,4,1,4,414,9,New & Promising
3347,1,1242.62,167,3,1,2,312,6,New & Promising
3350,2,1715.62,179,3,4,3,343,10,Loyal
3352,1,3358.76,348,1,1,4,114,6,Lost
3357,1,1420.48,343,1,1,3,113,5,Lost
3358,1,4474.89,133,3,1,5,315,9,New & Promising
3361,1,2519.24,166,3,1,4,314,8,New & Promising
3362,1,279.9,241,2,1,1,211,4,At Risk
3366,2,2239.67,17,5,4,3,543,12,Champions
3368,1,394.78,38,5,1,1,511,7,New & Promising
3374,2,2421.4700000000003,13,5,4,4,544,13,Champions
3375,1,856.0,153,3,1,2,312,6,New & Promising
3376,1,1505.65,218,2,1,3,213,6,At Risk
3377,1,6388.2,353,1,1,5,115,7,Lost
3381,2,969.0799999999999,81,4,4,2,442,10,Champions
3382,1,391.84,172,3,1,1,311,5,New & Promising
3383,2,5576.62,108,4,4,5,445,13,Champions
3384,1,251.7,91,4,1,1,411,6,New & Promising
3386,2,4699.51,13,5,4,5,545,14,Champions
3387,1,3658.96,125,3,1,4,314,8,New & Promising
3391,1,2749.4,50,5,1,4,514,10,New & Promising
3392,1,372.63,26,5,1,1,511,7,New & Promising
3393,1,3370.34,121,4,1,4,414,9,New & Promising
3394,1,196.74,181,3,1,1,311,5,New & Promising
3398,1,3165.84,51,5,1,4,514,10,New & Promising
3402,4,4704.38,15,5,5,5,555,15,Champions
3403,2,6197.36,90,4,4,5,445,13,Champions
3404,1,1355.7,29,5,1,2,512,8,New & Promising
3405,1,1821.53,17,5,1,3,513,9,New & Promising
3406,1,1057.37,188,3,1,2,312,6,New & Promising
3407,2,1278.8899999999999,52,5,4,2,542,11,Champions
3409,2,1790.9299999999998,323,1,4,3,143,8,Lost
3412,2,6989.15,244,2,4,5,245,11,At Risk
3414,1,592.12,229,2,1,1,211,4,At Risk
3415,1,961.2,322,1,1,2,112,4,Lost
3418,1,638.0,355,1,1,1,111,3,Lost
3419,2,3938.33,76,4,4,5,445,13,Champions
3420,1,2290.18,254,2,1,3,213,6,At Risk
3422,1,1727.88,123,3,1,3,313,7,New & Promising
3423,1,207.01,202,2,1,1,211,4,At Risk
3424,1,3025.64,72,4,1,4,414,9,New & Promising
3425,2,1945.23,106,4,4,3,443,11,Champions
3432,2,4211.07,189,3,4,5,345,12,Loyal
3434,1,648.62,341,1,1,1,111,3,Lost
3435,1,1218.84,362,1,1,2,112,4,Lost
3436,2,2152.7,132,3,4,3,343,10,Loyal
3437,2,3057.62,27,5,4,4,544,13,Champions
3438,3,4428.71,157,3,5,5,355,13,Loyal
3439,1,920.65,313,1,1,2,112,4,Lost
3440,1,3063.96,313,1,1,4,114,6,Lost
3441,3,10079.25,10,5,5,5,555,15,Champions
3444,1,356.44,139,3,1,1,311,5,New & Promising
3448,1,2963.9,44,5,1,4,514,10,New & Promising
3449,1,1049.52,35,5,1,2,512,8,New & Promising
3452,1,886.34,360,1,1,2,112,4,Lost
3453,1,405.05,329,1,1,1,111,3,Lost
3456,3,2437.7,24,5,5,4,554,14,Champions
3457,1,2720.07,51,5,1,4,514,10,New & Promising
3458,1,3372.98,45,5,1,4,514,10,New & Promising
3460,1,727.54,139,3,1,1,311,5,New & Promising
3461,1,442.26,89,4,1,1,411,6,New & Promising
3462,2,3136.1400000000003,79,4,4,4,444,12,Champions
3465,1,2744.0,176,3,1,4,314,8,New & Promising
3466,1,4520.0,154,3,1,5,315,9,New & Promising
3467,1,3949.23,51,5,1,5,515,11,New & Promising
3473,4,4706.65,2,5,5,5,555,15,Champions
3474,1,1513.84,242,2,1,3,213,6,At Risk
3475,1,257.44,236,2,1,1,211,4,At Risk
3481,1,174.59,154,3,1,1,311,5,New & Promising
3482,1,2203.12,130,3,1,3,313,7,New & Promising
3483,1,3297.71,244,2,1,4,214,7,At Risk
3486,1,5275.04,341,1,1,5,115,7,Lost
3488,1,2360.82,164,3,1,3,313,7,New & Promising
3493,1,1731.48,103,4,1,3,413,8,New & Promising
3499,1,250.58,219,2,2,1,221,5,At Risk
3502,1,1859.06,353,1,2,3,123,6,Lost
3503,1,305.54,334,1,2,1,121,4,Lost
3507,1,2470.9,12,5,2,4,524,11,New & Promising
3508,1,436.31,204,2,2,1,221,5,At Risk
3510,1,273.54,90,4,2,1,421,7,New & Promising
3513,3,1897.7,7,5,5,3,553,13,Champions
3514,1,2836.86,281,1,2,4,124,7,Lost
3515,1,2332.66,278,1,2,3,123,6,Lost
3520,1,2173.56,216,2,2,3,223,7,At Risk
3521,1,516.03,188,3,2,1,321,6,New & Promising
3523,1,2151.97,148,3,2,3,323,8,New & Promising
3524,1,2757.08,101,4,2,4,424,10,New & Promising
3528,1,3108.08,42,5,2,4,524,11,New & Promising
3531,1,296.31,308,1,2,1,121,4,Lost
3534,2,4984.02,24,5,4,5,545,14,Champions
3535,2,3622.63,56,5,4,4,544,13,Champions
3537,2,3244.62,285,1,4,4,144,9,Lost
3539,1,1041.32,12,5,2,2,522,9,New & Promising
3541,1,1572.76,283,1,2,3,123,6,Lost
3543,3,6348.01,57,5,5,5,555,15,Champions
3544,2,1812.22,62,4,4,3,443,11,Champions
3545,1,2429.0,48,5,2,4,524,11,New & Promising
3550,1,6604.36,350,1,2,5,125,8,Lost
3551,2,5448.4,9,5,4,5,545,14,Champions
3555,1,3296.3,21,5,2,4,524,11,New & Promising
3558,2,3705.13,9,5,4,4,544,13,Champions
3559,2,5479.88,267,2,4,5,245,11,At Risk
3560,1,576.52,204,2,2,1,221,5,At Risk
3561,1,254.86,133,3,2,1,321,6,New & Promising
3562,1,3824.88,158,3,2,4,324,9,New & Promising
3565,1,848.64,144,3,2,2,322,7,New & Promising
3566,1,1955.35,110,4,2,3,423,9,New & Promising
3567,1,694.84,9,5,2,1,521,8,New & Promising
3571,1,1518.45,104,4,2,3,423,9,New & Promising
3573,1,2340.42,126,3,2,3,323,8,New & Promising
3575,1,735.45,45,5,2,1,521,8,New & Promising
3576,1,1079.81,195,2,2,2,222,6,At Risk
3577,1,2658.4,330,1,2,4,124,7,Lost
3578,1,1727.02,195,2,2,3,223,7,At Risk
3580,1,1473.45,354,1,2,3,123,6,Lost
3581,2,2547.36,112,4,4,4,444,12,Champions
3582,1,1015.69,166,3,2,2,322,7,New & Promising
3584,1,478.91,256,2,2,1,221,5,At Risk
3586,1,3007.06,201,2,2,4,224,8,At Risk
3590,1,996.11,26,5,2,2,522,9,New & Promising
3592,1,263.01,147,3,2,1,321,6,New & Promising
3593,3,3994.54,227,2,5,5,255,12,At Risk
3594,1,839.79,277,1,2,2,122,5,Lost
3595,1,544.64,169,3,2,1,321,6,New & Promising
3597,2,2591.53,21,5,4,4,544,13,Champions
3598,1,940.04,167,3,2,2,322,7,New & Promising
3599,1,187.98,141,3,2,1,321,6,New & Promising
3600,2,1794.19,164,3,4,3,343,10,Loyal
3605,1,341.07,345,1,2,1,121,4,Lost
3608,1,620.78,263,2,2,1,221,5,At Risk
3609,2,3116.0299999999997,94,4,4,4,444,12,Champions
3613,2,5662.04,312,1,4,5,145,10,Lost
3617,1,2846.45,119,4,2,4,424,10,New & Promising
3619,2,3243.06,29,5,4,4,544,13,Champions
3621,2,6670.0,268,2,4,5,245,11,At Risk
3622,1,224.89,263,2,2,1,221,5,At Risk
3623,1,3065.9,70,4,2,4,424,10,New & Promising
3624,1,168.82,335,1,2,1,121,4,Lost
3626,1,1101.24,332,1,2,2,122,5,Lost
3627,1,4768.74,82,4,2,5,425,11,New & Promising
3629,1,4764.84,328,1,2,5,125,8,Lost
3630,2,9547.78,19,5,4,5,545,14,Champions
3632,1,1977.56,124,3,2,3,323,8,New & Promising
3634,1,317.66,75,4,2,1,421,7,New & Promising
3635,1,1303.14,328,1,2,2,122,5,Lost
3638,3,9572.16,312,1,5,5,155,11,Lost
3639,2,6934.1900000000005,101,4,4,5,445,13,Champions
3640,1,640.66,339,1,2,1,121,4,Lost
3642,2,3481.49,152,3,4,4,344,11,Loyal
3645,2,11806.82,8,5,4,5,545,14,Champions
3647,1,1677.22,237,2,2,3,223,7,At Risk
3649,1,3040.89,76,4,2,4,424,10,New & Promising
3651,1,317.03,170,3,2,1,321,6,New & Promising
3654,1,3644.12,234,2,2,4,224,8,At Risk
3656,2,2618.1800000000003,122,4,4,4,444,12,Champions
3657,1,2605.69,40,5,2,4,524,11,New & Promising
3658,3,4867.0,156,3,5,5,355,13,Loyal
3660,1,747.12,18,5,2,1,521,8,New & Promising
3661,1,947.05,63,4,2,2,422,8,New & Promising
3662,1,6559.04,218,2,2,5,225,9,At Risk
3665,2,7405.12,190,2,4,5,245,11,At Risk
3666,2,1620.78,228,2,4,3,243,9,At Risk
3667,1,1210.41,222,2,2,2,222,6,At Risk
3669,1,962.27,234,2,2,2,222,6,At Risk
3672,1,559.71,159,3,2,1,321,6,New & Promising
3676,1,1690.0,251,2,2,3,223,7,At Risk
3680,2,3406.58,301,1,4,4,144,9,Lost
3681,1,3297.92,353,1,2,4,124,7,Lost
3682,1,2922.6,92,4,2,4,424,10,New & Promising
3686,1,1174.43,77,4,2,2,422,8,New & Promising
3688,1,504.6,333,1,2,1,121,4,Lost
3690,1,5307.62,263,2,2,5,225,9,At Risk
3691,2,1492.97,214,2,4,3,243,9,At Risk
3693,1,3024.68,140,3,2,4,324,9,New & Promising
3697,1,2325.48,153,3,2,3,323,8,New & Promising
3699,1,318.05,79,4,2,1,421,7,New & Promising
3701,1,542.49,358,1,2,1,121,4,Lost
3705,1,232.75,136,3,2,1,321,6,New & Promising
3706,1,1081.96,139,3,2,2,322,7,New & Promising
3711,1,202.3,343,1,2,1,121,4,Lost
3713,1,1173.89,73,4,2,2,422,8,New & Promising
3715,2,5040.16,37,5,4,5,545,14,Champions
3716,1,1167.95,118,4,2,2,422,8,New & Promising
3717,1,701.42,277,1,2,1,121,4,Lost
3718,2,1744.21,121,4,4,3,443,11,Champions
3720,2,3747.54,55,5,4,4,544,13,Champions
3722,1,3429.88,329,1,2,4,124,7,Lost
3725,1,676.94,207,2,2,1,221,5,At Risk
3726,1,6909.44,140,3,2,5,325,10,New & Promising
3727,1,2799.69,189,3,2,4,324,9,New & Promising
3728,1,254.29,132,3,2,1,321,6,New & Promising
3732,1,1229.92,364,1,2,2,122,5,Lost
3733,1,807.14,233,2,2,2,222,6,At Risk
3735,1,110.17,237,2,2,1,221,5,At Risk
3741,3,6094.389999999999,44,5,5,5,555,15,Champions
3742,1,1125.14,340,1,2,2,122,5,Lost
3745,1,896.08,140,3,2,2,322,7,New & Promising
3746,2,9284.9,76,4,4,5,445,13,Champions
3750,1,650.18,273,2,2,1,221,5,At Risk
3751,1,2637.54,60,4,2,4,424,10,New & Promising
3752,2,3028.48,297,1,4,4,144,9,Lost
3753,1,569.7,11,5,2,1,521,8,New & Promising
3754,1,623.83,137,3,2,1,321,6,New & Promising
3761,2,2952.99,1,5,4,4,544,13,Champions
3763,1,915.39,61,4,2,2,422,8,New & Promising
3765,2,2730.73,38,5,4,4,544,13,Champions
3767,3,7697.549999999999,186,3,5,5,355,13,Loyal
3768,1,2236.3,57,5,2,3,523,10,New & Promising
3769,2,1289.65,45,5,4,2,542,11,Champions
3772,1,674.32,39,5,2,1,521,8,New & Promising
3773,1,437.63,175,3,2,1,321,6,New & Promising
3774,1,2699.41,223,2,2,4,224,8,At Risk
3775,2,4084.83,110,4,4,5,445,13,Champions
3777,2,3038.35,177,3,4,4,344,11,Loyal
3779,1,2386.57,360,1,2,4,124,7,Lost
3783,1,604.38,208,2,2,1,221,5,At Risk
3784,2,1658.4,86,4,4,3,443,11,Champions
3788,1,929.44,324,1,2,2,122,5,Lost
3790,1,1459.87,235,2,2,3,223,7,At Risk
3792,2,3030.7200000000003,168,3,4,4,344,11,Loyal
3793,3,3480.98,195,2,5,4,254,11,At Risk
3796,1,2238.27,328,1,2,3,123,6,Lost
3798,1,205.98,334,1,2,1,121,4,Lost
3799,2,6810.64,58,5,4,5,545,14,Champions
3801,1,821.75,365,1,2,2,122,5,Lost
3802,1,2927.54,280,1,2,4,124,7,Lost
3803,2,3018.73,142,3,4,4,344,11,Loyal
3804,1,1918.85,198,2,2,3,223,7,At Risk
3806,2,3081.5,112,4,4,4,444,12,Champions
3812,2,2872.67,126,3,4,4,344,11,Loyal
3813,1,744.09,355,1,2,1,121,4,Lost
3816,1,3193.45,272,2,2,4,224,8,At Risk
3818,1,3395.26,44,5,2,4,524,11,New & Promising
3821,2,2830.43,48,5,4,4,544,13,Champions
3822,1,505.58,326,1,2,1,121,4,Lost
3823,1,2194.52,72,4,2,3,423,9,New & Promising
3824,3,3904.47,49,5,5,5,555,15,Champions
3827,3,6372.849999999999,49,5,5,5,555,15,Champions
3828,1,950.18,326,1,2,2,122,5,Lost
3829,1,564.28,83,4,2,1,421,7,New & Promising
3830,1,1358.58,22,5,2,2,522,9,New & Promising
3831,1,7265.12,150,3,2,5,325,10,New & Promising
3832,1,6699.59,147,3,2,5,325,10,New & Promising
3833,1,5109.3,68,4,2,5,425,11,New & Promising
3834,1,968.5,69,4,2,2,422,8,New & Promising
3835,1,3122.06,122,4,2,4,424,10,New & Promising
3839,1,903.92,159,3,2,2,322,7,New & Promising
3844,1,2859.8,53,5,2,4,524,11,New & Promising
3845,2,2819.12,34,5,4,4,544,13,Champions
3846,1,1652.19,137,3,2,3,323,8,New & Promising
3847,1,4909.18,298,1,2,5,125,8,Lost
3848,2,5083.42,199,2,4,5,245,11,At Risk
3849,1,2315.04,322,1,2,3,123,6,Lost
3850,1,3675.3,121,4,2,4,424,10,New & Promising
3851,1,2101.57,167,3,2,3,323,8,New & Promising
3852,1,1110.02,249,2,2,2,222,6,At Risk
3854,1,652.25,329,1,2,1,121,4,Lost
3857,1,2698.49,81,4,2,4,424,10,New & Promising
3858,1,1594.4,199,2,2,3,223,7,At Risk
3860,1,2441.37,176,3,2,4,324,9,New & Promising
3861,1,470.39,138,3,2,1,321,6,New & Promising
3862,1,3433.82,265,2,2,4,224,8,At Risk
3863,1,244.54,305,1,2,1,121,4,Lost
3870,1,6415.09,171,3,2,5,325,10,New & Promising
3872,1,3073.8,159,3,2,4,324,9,New & Promising
3874,1,1674.7,46,5,2,3,523,10,New & Promising
3876,1,4145.45,125,3,2,5,325,10,New & Promising
3880,1,461.33,352,1,2,1,121,4,Lost
3881,1,4236.88,285,1,2,5,125,8,Lost
3883,2,4394.8,152,3,4,5,345,12,Loyal
3884,1,4545.56,190,2,2,5,225,9,At Risk
3885,1,3134.36,363,1,2,4,124,7,Lost
3886,1,2776.48,294,1,2,4,124,7,Lost
3887,1,4259.91,97,4,2,5,425,11,New & Promising
3888,2,1600.38,195,2,4,3,243,9,At Risk
3889,1,1150.2,353,1,2,2,122,5,Lost
3890,1,3330.18,321,1,2,4,124,7,Lost
3891,1,1779.52,162,3,2,3,323,8,New & Promising
3892,2,2469.43,79,4,4,4,444,12,Champions
3893,1,413.16,238,2,2,1,221,5,At Risk
3894,1,4068.51,231,2,2,5,225,9,At Risk
3897,2,1052.3,89,4,4,2,442,10,Champions
3907,2,2540.27,262,2,4,4,244,10,At Risk
3908,1,1345.32,229,2,2,2,222,6,At Risk
3909,1,3640.35,293,1,2,4,124,7,Lost
3910,2,2581.38,172,3,4,4,344,11,Loyal
3914,1,4176.51,153,3,2,5,325,10,New & Promising
3915,1,1288.01,125,3,2,2,322,7,New & Promising
3916,1,2369.47,227,2,2,3,223,7,At Risk
3918,1,1907.28,15,5,2,3,523,10,New & Promising
3920,1,1047.76,129,3,2,2,322,7,New & Promising
3921,1,1324.54,147,3,2,2,322,7,New & Promising
3922,1,1124.12,261,2,2,2,222,6,At Risk
3923,1,318.92,224,2,2,1,221,5,At Risk
3924,2,2837.02,8,5,4,4,544,13,Champions
3927,2,8560.12,65,4,4,5,445,13,Champions
3928,1,490.16,269,2,2,1,221,5,At Risk
3930,1,1088.14,116,4,2,2,422,8,New & Promising
3931,1,1234.71,339,1,2,2,122,5,Lost
3933,1,1443.76,47,5,2,3,523,10,New & Promising
3934,3,5505.83,138,3,5,5,355,13,Loyal
3935,1,6430.12,122,4,2,5,425,11,New & Promising
3936,2,1458.47,39,5,4,3,543,12,Champions
3937,1,464.54,212,2,2,1,221,5,At Risk
3938,1,3931.06,38,5,2,5,525,12,New & Promising
3939,1,4369.58,114,4,2,5,425,11,New & Promising
3941,1,1630.36,41,5,2,3,523,10,New & Promising
3942,1,730.25,7,5,2,1,521,8,New & Promising
3943,1,1311.95,98,4,2,2,422,8,New & Promising
3944,1,683.05,252,2,2,1,221,5,At Risk
3945,1,427.77,284,1,2,1,121,4,Lost
3947,1,543.58,172,3,2,1,321,6,New & Promising
3948,1,2062.9,205,2,2,3,223,7,At Risk
3950,2,9031.64,34,5,4,5,545,14,Champions
3956,1,378.45,208,2,2,1,221,5,At Risk
3961,1,862.45,62,4,2,2,422,8,New & Promising
3962,2,3816.76,44,5,4,4,544,13,Champions
3964,1,404.17,316,1,2,1,121,4,Lost
3966,2,4789.88,144,3,4,5,345,12,Loyal
3967,1,680.25,210,2,2,1,221,5,At Risk
3968,1,199.8,176,3,2,1,321,6,New & Promising
3970,1,1755.35,59,4,2,3,423,9,New & Promising
3973,2,1321.01,59,4,4,2,442,10,Champions
3975,1,1413.24,131,3,2,3,323,8,New & Promising
3976,2,6368.5599999999995,278,1,4,5,145,10,Lost
3978,1,1462.08,13,5,2,3,523,10,New & Promising
3979,1,1357.1,96,4,2,2,422,8,New & Promising
3980,2,5666.77,207,2,4,5,245,11,At Risk
3982,1,2393.76,278,1,2,4,124,7,Lost
3985,1,2319.93,299,1,2,3,123,6,Lost
3988,2,4183.2,47,5,4,5,545,14,Champions
3989,2,4387.52,89,4,4,5,445,13,Champions
3990,1,911.58,11,5,2,2,522,9,New & Promising
3991,1,2342.56,217,2,2,3,223,7,At Risk
3992,1,337.88,3,5,2,1,521,8,New & Promising
3999,1,2157.54,236,2,2,3,223,7,At Risk
4003,1,899.28,337,1,2,2,122,5,Lost
4004,3,11708.76,295,1,5,5,155,11,Lost
4007,1,2343.08,62,4,2,3,423,9,New & Promising
4009,1,4003.56,273,2,2,5,225,9,At Risk
4012,1,3915.48,274,2,2,5,225,9,At Risk
4013,2,1972.88,13,5,4,3,543,12,Champions
4015,1,1574.48,324,1,2,3,123,6,Lost
4017,1,1952.4,45,5,2,3,523,10,New & Promising
4018,1,249.86,250,2,2,1,221,5,At Risk
4019,3,6437.1900000000005,53,5,5,5,555,15,Champions
4021,1,52.83,336,1,2,1,121,4,Lost
4024,1,2207.74,346,1,2,3,123,6,Lost
4026,2,1639.45,31,5,4,3,543,12,Champions
4027,1,1179.36,19,5,2,2,522,9,New & Promising
4028,2,5048.360000000001,117,4,4,5,445,13,Champions
4029,1,1469.52,261,2,2,3,223,7,At Risk
4034,1,571.17,238,2,2,1,221,5,At Risk
4037,1,664.41,78,4,2,1,421,7,New & Promising
4043,1,2557.87,49,5,2,4,524,11,New & Promising
4049,1,1857.63,306,1,2,3,123,6,Lost
4050,1,556.25,78,4,2,1,421,7,New & Promising
4052,1,1791.86,50,5,2,3,523,10,New & Promising
4053,1,741.15,46,5,2,1,521,8,New & Promising
4054,2,1499.75,76,4,4,3,443,11,Champions
4056,1,1388.4,6,5,2,2,522,9,New & Promising
4057,3,1832.0,43,5,5,3,553,13,Champions
4059,2,4818.08,227,2,4,5,245,11,At Risk
4060,1,1658.27,168,3,2,3,323,8,New & Promising
4061,1,3396.89,130,3,2,4,324,9,New & Promising
4062,1,1836.99,290,1,2,3,123,6,Lost
4065,1,1786.8,192,2,2,3,223,7,At Risk
4067,1,3567.62,244,2,2,4,224,8,At Risk
4070,1,6676.36,27,5,2,5,525,12,New & Promising
4071,2,2540.1,74,4,4,4,444,12,Champions
4072,1,3269.61,72,4,2,4,424,10,New & Promising
4074,1,1346.17,151,3,2,2,322,7,New & Promising
4077,1,210.68,91,4,2,1,421,7,New & Promising
4079,2,3955.5099999999998,83,4,4,5,445,13,Champions
4080,1,4065.77,95,4,2,5,425,11,New & Promising
4083,5,8232.84,127,3,5,5,355,13,Loyal
4085,1,3217.4,315,1,2,4,124,7,Lost
4087,1,741.99,39,5,2,1,521,8,New & Promising
4089,1,5932.46,115,4,2,5,425,11,New & Promising
4090,1,1444.09,261,2,2,3,223,7,At Risk
4092,1,3916.67,168,3,2,5,325,10,New & Promising
4094,1,588.27,335,1,2,1,121,4,Lost
4096,1,4301.07,272,2,2,5,225,9,At Risk
4098,1,5001.84,87,4,2,5,425,11,New & Promising
4099,1,2414.06,153,3,2,4,324,9,New & Promising
4104,2,4315.97,61,4,4,5,445,13,Champions
4105,2,4288.38,150,3,4,5,345,12,Loyal
4108,1,1312.99,99,4,2,2,422,8,New & Promising
4118,1,2096.38,54,5,2,3,523,10,New & Promising
4122,2,3769.7599999999998,97,4,4,4,444,12,Champions
4124,1,1192.32,340,1,2,2,122,5,Lost
4130,2,3697.2200000000003,165,3,5,4,354,12,Loyal
4131,1,607.71,46,5,2,1,521,8,New & Promising
4132,1,1157.08,296,1,2,2,122,5,Lost
4136,2,1630.75,236,2,5,3,253,10,At Risk
4138,2,2299.74,24,5,5,3,553,13,Champions
4139,1,1271.76,261,2,2,2,222,6,At Risk
4140,1,3213.84,350,1,2,4,124,7,Lost
4143,1,3290.92,153,3,2,4,324,9,New & Promising
4145,1,1245.78,69,4,2,2,422,8,New & Promising
4146,1,6681.54,304,1,2,5,125,8,Lost
4148,1,1473.2,149,3,2,3,323,8,New & Promising
4150,1,1815.75,332,1,2,3,123,6,Lost
4152,2,8320.56,30,5,5,5,555,15,Champions
4153,1,1728.76,222,2,2,3,223,7,At Risk
4158,1,596.49,286,1,2,1,121,4,Lost
4161,1,5184.08,245,2,2,5,225,9,At Risk
4162,3,8425.67,24,5,5,5,555,15,Champions
4164,1,542.22,9,5,2,1,521,8,New & Promising
4165,1,3750.87,102,4,2,4,424,10,New & Promising
4167,2,868.72,18,5,5,2,552,12,Champions
4168,2,6306.76,170,3,5,5,355,13,Loyal
4169,3,3673.29,109,4,5,4,454,13,Champions
4170,1,2308.1,237,2,2,3,223,7,At Risk
4175,1,4287.3,184,3,2,5,325,10,New & Promising
4176,1,496.25,361,1,2,1,121,4,Lost
4177,1,2418.4,263,2,2,4,224,8,At Risk
4178,1,1395.26,18,5,2,2,522,9,New & Promising
4179,2,2921.35,294,1,5,4,154,10,Lost
4180,1,1669.84,141,3,2,3,323,8,New & Promising
4184,1,1930.11,54,5,2,3,523,10,New & Promising
4185,1,5984.71,360,1,2,5,125,8,Lost
4187,2,4956.900000000001,250,2,5,5,255,12,At Risk
4190,2,2516.34,164,3,5,4,354,12,Loyal
4192,2,2515.1,281,1,5,4,154,10,Lost
4193,1,2965.89,31,5,2,4,524,11,New & Promising
4195,1,1201.96,309,1,2,2,122,5,Lost
4199,1,7250.68,245,2,2,5,225,9,At Risk
4203,1,1047.03,5,5,2,2,522,9,New & Promising
4205,1,926.28,356,1,2,2,122,5,Lost
4209,1,1557.32,303,1,2,3,123,6,Lost
4210,1,462.73,105,4,2,1,421,7,New & Promising
4211,1,2203.68,77,4,2,3,423,9,New & Promising
4212,1,1973.96,357,1,2,3,123,6,Lost
4213,1,688.26,279,1,2,1,121,4,Lost
4215,1,3273.55,215,2,2,4,224,8,At Risk
4218,2,2586.7,132,3,5,4,354,12,Loyal
4219,1,868.6,334,1,2,2,122,5,Lost
4221,1,1375.28,159,3,2,2,322,7,New & Promising
4223,1,302.58,106,4,2,1,421,7,New & Promising
4226,1,3746.3,71,4,2,4,424,10,New & Promising
4227,1,3564.21,220,2,2,4,224,8,At Risk
4228,1,977.43,324,1,2,2,122,5,Lost
4229,1,1200.71,109,4,2,2,422,8,New & Promising
4234,1,636.91,61,4,2,1,421,7,New & Promising
4236,1,3526.62,30,5,2,4,524,11,New & Promising
4237,1,509.78,188,3,2,1,321,6,New & Promising
4238,3,7986.4,82,4,5,5,455,14,Champions
4240,1,2616.22,126,3,2,4,324,9,New & Promising
4242,1,1817.49,300,1,2,3,123,6,Lost
4243,2,4260.97,164,3,5,5,355,13,Loyal
4244,1,2282.56,342,1,2,3,123,6,Lost
4245,3,1619.72,69,4,5,3,453,12,Champions
4246,1,1663.83,136,3,2,3,323,8,New & Promising
4247,1,1152.74,342,1,2,2,122,5,Lost
4249,1,1963.58,91,4,2,3,423,9,New & Promising
4251,2,5128.53,27,5,5,5,555,15,Champions
4252,1,1997.42,210,2,2,3,223,7,At Risk
4254,4,4072.35,5,5,5,5,555,15,Champions
4258,1,2097.84,132,3,2,3,323,8,New & Promising
4262,1,2245.91,87,4,2,3,423,9,New & Promising
4263,1,1729.49,105,4,2,3,423,9,New & Promising
4265,1,6237.02,106,4,2,5,425,11,New & Promising
4268,1,2126.4,8,5,2,3,523,10,New & Promising
4269,2,823.76,18,5,5,2,552,12,Champions
4270,1,2175.73,187,3,2,3,323,8,New & Promising
4272,1,1733.94,183,3,2,3,323,8,New & Promising
4273,1,1424.13,185,3,2,3,323,8,New & Promising
4278,1,1409.9,77,4,2,3,423,9,New & Promising
4283,2,4764.04,257,2,5,5,255,12,At Risk
4285,1,1462.23,335,1,2,3,123,6,Lost
4290,1,2518.56,1,5,2,4,524,11,New & Promising
4292,1,650.52,287,1,2,1,121,4,Lost
4294,1,1101.18,357,1,2,2,122,5,Lost
4295,1,2481.93,88,4,2,4,424,10,New & Promising
4296,1,4806.65,327,1,2,5,125,8,Lost
4297,3,6885.57,78,4,5,5,455,14,Champions
4299,1,1944.66,344,1,2,3,123,6,Lost
4300,1,2458.92,326,1,2,4,124,7,Lost
4301,1,700.53,356,1,2,1,121,4,Lost
4304,1,2436.72,282,1,2,4,124,7,Lost
4307,2,2687.38,269,2,5,4,254,11,At Risk
4309,1,1238.01,191,2,2,2,222,6,At Risk
4310,2,5213.93,245,2,5,5,255,12,At Risk
4311,1,232.62,249,2,2,1,221,5,At Risk
4314,1,1841.14,238,2,2,3,223,7,At Risk
4315,1,1811.52,316,1,2,3,123,6,Lost
4317,3,5285.85,13,5,5,5,555,15,Champions
4318,2,4225.06,180,3,5,5,355,13,Loyal
4319,2,1502.8600000000001,50,5,5,3,553,13,Champions
4323,2,1299.37,62,4,5,2,452,11,Champions
4325,1,2445.17,83,4,2,4,424,10,New & Promising
4327,1,994.55,263,2,2,2,222,6,At Risk
4330,3,6137.64,56,5,5,5,555,15,Champions
4332,2,2045.28,131,3,5,3,353,11,Loyal
4333,2,731.19,128,3,5,1,351,9,Loyal
4334,2,6667.530000000001,153,3,5,5,355,13,Loyal
4336,1,5997.12,276,1,2,5,125,8,Lost
4337,2,6784.42,118,4,5,5,455,14,Champions
4338,2,1376.1299999999999,146,3,5,2,352,10,Loyal
4339,1,1984.44,90,4,2,3,423,9,New & Promising
4340,2,2141.76,141,3,5,3,353,11,Loyal
4341,1,1294.19,197,2,2,2,222,6,At Risk
4342,1,2480.58,41,5,2,4,524,11,New & Promising
4349,1,4420.73,326,1,2,5,125,8,Lost
4350,1,3135.84,246,2,2,4,224,8,At Risk
4351,1,1947.43,305,1,2,3,123,6,Lost
4352,1,2243.24,171,3,2,3,323,8,New & Promising
4355,1,1341.51,71,4,2,2,422,8,New & Promising
4356,1,844.92,184,3,2,2,322,7,New & Promising
4359,1,314.25,357,1,2,1,121,4,Lost
4360,3,7021.110000000001,71,4,5,5,455,14,Champions
4361,1,238.8,310,1,2,1,121,4,Lost
4363,1,1721.16,139,3,2,3,323,8,New & Promising
4364,2,7837.120000000001,16,5,5,5,555,15,Champions
4366,2,881.91,126,3,5,2,352,10,Loyal
4374,1,613.03,287,1,2,1,121,4,Lost
4378,1,497.05,157,3,2,1,321,6,New & Promising
4379,1,4067.38,347,1,2,5,125,8,Lost
4381,1,2339.8,310,1,2,3,123,6,Lost
4387,1,1003.8,322,1,2,2,122,5,Lost
4388,1,1246.36,224,2,2,2,222,6,At Risk
4390,2,1222.6399999999999,113,4,5,2,452,11,Champions
4391,2,3928.09,39,5,5,5,555,15,Champions
4392,3,2719.58,232,2,5,4,254,11,At Risk
4394,1,980.67,135,3,2,2,322,7,New & Promising
4396,1,2756.07,162,3,2,4,324,9,New & Promising
4399,2,2117.3,223,2,5,3,253,10,At Risk
4405,2,4808.39,10,5,5,5,555,15,Champions
4406,1,3534.66,133,3,2,4,324,9,New & Promising
4409,1,6970.42,112,4,2,5,425,11,New & Promising
4410,2,2222.85,117,4,5,3,453,12,Champions
4411,2,1267.95,162,3,5,2,352,10,Loyal
4412,1,2063.49,211,2,2,3,223,7,At Risk
4413,1,4710.4,3,5,2,5,525,12,New & Promising
4419,1,1521.7,311,1,2,3,123,6,Lost
4426,2,1065.17,221,2,5,2,252,9,At Risk
4427,1,334.12,184,3,2,1,321,6,New & Promising
4430,1,1693.71,282,1,2,3,123,6,Lost
4431,3,3672.6099999999997,72,4,5,4,454,13,Champions
4432,1,1791.32,29,5,2,3,523,10,New & Promising
4433,3,5489.330000000001,18,5,5,5,555,15,Champions
4434,1,1345.54,303,1,2,2,122,5,Lost
4438,1,2820.69,59,4,2,4,424,10,New & Promising
4442,2,652.86,44,5,5,1,551,11,Champions
4443,4,6934.299999999999,65,4,5,5,455,14,Champions
4444,2,6973.95,43,5,5,5,555,15,Champions
4454,1,480.07,352,1,2,1,121,4,Lost
4459,2,6336.02,124,3,5,5,355,13,Loyal
4464,1,2895.1,191,2,2,4,224,8,At Risk
4466,1,770.69,123,3,2,2,322,7,New & Promising
4469,1,1458.63,204,2,2,3,223,7,At Risk
4472,1,3625.96,137,3,2,4,324,9,New & Promising
4473,1,4621.36,321,1,2,5,125,8,Lost
4474,1,599.22,259,2,2,1,221,5,At Risk
4476,2,1663.8899999999999,2,5,5,3,553,13,Champions
4477,1,774.38,81,4,2,2,422,8,New & Promising
4478,1,2363.85,122,4,2,3,423,9,New & Promising
4479,2,8329.7,5,5,5,5,555,15,Champions
4486,1,664.62,71,4,2,1,421,7,New & Promising
4487,1,521.72,321,1,2,1,121,4,Lost
4492,2,2056.43,21,5,5,3,553,13,Champions
4493,1,596.07,187,3,2,1,321,6,New & Promising
4495,1,3321.72,305,1,2,4,124,7,Lost
4496,1,739.44,8,5,2,1,521,8,New & Promising
4502,1,714.18,339,1,2,1,121,4,Lost
4504,1,173.14,154,3,2,1,321,6,New & Promising
4507,1,2014.81,146,3,2,3,323,8,New & Promising
4509,1,2263.75,302,1,2,3,123,6,Lost
4510,1,1570.05,12,5,2,3,523,10,New & Promising
4512,1,4512.32,238,2,2,5,225,9,At Risk
4514,2,3893.09,198,2,5,5,255,12,At Risk
4517,2,2295.0299999999997,79,4,5,3,453,12,Champions
4518,1,1527.33,40,5,2,3,523,10,New & Promising
4522,1,4767.7,60,4,2,5,425,11,New & Promising
4523,1,5779.32,202,2,2,5,225,9,At Risk
4527,1,1290.7,138,3,2,2,322,7,New & Promising
4529,2,6720.13,139,3,5,5,355,13,Loyal
4532,1,931.34,59,4,2,2,422,8,New & Promising
4538,1,863.99,63,4,2,2,422,8,New & Promising
4539,1,961.02,263,2,2,2,222,6,At Risk
4542,3,2648.98,95,4,5,4,454,13,Champions
4543,1,800.04,32,5,2,2,522,9,New & Promising
4544,1,2742.6,204,2,2,4,224,8,At Risk
4546,3,5091.650000000001,201,2,5,5,255,12,At Risk
4548,1,1570.77,180,3,2,3,323,8,New & Promising
4554,2,3604.8500000000004,63,4,5,4,454,13,Champions
4555,1,4871.5,298,1,2,5,125,8,Lost
4561,1,2660.36,166,3,2,4,324,9,New & Promising
4563,1,639.9,257,2,2,1,221,5,At Risk
4564,3,4397.78,95,4,5,5,455,14,Champions
4569,1,2062.38,123,3,2,3,323,8,New & Promising
4571,2,3554.92,122,4,5,4,454,13,Champions
4572,2,2226.78,124,3,5,3,353,11,Loyal
4575,1,6218.53,194,2,2,5,225,9,At Risk
4577,2,2289.94,140,3,5,3,353,11,Loyal
4579,1,1203.75,360,1,2,2,122,5,Lost
4581,1,3190.78,238,2,2,4,224,8,At Risk
4582,1,381.47,119,4,2,1,421,7,New & Promising
4584,1,1095.97,215,2,2,2,222,6,At Risk
4587,1,3850.44,292,1,2,5,125,8,Lost
4589,1,383.64,209,2,2,1,221,5,At Risk
4590,1,6133.61,4,5,2,5,525,12,New & Promising
4591,1,611.71,340,1,2,1,121,4,Lost
4595,2,4245.41,108,4,5,5,455,14,Champions
4596,2,6535.43,211,2,5,5,255,12,At Risk
4597,1,3567.6,323,1,2,4,124,7,Lost
4598,1,1289.91,129,3,2,2,322,7,New & Promising
4599,1,184.9,304,1,2,1,121,4,Lost
4600,1,259.79,28,5,2,1,521,8,New & Promising
4604,1,305.32,314,1,2,1,121,4,Lost
4605,1,873.84,220,2,2,2,222,6,At Risk
4608,1,5934.75,292,1,2,5,125,8,Lost
4609,1,1378.16,265,2,2,2,222,6,At Risk
4610,1,260.97,176,3,2,1,321,6,New & Promising
4611,1,3040.3,291,1,2,4,124,7,Lost
4614,1,2116.93,241,2,2,3,223,7,At Risk
4618,1,2309.25,353,1,2,3,123,6,Lost
4619,1,2335.77,166,3,2,3,323,8,New & Promising
4621,1,2842.54,39,5,2,4,524,11,New & Promising
4622,2,4269.92,258,2,5,5,255,12,At Risk
4623,1,1094.55,220,2,2,2,222,6,At Risk
4624,1,2266.72,341,1,2,3,123,6,Lost
4625,3,5667.76,41,5,5,5,555,15,Champions
4629,1,615.47,95,4,2,1,421,7,New & Promising
4631,4,7725.790000000001,143,3,5,5,355,13,Loyal
4632,1,4713.37,284,1,2,5,125,8,Lost
4633,1,1445.38,318,1,2,3,123,6,Lost
4634,1,2452.52,29,5,2,4,524,11,New & Promising
4635,1,6233.48,343,1,2,5,125,8,Lost
4636,1,739.65,129,3,2,1,321,6,New & Promising
4638,2,1778.41,1,5,5,3,553,13,Champions
4639,1,975.59,230,2,2,2,222,6,At Risk
4642,1,1548.43,119,4,2,3,423,9,New & Promising
4643,1,483.06,33,5,2,1,521,8,New & Promising
4647,1,595.87,206,2,2,1,221,5,At Risk
4648,1,2733.66,284,1,2,4,124,7,Lost
4649,2,1861.74,249,2,5,3,253,10,At Risk
4653,1,387.64,129,3,2,1,321,6,New & Promising
4654,1,921.82,176,3,2,2,322,7,New & Promising
4657,1,3754.47,300,1,2,4,124,7,Lost
4660,1,1366.91,179,3,2,2,322,7,New & Promising
4665,1,2427.4,171,3,2,4,324,9,New & Promising
4670,1,866.48,113,4,2,2,422,8,New & Promising
4674,2,898.15,107,4,5,2,452,11,Champions
4676,1,745.51,110,4,2,1,421,7,New & Promising
4677,1,4654.66,6,5,2,5,525,12,New & Promising
4680,1,205.97,211,2,2,1,221,5,At Risk
4687,1,914.64,111,4,2,2,422,8,New & Promising
4688,2,8653.130000000001,320,1,5,5,155,11,Lost
4692,2,4754.51,5,5,5,5,555,15,Champions
4693,1,164.45,81,4,2,1,421,7,New & Promising
4694,1,276.81,126,3,2,1,321,6,New & Promising
4703,1,1713.57,293,1,2,3,123,6,Lost
4704,1,2722.9,21,5,2,4,524,11,New & Promising
4705,1,2530.89,71,4,2,4,424,10,New & Promising
4706,1,1093.93,362,1,2,2,122,5,Lost
4707,1,1013.44,357,1,2,2,122,5,Lost
4709,1,2622.78,9,5,2,4,524,11,New & Promising
4710,1,794.66,42,5,2,2,522,9,New & Promising
4711,1,244.78,16,5,2,1,521,8,New & Promising
4714,2,4254.76,14,5,5,5,555,15,Champions
4716,2,1149.72,153,3,5,2,352,10,Loyal
4720,1,858.28,155,3,2,2,322,7,New & Promising
4721,2,4242.63,199,2,5,5,255,12,At Risk
4725,2,6865.23,124,3,5,5,355,13,Loyal
4726,1,1633.54,21,5,2,3,523,10,New & Promising
4727,1,998.24,326,1,2,2,122,5,Lost
4728,1,6321.76,164,3,2,5,325,10,New & Promising
4730,1,902.54,236,2,2,2,222,6,At Risk
4731,1,1767.68,259,2,2,3,223,7,At Risk
4732,1,1245.51,12,5,2,2,522,9,New & Promising
4733,1,2331.11,358,1,2,3,123,6,Lost
4735,1,1084.0,185,3,2,2,322,7,New & Promising
4740,1,1905.8,44,5,2,3,523,10,New & Promising
4741,1,2471.74,152,3,2,4,324,9,New & Promising
4744,1,1725.16,49,5,2,3,523,10,New & Promising
4745,1,183.36,281,1,2,1,121,4,Lost
4747,2,2332.3900000000003,49,5,5,3,553,13,Champions
4749,2,1955.46,282,1,5,3,153,9,Lost
4750,1,4305.24,160,3,2,5,325,10,New & Promising
4752,1,2768.64,282,1,2,4,124,7,Lost
4753,1,3126.12,141,3,2,4,324,9,New & Promising
4764,1,751.09,43,5,2,1,521,8,New & Promising
4766,2,885.63,11,5,5,2,552,12,Champions
4770,2,942.8,258,2,5,2,252,9,At Risk
4774,1,786.74,90,4,2,2,422,8,New & Promising
4780,2,3309.3,32,5,5,4,554,14,Champions
4786,3,5536.85,157,3,5,5,355,13,Loyal
4787,1,7657.8,265,2,2,5,225,9,At Risk
4789,1,273.35,16,5,2,1,521,8,New & Promising
4796,1,735.32,290,1,2,1,121,4,Lost
4797,1,1116.86,295,1,2,2,122,5,Lost
4798,2,9076.93,53,5,5,5,555,15,Champions
4800,1,1995.76,123,3,2,3,323,8,New & Promising
4804,2,1535.82,188,3,5,3,353,11,Loyal
4805,1,792.16,319,1,2,2,122,5,Lost
4809,1,3851.35,186,3,2,5,325,10,New & Promising
4810,2,1880.1,165,3,5,3,353,11,Loyal
4811,1,1429.28,155,3,2,3,323,8,New & Promising
4813,1,3862.44,116,4,2,5,425,11,New & Promising
4814,1,1264.95,329,1,2,2,122,5,Lost
4816,1,6170.93,235,2,2,5,225,9,At Risk
4818,4,6372.86,16,5,5,5,555,15,Champions
4819,1,1279.72,41,5,2,2,522,9,New & Promising
4820,1,2950.38,169,3,2,4,324,9,New & Promising
4821,1,1836.24,96,4,2,3,423,9,New & Promising
4822,2,8346.199999999999,123,3,5,5,355,13,Loyal
4825,2,1490.6,57,5,5,3,553,13,Champions
4827,1,2221.98,206,2,2,3,223,7,At Risk
4829,1,568.17,15,5,2,1,521,8,New & Promising
4830,2,1547.7,277,1,5,3,153,9,Lost
4832,2,1990.24,221,2,5,3,253,10,At Risk
4833,3,3596.5999999999995,6,5,5,4,554,14,Champions
4836,2,666.77,49,5,5,1,551,11,Champions
4841,2,2304.5699999999997,13,5,5,3,553,13,Champions
4842,1,676.41,16,5,2,1,521,8,New & Promising
4846,2,4914.88,140,3,5,5,355,13,Loyal
4847,1,4287.6,293,1,2,5,125,8,Lost
4850,1,1923.75,248,2,2,3,223,7,At Risk
4851,2,2957.42,154,3,5,4,354,12,Loyal
4852,1,1511.68,47,5,2,3,523,10,New & Promising
4853,1,1440.87,26,5,2,3,523,10,New & Promising
4854,1,1240.29,348,1,2,2,122,5,Lost
4856,1,1059.04,45,5,2,2,522,9,New & Promising
4857,1,5463.21,72,4,2,5,425,11,New & Promising
4858,1,404.22,117,4,2,1,421,7,New & Promising
4860,1,1047.66,247,2,2,2,222,6,At Risk
4861,2,2796.2,153,3,5,4,354,12,Loyal
4862,1,488.26,275,2,2,1,221,5,At Risk
4863,2,4157.91,139,3,5,5,355,13,Loyal
4864,2,2406.74,232,2,5,4,254,11,At Risk
4865,1,1068.18,168,3,2,2,322,7,New & Promising
4866,2,6544.44,176,3,5,5,355,13,Loyal
4869,1,2169.25,152,3,2,3,323,8,New & Promising
4870,1,898.68,219,2,2,2,222,6,At Risk
4875,1,2180.9,140,3,2,3,323,8,New & Promising
4876,2,1527.08,148,3,5,3,353,11,Loyal
4877,1,2775.81,187,3,2,4,324,9,New & Promising
4879,2,8158.59,112,4,5,5,455,14,Champions
4882,1,1967.73,134,3,2,3,323,8,New & Promising
4883,2,2364.35,102,4,5,3,453,12,Champions
4884,4,3392.8900000000003,68,4,5,4,454,13,Champions
4886,2,1225.46,92,4,5,2,452,11,Champions
4887,2,3840.1899999999996,1,5,5,4,554,14,Champions
4890,1,568.79,3,5,2,1,521,8,New & Promising
4891,1,1709.76,353,1,2,3,123,6,Lost
4892,1,1010.33,315,1,2,2,122,5,Lost
4896,1,1024.17,149,3,2,2,322,7,New & Promising
4897,1,551.66,308,1,2,1,121,4,Lost
4899,1,600.81,79,4,2,1,421,7,New & Promising
4900,2,1777.66,46,5,5,3,553,13,Champions
4901,1,3558.64,261,2,2,4,224,8,At Risk
4903,2,4042.13,222,2,5,5,255,12,At Risk
4904,1,1223.08,177,3,2,2,322,7,New & Promising
4906,2,1877.35,7,5,5,3,553,13,Champions
4907,1,1197.76,248,2,2,2,222,6,At Risk
4908,3,1773.8400000000001,52,5,5,3,553,13,Champions
4910,1,1676.0,9,5,2,3,523,10,New & Promising
4912,2,5631.179999999999,12,5,5,5,555,15,Champions
4915,2,3262.0,61,4,5,4,454,13,Champions
4920,1,1679.13,13,5,2,3,523,10,New & Promising
4922,1,483.1,322,1,2,1,121,4,Lost
4925,1,484.65,191,2,2,1,221,5,At Risk
4927,2,3224.07,27,5,5,4,554,14,Champions
4929,1,687.46,270,2,2,1,221,5,At Risk
4930,1,2446.4,49,5,2,4,524,11,New & Promising
4933,1,2719.84,321,1,2,4,124,7,Lost
4937,1,3209.76,299,1,2,4,124,7,Lost
4938,1,1386.1,242,2,2,2,222,6,At Risk
4939,2,6339.5,21,5,5,5,555,15,Champions
4940,1,1604.26,90,4,2,3,423,9,New & Promising
4941,2,1640.37,69,4,5,3,453,12,Champions
4943,1,2549.12,62,4,2,4,424,10,New & Promising
4944,2,1870.42,11,5,5,3,553,13,Champions
4949,2,8753.49,20,5,5,5,555,15,Champions
4950,2,5362.47,21,5,5,5,555,15,Champions
4952,1,1834.4,110,4,2,3,423,9,New & Promising
4953,1,3283.82,17,5,2,4,524,11,New & Promising
4956,1,1199.66,180,3,2,2,322,7,New & Promising
4959,2,7128.1900000000005,84,4,5,5,455,14,Champions
4960,2,2946.5,19,5,5,4,554,14,Champions
4964,1,772.32,242,2,2,2,222,6,At Risk
4965,1,5348.71,236,2,2,5,225,9,At Risk
4972,1,150.38,270,2,2,1,221,5,At Risk
4980,1,1369.58,238,2,2,2,222,6,At Risk
4981,1,458.07,6,5,2,1,521,8,New & Promising
4982,1,3112.16,146,3,2,4,324,9,New & Promising
4983,1,79.71,240,2,2,1,221,5,At Risk
4984,2,5128.49,3,5,5,5,555,15,Champions
4985,1,1006.89,251,2,2,2,222,6,At Risk
4986,2,6459.74,115,4,5,5,455,14,Champions
4993,1,3796.27,227,2,2,4,224,8,At Risk
4995,1,1183.12,119,4,2,2,422,8,New & Promising
4998,1,1850.24,112,4,2,3,423,9,New & Promising
4999,1,3064.19,196,2,2,4,224,8,At Risk
5001,1,1028.84,23,5,2,2,522,9,New & Promising
5004,2,8443.94,180,3,5,5,355,13,Loyal
5010,2,4216.62,113,4,5,5,455,14,Champions
5012,1,333.74,3,5,2,1,521,8,New & Promising
5013,2,4122.15,130,3,5,5,355,13,Loyal
5014,1,152.16,69,4,2,1,421,7,New & Promising
5015,1,529.96,200,2,2,1,221,5,At Risk
5018,2,4148.03,127,3,5,5,355,13,Loyal
5022,1,474.8,127,3,2,1,321,6,New & Promising
5026,2,2539.03,168,3,5,4,354,12,Loyal
5028,1,2863.78,42,5,2,4,524,11,New & Promising
5030,1,2261.92,187,3,2,3,323,8,New & Promising
5032,2,5641.2699999999995,20,5,5,5,555,15,Champions
5033,1,868.47,130,3,2,2,322,7,New & Promising
5034,1,784.35,334,1,2,2,122,5,Lost
5037,2,1138.6,5,5,5,2,552,12,Champions
5038,2,2512.57,14,5,5,4,554,14,Champions
5039,1,5867.1,292,1,2,5,125,8,Lost
5045,1,1715.42,327,1,2,3,123,6,Lost
5046,1,3983.36,131,3,2,5,325,10,New & Promising
5047,1,2393.85,232,2,2,4,224,8,At Risk
5048,2,3428.31,218,2,5,4,254,11,At Risk
5050,1,2751.56,262,2,2,4,224,8,At Risk
5054,1,335.14,180,3,2,1,321,6,New & Promising
5055,1,356.62,309,1,2,1,121,4,Lost
5056,1,1225.19,92,4,2,2,422,8,New & Promising
5059,3,3399.3100000000004,91,4,5,4,454,13,Champions
5060,1,5304.18,18,5,2,5,525,12,New & Promising
5061,1,1104.81,143,3,2,2,322,7,New & Promising
5064,1,685.66,251,2,2,1,221,5,At Risk
5066,1,6746.0,351,1,2,5,125,8,Lost
5067,1,1183.0,312,1,2,2,122,5,Lost
5069,1,1020.28,186,3,2,2,322,7,New & Promising
5071,1,1725.08,283,1,2,3,123,6,Lost
5074,1,105.26,151,3,2,1,321,6,New & Promising
5075,1,1648.8,305,1,2,3,123,6,Lost
5079,2,1421.5500000000002,103,4,5,3,453,12,Champions
5081,1,2189.33,227,2,2,3,223,7,At Risk
5082,2,2299.04,253,2,5,3,253,10,At Risk
5083,1,286.18,309,1,2,1,121,4,Lost
5087,1,2965.56,95,4,2,4,424,10,New & Promising
5088,1,1046.38,298,1,2,2,122,5,Lost
5090,1,1895.4,276,1,2,3,123,6,Lost
5091,1,912.44,326,1,2,2,122,5,Lost
5092,2,5768.9,179,3,5,5,355,13,Loyal
5093,1,4636.12,155,3,2,5,325,10,New & Promising
5098,1,757.4,170,3,2,2,322,7,New & Promising
5103,1,285.07,161,3,2,1,321,6,New & Promising
5105,1,407.7,307,1,2,1,121,4,Lost
5107,1,1424.89,176,3,2,3,323,8,New & Promising
5108,1,1140.74,99,4,2,2,422,8,New & Promising
5109,2,3145.08,50,5,5,4,554,14,Champions
5111,1,275.99,280,1,2,1,121,4,Lost
5113,1,469.93,87,4,2,1,421,7,New & Promising
5115,1,3400.42,284,1,2,4,124,7,Lost
5118,1,1688.7,101,4,2,3,423,9,New & Promising
5119,2,3172.1499999999996,68,4,5,4,454,13,Champions
5120,2,2992.91,260,2,5,4,254,11,At Risk
5123,1,140.4,151,3,2,1,321,6,New & Promising
5126,1,4094.21,217,2,2,5,225,9,At Risk
5127,1,2613.52,292,1,2,4,124,7,Lost
5128,1,2595.81,357,1,2,4,124,7,Lost
5132,1,1352.01,359,1,2,2,122,5,Lost
5133,1,586.87,172,3,2,1,321,6,New & Promising
5138,1,2891.82,26,5,2,4,524,11,New & Promising
5140,1,1418.33,243,2,2,3,223,7,At Risk
5141,1,940.71,143,3,2,2,322,7,New & Promising
5143,2,1620.7800000000002,16,5,5,3,553,13,Champions
5144,1,879.59,134,3,2,2,322,7,New & Promising
5146,1,1760.28,206,2,2,3,223,7,At Risk
5147,1,446.38,130,3,2,1,321,6,New & Promising
5148,3,6018.0599999999995,163,3,5,5,355,13,Loyal
5151,1,4337.17,134,3,2,5,325,10,New & Promising
5153,1,1722.1,311,1,2,3,123,6,Lost
5161,1,58.43,138,3,2,1,321,6,New & Promising
5162,1,1248.08,234,2,2,2,222,6,At Risk
5163,1,2251.19,198,2,2,3,223,7,At Risk
5166,1,1061.77,50,5,2,2,522,9,New & Promising
5172,1,903.48,163,3,2,2,322,7,New & Promising
5174,2,1503.4,144,3,5,3,353,11,Loyal
5176,4,15955.15,36,5,5,5,555,15,Champions
5179,1,1319.44,113,4,2,2,422,8,New & Promising
5180,1,3580.77,164,3,2,4,324,9,New & Promising
5183,1,991.8,121,4,2,2,422,8,New & Promising
5188,1,4880.26,133,3,2,5,325,10,New & Promising
5194,1,769.59,213,2,2,2,222,6,At Risk
5199,1,880.7,91,4,2,2,422,8,New & Promising
5200,1,178.74,6,5,2,1,521,8,New & Promising
5202,1,861.31,79,4,2,2,422,8,New & Promising
5206,1,4256.56,68,4,2,5,425,11,New & Promising
5211,1,4036.14,359,1,2,5,125,8,Lost
5212,1,1241.29,35,5,2,2,522,9,New & Promising
5213,3,4566.01,92,4,5,5,455,14,Champions
5217,1,2023.81,161,3,2,3,323,8,New & Promising
5218,1,390.54,285,1,2,1,121,4,Lost
5220,1,1020.52,247,2,2,2,222,6,At Risk
5221,3,4751.84,141,3,5,5,355,13,Loyal
5222,1,1258.38,236,2,2,2,222,6,At Risk
5224,1,824.3,173,3,2,2,322,7,New & Promising
5225,2,935.03,119,4,5,2,452,11,Champions
5227,1,633.0,155,3,2,1,321,6,New & Promising
5228,1,1246.53,69,4,2,2,422,8,New & Promising
5229,2,2889.7799999999997,263,2,5,4,254,11,At Risk
5232,1,43.35,70,4,2,1,421,7,New & Promising
5238,1,787.17,213,2,2,2,222,6,At Risk
5239,1,594.6,242,2,2,1,221,5,At Risk
5241,1,1445.98,98,4,2,3,423,9,New & Promising
5242,2,916.84,35,5,5,2,552,12,Champions
5244,1,863.44,130,3,2,2,322,7,New & Promising
5245,2,6146.6,109,4,5,5,455,14,Champions
5246,1,2238.2,133,3,2,3,323,8,New & Promising
5249,1,926.31,359,1,2,2,122,5,Lost
5252,2,2427.33,103,4,5,4,454,13,Champions
5253,1,1474.56,333,1,2,3,123,6,Lost
5255,2,2754.84,120,4,5,4,454,13,Champions
5264,1,472.87,184,3,2,1,321,6,New & Promising
5265,1,591.32,186,3,2,1,321,6,New & Promising
5266,1,2223.78,33,5,2,3,523,10,New & Promising
5270,1,2493.64,277,1,2,4,124,7,Lost
5274,2,1383.16,312,1,5,2,152,8,Lost
5276,2,3381.56,157,3,5,4,354,12,Loyal
5278,1,4951.04,141,3,2,5,325,10,New & Promising
5279,2,1914.4099999999999,151,3,5,3,353,11,Loyal
5280,2,2874.03,114,4,5,4,454,13,Champions
5281,2,1360.48,148,3,5,2,352,10,Loyal
5284,1,1169.3,70,4,2,2,422,8,New & Promising
5285,2,2528.77,79,4,5,4,454,13,Champions
5288,2,5552.33,59,4,5,5,455,14,Champions
5291,1,1186.63,192,2,2,2,222,6,At Risk
5292,1,1072.87,205,2,2,2,222,6,At Risk
5294,1,555.14,130,3,2,1,321,6,New & Promising
5295,1,444.02,72,4,2,1,421,7,New & Promising
5297,1,1252.05,251,2,2,2,222,6,At Risk
5298,2,2981.79,38,5,5,4,554,14,Champions
5299,1,1387.8,168,3,2,2,322,7,New & Promising
5300,1,1095.1,104,4,2,2,422,8,New & Promising
5301,2,1802.29,34,5,5,3,553,13,Champions
5302,1,3899.16,349,1,2,5,125,8,Lost
5303,1,1001.53,327,1,2,2,122,5,Lost
5308,1,1357.89,250,2,2,2,222,6,At Risk
5310,1,3534.4,352,1,2,4,124,7,Lost
5312,2,2660.37,168,3,5,4,354,12,Loyal
5313,1,1620.68,197,2,2,3,223,7,At Risk
5317,1,1178.38,120,4,2,2,422,8,New & Promising
5319,1,837.3,338,1,2,2,122,5,Lost
5322,1,3699.76,228,2,2,4,224,8,At Risk
5323,1,3361.66,155,3,2,4,324,9,New & Promising
5327,1,1477.92,175,3,2,3,323,8,New & Promising
5328,1,3805.9,83,4,2,4,424,10,New & Promising
5332,1,1275.4,168,3,2,2,322,7,New & Promising
5334,1,1727.08,324,1,2,3,123,6,Lost
5335,1,1113.81,103,4,2,2,422,8,New & Promising
5337,2,3008.5699999999997,180,3,5,4,354,12,Loyal
5339,1,3675.57,208,2,2,4,224,8,At Risk
5340,1,4948.2,298,1,2,5,125,8,Lost
5342,1,532.5,292,1,2,1,121,4,Lost
5343,1,776.36,302,1,2,2,122,5,Lost
5349,1,431.06,347,1,2,1,121,4,Lost
5351,1,1644.67,259,2,2,3,223,7,At Risk
5352,1,2582.32,113,4,2,4,424,10,New & Promising
5358,1,831.26,184,3,2,2,322,7,New & Promising
5362,1,3331.59,313,1,2,4,124,7,Lost
5364,1,147.89,358,1,2,1,121,4,Lost
5371,1,2112.24,179,3,2,3,323,8,New & Promising
5372,2,3448.7400000000002,278,1,5,4,154,10,Lost
5375,1,336.52,325,1,2,1,121,4,Lost
5376,2,5905.45,11,5,5,5,555,15,Champions
5378,1,3867.51,12,5,2,5,525,12,New & Promising
5379,1,1235.02,136,3,2,2,322,7,New & Promising
5382,3,3372.62,64,4,5,4,454,13,Champions
5395,1,2786.42,207,2,2,4,224,8,At Risk
5397,1,4361.91,135,3,2,5,325,10,New & Promising
5398,1,1835.82,141,3,2,3,323,8,New & Promising
5399,1,3984.39,141,3,2,5,325,10,New & Promising
5400,1,590.27,113,4,2,1,421,7,New & Promising
5402,2,1546.35,83,4,5,3,453,12,Champions
5403,2,9428.04,91,4,5,5,455,14,Champions
5406,2,4037.97,87,4,5,5,455,14,Champions
5409,1,2449.83,78,4,2,4,424,10,New & Promising
5413,1,2911.58,165,3,2,4,324,9,New & Promising
5415,2,3356.38,273,2,5,4,254,11,At Risk
5416,3,4996.34,35,5,5,5,555,15,Champions
5418,1,5081.0,175,3,2,5,325,10,New & Promising
5419,1,364.26,251,2,2,1,221,5,At Risk
5421,1,1156.78,320,1,2,2,122,5,Lost
5422,1,906.09,109,4,2,2,422,8,New & Promising
5424,1,365.8,180,3,2,1,321,6,New & Promising
5425,1,4752.42,114,4,2,5,425,11,New & Promising
5426,1,720.48,197,2,2,1,221,5,At Risk
5427,1,1361.9,173,3,2,2,322,7,New & Promising
5429,1,1303.03,67,4,2,2,422,8,New & Promising
5430,1,533.86,22,5,2,1,521,8,New & Promising
5431,1,3757.12,277,1,2,4,124,7,Lost
5432,1,1113.82,238,2,2,2,222,6,At Risk
5434,2,2254.5699999999997,67,4,5,3,453,12,Champions
5435,1,695.71,4,5,2,1,521,8,New & Promising
5442,2,937.58,104,4,5,2,452,11,Champions
5443,1,2294.12,183,3,2,3,323,8,New & Promising
5446,3,3457.06,78,4,5,4,454,13,Champions
5448,1,1576.32,172,3,2,3,323,8,New & Promising
5450,1,3222.07,288,1,2,4,124,7,Lost
5453,1,434.92,225,2,2,1,221,5,At Risk
5459,2,3951.57,211,2,5,5,255,12,At Risk
5460,1,1026.87,8,5,2,2,522,9,New & Promising
5461,1,262.45,345,1,2,1,121,4,Lost
5463,3,1868.11,16,5,5,3,553,13,Champions
5464,1,5860.0,222,2,2,5,225,9,At Risk
5466,2,4672.51,222,2,5,5,255,12,At Risk
5467,1,1604.38,2,5,2,3,523,10,New & Promising
5468,1,567.43,350,1,2,1,121,4,Lost
5469,1,930.92,22,5,2,2,522,9,New & Promising
5470,1,167.16,30,5,2,1,521,8,New & Promising
5471,2,2483.94,86,4,5,4,454,13,Champions
5475,1,1787.51,145,3,2,3,323,8,New & Promising
5478,1,1465.94,208,2,2,3,223,7,At Risk
5479,1,2663.02,274,2,2,4,224,8,At Risk
5480,1,1075.73,354,1,2,2,122,5,Lost
5484,2,4552.2,39,5,5,5,555,15,Champions
5485,2,2295.85,282,1,5,3,153,9,Lost
5486,1,859.6,281,1,2,2,122,5,Lost
5488,1,943.28,56,5,2,2,522,9,New & Promising
5489,1,4844.2,354,1,2,5,125,8,Lost
5490,1,626.14,102,4,2,1,421,7,New & Promising
5493,1,1158.28,57,5,2,2,522,9,New & Promising
5496,1,3870.3,229,2,2,5,225,9,At Risk
5498,1,5022.84,80,4,2,5,425,11,New & Promising
5500,1,1184.51,102,4,2,2,422,8,New & Promising
5502,1,1496.63,124,3,2,3,323,8,New & Promising
5503,1,442.61,105,4,2,1,421,7,New & Promising
5504,1,2470.05,192,2,2,4,224,8,At Risk
5505,2,2380.4700000000003,102,4,5,4,454,13,Champions
5508,2,4799.0599999999995,49,5,5,5,555,15,Champions
5509,1,316.54,329,1,2,1,121,4,Lost
5513,1,3092.52,95,4,2,4,424,10,New & Promising
5514,2,5784.89,133,3,5,5,355,13,Loyal
5515,1,3339.2,222,2,2,4,224,8,At Risk
5516,1,950.89,314,1,2,2,122,5,Lost
5518,2,4699.67,105,4,5,5,455,14,Champions
5519,1,1929.7,150,3,2,3,323,8,New & Promising
5521,1,2050.89,123,3,2,3,323,8,New & Promising
5522,2,1226.31,165,3,5,2,352,10,Loyal
5525,1,4709.6,362,1,2,5,125,8,Lost
5526,1,395.05,26,5,2,1,521,8,New & Promising
5527,1,3662.71,98,4,2,4,424,10,New & Promising
5528,1,1233.59,42,5,2,2,522,9,New & Promising
5529,1,6006.6,288,1,2,5,125,8,Lost
5531,1,508.56,174,3,2,1,321,6,New & Promising
5532,1,3069.25,140,3,2,4,324,9,New & Promising
5533,3,4167.73,71,4,5,5,455,14,Champions
5534,2,5666.76,30,5,5,5,555,15,Champions
5537,1,1249.43,194,2,2,2,222,6,At Risk
5538,2,940.72,119,4,5,2,452,11,Champions
5540,1,580.56,248,2,2,1,221,5,At Risk
5541,1,643.98,250,2,2,1,221,5,At Risk
5544,1,591.86,340,1,2,1,121,4,Lost
5545,1,644.84,356,1,2,1,121,4,Lost
5552,1,1091.95,163,3,2,2,322,7,New & Promising
5553,2,7667.139999999999,220,2,5,5,255,12,At Risk
5557,4,6930.64,15,5,5,5,555,15,Champions
5558,1,330.65,246,2,2,1,221,5,At Risk
5560,1,2349.4,279,1,2,3,123,6,Lost
5561,2,3559.89,218,2,5,4,254,11,At Risk
5568,1,791.84,70,4,2,2,422,8,New & Promising
5569,1,1486.43,126,3,2,3,323,8,New & Promising
5573,2,3589.67,76,4,5,4,454,13,Champions
5574,2,3038.9300000000003,112,4,5,4,454,13,Champions
5578,1,3571.08,194,2,2,4,224,8,At Risk
5580,1,1790.6,119,4,2,3,423,9,New & Promising
5581,2,7678.41,202,2,5,5,255,12,At Risk
5587,2,1328.86,24,5,5,2,552,12,Champions
5593,1,3227.0,203,2,2,4,224,8,At Risk
5595,3,3271.27,159,3,5,4,354,12,Loyal
5596,1,2303.3,360,1,2,3,123,6,Lost
5597,2,1570.8000000000002,156,3,5,3,353,11,Loyal
5599,1,390.62,301,1,2,1,121,4,Lost
5601,2,5046.88,297,1,5,5,155,11,Lost
5605,1,1793.48,122,4,2,3,423,9,New & Promising
5606,1,1151.22,294,1,2,2,122,5,Lost
5607,1,1332.66,196,2,2,2,222,6,At Risk
5609,1,2748.3,214,2,2,4,224,8,At Risk
5610,1,277.34,298,1,2,1,121,4,Lost
5611,1,1745.14,167,3,2,3,323,8,New & Promising
5612,1,475.44,311,1,2,1,121,4,Lost
5614,1,563.73,167,3,2,1,321,6,New & Promising
5615,2,2101.19,228,2,5,3,253,10,At Risk
5617,1,278.64,67,4,2,1,421,7,New & Promising
5627,1,3737.79,236,2,2,4,224,8,At Risk
5630,2,1151.0900000000001,22,5,5,2,552,12,Champions
5631,1,499.9,310,1,2,1,121,4,Lost
5634,1,254.67,28,5,2,1,521,8,New & Promising
5635,2,8180.68,197,2,5,5,255,12,At Risk
5639,1,1712.44,361,1,2,3,123,6,Lost
5640,1,459.4,251,2,2,1,221,5,At Risk
5642,1,548.44,158,3,2,1,321,6,New & Promising
5643,2,1160.69,108,4,5,2,452,11,Champions
5644,1,1070.96,92,4,2,2,422,8,New & Promising
5648,1,216.78,301,1,2,1,121,4,Lost
5651,1,876.37,67,4,2,2,422,8,New & Promising
5652,2,2492.8999999999996,44,5,5,4,554,14,Champions
5659,1,1153.28,361,1,2,2,122,5,Lost
5661,1,2823.96,315,1,2,4,124,7,Lost
5665,1,469.09,37,5,2,1,521,8,New & Promising
5666,1,946.73,53,5,2,2,522,9,New & Promising
5667,1,2610.47,253,2,2,4,224,8,At Risk
5668,1,2285.5,194,2,2,3,223,7,At Risk
5669,3,4882.39,235,2,5,5,255,12,At Risk
5671,1,1765.91,210,2,2,3,223,7,At Risk
5673,1,1062.0,303,1,2,2,122,5,Lost
5674,2,1245.6399999999999,234,2,5,2,252,9,At Risk
5675,1,1180.09,303,1,2,2,122,5,Lost
5676,1,907.08,58,5,2,2,522,9,New & Promising
5677,1,370.56,351,1,2,1,121,4,Lost
5679,1,3437.48,284,1,2,4,124,7,Lost
5681,1,3379.94,125,3,2,4,324,9,New & Promising
5682,1,1529.45,26,5,2,3,523,10,New & Promising
5684,2,3551.24,112,4,5,4,454,13,Champions
5686,1,2532.53,310,1,2,4,124,7,Lost
5687,1,862.64,253,2,2,2,222,6,At Risk
5688,2,3969.02,211,2,5,5,255,12,At Risk
5690,1,920.54,17,5,2,2,522,9,New & Promising
5694,1,2481.91,258,2,2,4,224,8,At Risk
5696,1,3156.37,110,4,2,4,424,10,New & Promising
5697,1,345.63,73,4,2,1,421,7,New & Promising
5698,1,2775.34,238,2,2,4,224,8,At Risk
5702,1,294.26,202,2,2,1,221,5,At Risk
5703,1,1401.94,126,3,2,2,322,7,New & Promising
5707,1,2424.23,307,1,2,4,124,7,Lost
5709,2,3759.04,17,5,5,4,554,14,Champions
5710,2,6117.19,60,4,5,5,455,14,Champions
5714,1,422.94,358,1,2,1,121,4,Lost
5720,2,5847.68,38,5,5,5,555,15,Champions
5722,1,1102.16,187,3,2,2,322,7,New & Promising
5723,1,1612.0,222,2,2,3,223,7,At Risk
5724,1,854.45,253,2,2,2,222,6,At Risk
5725,2,4757.410000000001,133,3,5,5,355,13,Loyal
5727,1,750.8,191,2,2,1,221,5,At Risk
5729,1,992.72,123,3,2,2,322,7,New & Promising
5730,1,761.88,264,2,2,2,222,6,At Risk
5736,1,361.68,207,2,2,1,221,5,At Risk
5737,1,1497.16,280,1,2,3,123,6,Lost
5738,1,728.72,309,1,2,1,121,4,Lost
5740,3,7861.7,123,3,5,5,355,13,Loyal
5742,1,2210.87,329,1,2,3,123,6,Lost
5745,1,257.17,272,2,2,1,221,5,At Risk
5747,1,712.32,326,1,2,1,121,4,Lost
5748,2,2531.29,255,2,5,4,254,11,At Risk
5749,2,1525.8200000000002,121,4,5,3,453,12,Champions
5751,2,1727.17,135,3,5,3,353,11,Loyal
5754,2,2924.19,127,3,5,4,354,12,Loyal
5755,2,3578.55,31,5,5,4,554,14,Champions
5756,2,6746.84,10,5,5,5,555,15,Champions
5757,2,6397.4,50,5,5,5,555,15,Champions
5760,2,7326.25,189,3,5,5,355,13,Loyal
5763,2,3507.06,222,2,5,4,254,11,At Risk
5764,1,617.48,360,1,2,1,121,4,Lost
5766,1,774.99,280,1,2,2,122,5,Lost
5767,2,2244.07,49,5,5,3,553,13,Champions
5770,2,5324.23,254,2,5,5,255,12,At Risk
5771,2,4523.67,15,5,5,5,555,15,Champions
5774,1,357.36,261,2,2,1,221,5,At Risk
5775,1,186.55,89,4,2,1,421,7,New & Promising
5776,2,3154.48,98,4,5,4,454,13,Champions
5777,1,2031.06,111,4,2,3,423,9,New & Promising
5778,2,6754.82,36,5,5,5,555,15,Champions
5779,1,5844.78,42,5,2,5,525,12,New & Promising
5780,1,3272.59,212,2,2,4,224,8,At Risk
5781,2,2517.3900000000003,142,3,5,4,354,12,Loyal
5782,1,2711.56,79,4,2,4,424,10,New & Promising
5785,1,865.06,288,1,2,2,122,5,Lost
5787,1,2778.81,60,4,2,4,424,10,New & Promising
5791,1,1268.46,115,4,2,2,422,8,New & Promising
5792,1,958.41,282,1,2,2,122,5,Lost
5793,3,7953.709999999999,62,4,5,5,455,14,Champions
5798,3,4788.68,11,5,5,5,555,15,Champions
5799,1,361.09,75,4,2,1,421,7,New & Promising
5800,1,419.94,204,2,2,1,221,5,At Risk
5801,1,495.59,174,3,2,1,321,6,New & Promising
5804,2,2556.78,296,1,5,4,154,10,Lost
5805,1,384.64,144,3,2,1,321,6,New & Promising
5808,2,6736.77,259,2,5,5,255,12,At Risk
5812,1,171.39,354,1,2,1,121,4,Lost
5813,1,1580.76,110,4,2,3,423,9,New & Promising
5817,1,742.07,126,3,2,1,321,6,New & Promising
5823,1,250.03,201,2,2,1,221,5,At Risk
5824,1,1914.12,22,5,2,3,523,10,New & Promising
5825,2,1723.68,79,4,5,3,453,12,Champions
5826,1,1313.32,228,2,2,2,222,6,At Risk
5827,1,6661.28,210,2,2,5,225,9,At Risk
5830,1,1014.56,330,1,2,2,122,5,Lost
5834,1,1543.69,78,4,2,3,423,9,New & Promising
5837,1,187.52,126,3,2,1,321,6,New & Promising
5838,2,4807.65,53,5,5,5,555,15,Champions
5839,1,660.25,79,4,2,1,421,7,New & Promising
5840,1,1668.56,320,1,2,3,123,6,Lost
5845,1,2803.58,18,5,2,4,524,11,New & Promising
5847,1,1229.98,120,4,2,2,422,8,New & Promising
5848,1,515.5,33,5,2,1,521,8,New & Promising
5850,1,1276.46,14,5,2,2,522,9,New & Promising
5852,3,8973.34,4,5,5,5,555,15,Champions
5858,2,5974.68,55,5,5,5,555,15,Champions
5860,2,4225.01,140,3,5,5,355,13,Loyal
5863,2,3859.38,88,4,5,5,455,14,Champions
5864,2,1423.8500000000001,76,4,5,3,453,12,Champions
5869,1,5321.72,231,2,2,5,225,9,At Risk
5872,1,1639.93,60,4,2,3,423,9,New & Promising
5875,1,4387.44,257,2,2,5,225,9,At Risk
5876,1,2264.48,119,4,2,3,423,9,New & Promising
5877,1,554.03,168,3,2,1,321,6,New & Promising
5880,2,4883.01,173,3,5,5,355,13,Loyal
5884,1,684.24,87,4,2,1,421,7,New & Promising
5885,1,84.96,330,1,2,1,121,4,Lost
5886,1,1609.88,65,4,2,3,423,9,New & Promising
5888,1,464.76,143,3,2,1,321,6,New & Promising
5889,3,5474.77,56,5,5,5,555,15,Champions
5893,1,574.56,88,4,2,1,421,7,New & Promising
5894,1,1318.08,96,4,2,2,422,8,New & Promising
5895,2,2113.96,95,4,5,3,453,12,Champions
5902,1,2075.62,117,4,2,3,423,9,New & Promising
5903,1,1424.99,117,4,2,3,423,9,New & Promising
5904,2,2455.31,184,3,5,4,354,12,Loyal
5905,1,1440.58,196,2,2,3,223,7,At Risk
5906,1,250.93,157,3,2,1,321,6,New & Promising
5909,2,6184.5,324,1,5,5,155,11,Lost
5910,1,796.09,25,5,2,2,522,9,New & Promising
5915,1,5287.19,276,1,2,5,125,8,Lost
5918,2,3059.07,95,4,5,4,454,13,Champions
5920,2,4470.3,267,2,5,5,255,12,At Risk
5921,2,7634.02,64,4,5,5,455,14,Champions
5923,1,1037.8,40,5,2,2,522,9,New & Promising
5924,3,3255.02,1,5,5,4,554,14,Champions
5925,1,184.5,279,1,2,1,121,4,Lost
5926,3,3734.0,8,5,5,4,554,14,Champions
5932,1,909.21,314,1,2,2,122,5,Lost
5933,1,2290.32,110,4,2,3,423,9,New & Promising
5934,1,1934.72,293,1,2,3,123,6,Lost
5936,1,1344.64,289,1,2,2,122,5,Lost
5938,1,2953.72,96,4,2,4,424,10,New & Promising
5939,1,4156.23,144,3,2,5,325,10,New & Promising
5941,1,2470.8,32,5,2,4,524,11,New & Promising
5942,2,6460.49,44,5,5,5,555,15,Champions
5943,1,475.63,285,1,2,1,121,4,Lost
5944,3,2372.7200000000003,84,4,5,4,454,13,Champions
5946,1,2888.49,365,1,2,4,124,7,Lost
5949,1,1833.37,26,5,2,3,523,10,New & Promising
5952,3,10124.29,136,3,5,5,355,13,Loyal
5956,1,5080.54,233,2,2,5,225,9,At Risk
5958,1,1965.47,49,5,2,3,523,10,New & Promising
5960,1,5352.26,30,5,3,5,535,13,Loyal
5961,1,5472.29,305,1,3,5,135,9,Lost
5965,1,950.8,32,5,3,2,532,10,Loyal
5970,1,1772.96,12,5,3,3,533,11,Loyal
5972,1,1660.75,286,1,3,3,133,7,Lost
5973,2,1992.8,170,3,5,3,353,11,Loyal
5975,1,704.02,43,5,3,1,531,9,Loyal
5976,1,173.72,79,4,3,1,431,8,Loyal
5977,1,2180.96,214,2,3,3,233,8,At Risk
5979,3,2977.09,192,2,5,4,254,11,At Risk
5981,2,3929.55,137,3,5,5,355,13,Loyal
5982,1,1115.64,151,3,3,2,332,8,Loyal
5985,1,1616.39,203,2,3,3,233,8,At Risk
5989,2,1368.8200000000002,99,4,5,2,452,11,Champions
5993,1,1566.6,293,1,3,3,133,7,Lost
5994,1,684.72,104,4,3,1,431,8,Loyal
5996,2,2586.74,123,3,5,4,354,12,Loyal
5997,1,319.13,230,2,3,1,231,6,At Risk
5999,3,4053.8099999999995,30,5,5,5,555,15,Champions
6000,1,588.74,331,1,3,1,131,5,Lost
6005,3,3645.11,20,5,5,4,554,14,Champions
6006,1,766.38,72,4,3,2,432,9,Loyal
6007,1,1908.3,321,1,3,3,133,7,Lost
6010,1,377.58,62,4,3,1,431,8,Loyal
6011,1,3368.28,4,5,3,4,534,12,Loyal
6013,1,621.54,350,1,3,1,131,5,Lost
6018,1,843.21,28,5,3,2,532,10,Loyal
6019,2,1951.97,63,4,5,3,453,12,Champions
6020,1,821.05,360,1,3,2,132,6,Lost
6021,1,2497.51,88,4,3,4,434,11,Loyal
6024,1,1407.37,355,1,3,3,133,7,Lost
6025,1,2584.7,303,1,3,4,134,8,Lost
6026,1,776.79,129,3,3,2,332,8,Loyal
6027,1,704.19,167,3,3,1,331,7,Loyal
6028,2,2721.99,4,5,5,4,554,14,Champions
6031,1,805.05,88,4,3,2,432,9,Loyal
6035,1,2649.55,269,2,3,4,234,9,At Risk
6036,1,2799.21,319,1,3,4,134,8,Lost
6038,2,5932.62,13,5,5,5,555,15,Champions
6042,1,955.96,59,4,3,2,432,9,Loyal
6045,2,2783.81,164,3,5,4,354,12,Loyal
6046,1,846.77,186,3,3,2,332,8,Loyal
6047,1,3983.08,273,2,3,5,235,10,At Risk
6050,1,3225.6,224,2,3,4,234,9,At Risk
6052,1,1180.78,212,2,3,2,232,7,At Risk
6053,1,202.98,148,3,3,1,331,7,Loyal
6054,1,454.09,154,3,3,1,331,7,Loyal
6056,1,1512.9,329,1,3,3,133,7,Lost
6057,1,738.37,291,1,3,1,131,5,Lost
6058,3,5955.150000000001,6,5,5,5,555,15,Champions
6063,1,1693.91,132,3,3,3,333,9,Loyal
6065,1,1849.16,12,5,3,3,533,11,Loyal
6066,2,3142.1499999999996,193,2,5,4,254,11,At Risk
6067,1,4645.32,146,3,3,5,335,11,Loyal
6071,1,345.57,177,3,3,1,331,7,Loyal
6077,1,812.71,322,1,3,2,132,6,Lost
6080,1,1041.35,268,2,3,2,232,7,At Risk
6081,1,1117.0,303,1,3,2,132,6,Lost
6082,1,311.67,168,3,3,1,331,7,Loyal
6084,1,975.51,64,4,3,2,432,9,Loyal
6085,3,11545.2,125,3,5,5,355,13,Loyal
6086,2,7884.4400000000005,44,5,5,5,555,15,Champions
6087,2,1206.27,60,4,5,2,452,11,Champions
6088,4,6311.89,236,2,5,5,255,12,At Risk
6092,1,1973.55,119,4,3,3,433,10,Loyal
6093,1,97.93,268,2,3,1,231,6,At Risk
6096,1,1136.62,260,2,3,2,232,7,At Risk
6097,1,1135.33,48,5,3,2,532,10,Loyal
6098,1,276.84,333,1,3,1,131,5,Lost
6101,2,669.14,227,2,5,1,251,8,At Risk
6104,3,5695.15,18,5,5,5,555,15,Champions
6107,1,4978.23,325,1,3,5,135,9,Lost
6109,1,767.02,353,1,3,2,132,6,Lost
6111,2,6919.66,19,5,5,5,555,15,Champions
6112,1,461.97,114,4,3,1,431,8,Loyal
6116,4,8182.58,39,5,5,5,555,15,Champions
6118,2,1146.08,316,1,5,2,152,8,Lost
6119,1,374.3,81,4,3,1,431,8,Loyal
6121,1,4633.45,301,1,3,5,135,9,Lost
6125,1,1299.33,82,4,3,2,432,9,Loyal
6126,2,8373.25,227,2,5,5,255,12,At Risk
6127,1,552.51,270,2,3,1,231,6,At Risk
6128,1,1845.74,185,3,3,3,333,9,Loyal
6129,1,3389.65,255,2,3,4,234,9,At Risk
6135,3,7899.21,190,2,5,5,255,12,At Risk
6138,1,1580.56,163,3,3,3,333,9,Loyal
6141,1,356.04,130,3,3,1,331,7,Loyal
6142,1,1956.35,209,2,3,3,233,8,At Risk
6144,1,874.13,130,3,3,2,332,8,Loyal
6145,1,3296.76,251,2,3,4,234,9,At Risk
6148,2,2677.02,48,5,5,4,554,14,Champions
6151,2,1626.8,301,1,5,3,153,9,Lost
6153,1,5532.55,263,2,3,5,235,10,At Risk
6154,1,967.94,236,2,3,2,232,7,At Risk
6155,1,3630.6,267,2,3,4,234,9,At Risk
6156,1,4108.1,116,4,3,5,435,12,Loyal
6163,1,1755.32,35,5,3,3,533,11,Loyal
6164,1,362.7,25,5,3,1,531,9,Loyal
6165,1,1419.34,335,1,3,3,133,7,Lost
6166,2,597.67,22,5,5,1,551,11,Champions
6170,1,409.22,125,3,3,1,331,7,Loyal
6171,1,1563.53,327,1,3,3,133,7,Lost
6173,1,2489.67,16,5,3,4,534,12,Loyal
6174,1,1226.08,2,5,3,2,532,10,Loyal
6176,1,2478.35,165,3,3,4,334,10,Loyal
6177,1,4306.6,117,4,3,5,435,12,Loyal
6178,2,902.99,56,5,5,2,552,12,Champions
6181,1,1024.35,142,3,3,2,332,8,Loyal
6182,1,2524.68,303,1,3,4,134,8,Lost
6186,1,532.81,198,2,3,1,231,6,At Risk
6187,1,5872.2,219,2,3,5,235,10,At Risk
6191,2,2162.92,53,5,5,3,553,13,Champions
6193,1,771.51,223,2,3,2,232,7,At Risk
6195,1,950.69,154,3,3,2,332,8,Loyal
6196,1,1040.85,134,3,3,2,332,8,Loyal
6197,1,3179.88,243,2,3,4,234,9,At Risk
6198,1,351.14,101,4,3,1,431,8,Loyal
6201,1,2824.14,49,5,3,4,534,12,Loyal
6202,1,5126.22,361,1,3,5,135,9,Lost
6204,1,3725.64,145,3,3,4,334,10,Loyal
6206,1,2858.81,150,3,3,4,334,10,Loyal
6208,1,6342.08,114,4,3,5,435,12,Loyal
6209,1,560.63,161,3,3,1,331,7,Loyal
6210,3,1845.8,27,5,5,3,553,13,Champions
6212,1,154.87,21,5,3,1,531,9,Loyal
6213,1,600.99,120,4,3,1,431,8,Loyal
6215,1,200.52,52,5,3,1,531,9,Loyal
6217,1,299.92,291,1,3,1,131,5,Lost
6221,2,2513.08,16,5,5,4,554,14,Champions
6223,1,5321.89,14,5,3,5,535,13,Loyal
6225,1,7110.36,280,1,3,5,135,9,Lost
6228,2,2497.25,18,5,5,4,554,14,Champions
6229,1,2906.51,109,4,3,4,434,11,Loyal
6230,2,1713.0500000000002,181,3,5,3,353,11,Loyal
6233,1,1369.14,215,2,3,2,232,7,At Risk
6239,2,2065.63,152,3,5,3,353,11,Loyal
6240,1,6439.0,132,3,3,5,335,11,Loyal
6241,1,932.63,171,3,3,2,332,8,Loyal
6243,3,5940.6,39,5,5,5,555,15,Champions
6246,1,480.02,338,1,3,1,131,5,Lost
6254,1,865.04,76,4,3,2,432,9,Loyal
6255,1,890.75,218,2,3,2,232,7,At Risk
6256,3,11609.37,102,4,5,5,455,14,Champions
6257,1,787.64,301,1,3,2,132,6,Lost
6258,1,2273.91,1,5,3,3,533,11,Loyal
6262,1,583.32,83,4,3,1,431,8,Loyal
6264,1,763.27,90,4,3,2,432,9,Loyal
6266,1,2065.59,209,2,3,3,233,8,At Risk
6270,1,893.04,46,5,3,2,532,10,Loyal
6274,1,444.39,180,3,3,1,331,7,Loyal
6276,3,5208.5,140,3,5,5,355,13,Loyal
6279,1,4469.82,310,1,3,5,135,9,Lost
6282,1,990.99,127,3,3,2,332,8,Loyal
6283,3,7051.29,80,4,5,5,455,14,Champions
6288,2,1588.95,97,4,5,3,453,12,Champions
6289,2,3774.6400000000003,15,5,5,4,554,14,Champions
6290,1,1214.27,284,1,3,2,132,6,Lost
6295,2,3641.89,87,4,5,4,454,13,Champions
6301,1,148.19,15,5,3,1,531,9,Loyal
6302,1,451.17,267,2,3,1,231,6,At Risk
6303,1,6920.28,149,3,3,5,335,11,Loyal
6306,1,509.73,264,2,3,1,231,6,At Risk
6307,1,1847.48,222,2,3,3,233,8,At Risk
6311,1,1231.51,105,4,3,2,432,9,Loyal
6312,3,10562.77,42,5,5,5,555,15,Champions
6319,2,4126.9400000000005,106,4,5,5,455,14,Champions
6321,1,3448.11,189,3,3,4,334,10,Loyal
6324,1,1079.25,347,1,3,2,132,6,Lost
6325,1,2156.11,305,1,3,3,133,7,Lost
6327,1,880.27,212,2,3,2,232,7,At Risk
6329,1,2361.48,102,4,3,3,433,10,Loyal
6330,1,3664.58,182,3,3,4,334,10,Loyal
6332,2,1802.3799999999999,73,4,5,3,453,12,Champions
6337,1,550.22,96,4,3,1,431,8,Loyal
6339,3,5153.5599999999995,85,4,5,5,455,14,Champions
6340,1,715.67,166,3,3,1,331,7,Loyal
6341,3,7200.61,228,2,5,5,255,12,At Risk
6343,2,4942.68,40,5,5,5,555,15,Champions
6345,2,248.44,195,2,5,1,251,8,At Risk
6346,1,955.08,16,5,3,2,532,10,Loyal
6352,1,1784.88,294,1,3,3,133,7,Lost
6356,1,1113.81,214,2,3,2,232,7,At Risk
6358,1,364.23,180,3,3,1,331,7,Loyal
6359,1,2908.87,293,1,3,4,134,8,Lost
6360,1,1000.13,34,5,3,2,532,10,Loyal
6361,1,210.37,47,5,3,1,531,9,Loyal
6363,1,1062.77,26,5,3,2,532,10,Loyal
6364,1,5811.3,51,5,3,5,535,13,Loyal
6365,1,1575.87,310,1,3,3,133,7,Lost
6369,1,902.62,343,1,3,2,132,6,Lost
6370,1,1471.64,188,3,3,3,333,9,Loyal
6371,1,1786.32,315,1,3,3,133,7,Lost
6375,1,3273.0,315,1,3,4,134,8,Lost
6376,2,2818.32,182,3,5,4,354,12,Loyal
6377,1,1327.66,87,4,3,2,432,9,Loyal
6378,1,964.68,117,4,3,2,432,9,Loyal
6379,2,7686.69,44,5,5,5,555,15,Champions
6380,1,1128.54,281,1,3,2,132,6,Lost
6382,1,1608.39,293,1,3,3,133,7,Lost
6383,1,1712.73,15,5,3,3,533,11,Loyal
6388,1,240.69,77,4,3,1,431,8,Loyal
6389,1,6243.88,79,4,3,5,435,12,Loyal
6391,2,2673.88,13,5,5,4,554,14,Champions
6393,1,4315.03,135,3,3,5,335,11,Loyal
6394,1,1471.56,59,4,3,3,433,10,Loyal
6395,2,4144.37,158,3,5,5,355,13,Loyal
6399,1,1764.48,163,3,3,3,333,9,Loyal
6406,1,5299.16,1,5,3,5,535,13,Loyal
6407,1,846.92,341,1,3,2,132,6,Lost
6408,1,1401.01,267,2,3,2,232,7,At Risk
6409,2,6503.26,36,5,5,5,555,15,Champions
6411,1,594.02,302,1,3,1,131,5,Lost
6413,1,2085.57,40,5,3,3,533,11,Loyal
6414,1,217.46,243,2,3,1,231,6,At Risk
6415,2,5423.620000000001,201,2,5,5,255,12,At Risk
6421,1,1462.36,225,2,3,3,233,8,At Risk
6425,1,1321.52,181,3,3,2,332,8,Loyal
6428,1,1465.86,31,5,3,3,533,11,Loyal
6430,2,2162.6,213,2,5,3,253,10,At Risk
6432,1,1695.6,273,2,3,3,233,8,At Risk
6433,1,3494.94,194,2,3,4,234,9,At Risk
6434,1,1502.8,106,4,3,3,433,10,Loyal
6435,1,1911.84,205,2,3,3,233,8,At Risk
6436,4,6849.07,35,5,5,5,555,15,Champions
6437,1,771.46,74,4,3,2,432,9,Loyal
6438,1,995.43,231,2,3,2,232,7,At Risk
6443,2,4832.33,147,3,5,5,355,13,Loyal
6445,1,234.08,22,5,3,1,531,9,Loyal
6450,1,432.13,171,3,3,1,331,7,Loyal
6454,1,3599.19,157,3,3,4,334,10,Loyal
6456,3,7025.41,2,5,5,5,555,15,Champions
6459,4,7390.51,45,5,5,5,555,15,Champions
6463,1,840.36,357,1,3,2,132,6,Lost
6464,1,3926.16,313,1,3,5,135,9,Lost
6465,1,3022.43,119,4,3,4,434,11,Loyal
6467,2,2182.85,119,4,5,3,453,12,Champions
6469,1,1258.17,278,1,3,2,132,6,Lost
6471,2,4597.04,164,3,5,5,355,13,Loyal
6472,1,535.48,362,1,3,1,131,5,Lost
6473,1,5650.16,301,1,3,5,135,9,Lost
6474,1,261.0,63,4,3,1,431,8,Loyal
6476,1,4322.37,255,2,3,5,235,10,At Risk
6477,1,660.68,25,5,3,1,531,9,Loyal
6478,3,5704.41,93,4,5,5,455,14,Champions
6479,2,2662.4300000000003,276,1,5,4,154,10,Lost
6482,1,357.37,82,4,3,1,431,8,Loyal
6485,2,1408.96,115,4,5,3,453,12,Champions
6489,2,1257.0,111,4,5,2,452,11,Champions
6493,1,932.87,52,5,3,2,532,10,Loyal
6494,2,4019.45,41,5,5,5,555,15,Champions
6496,1,1189.97,154,3,3,2,332,8,Loyal
6497,2,3032.6,142,3,5,4,354,12,Loyal
6498,1,1349.02,238,2,3,2,232,7,At Risk
6499,1,1990.5,237,2,3,3,233,8,At Risk
6500,1,621.07,309,1,3,1,131,5,Lost
6503,2,2084.0,86,4,5,3,453,12,Champions
6507,1,3154.12,129,3,3,4,334,10,Loyal
6511,3,2254.33,152,3,5,3,353,11,Loyal
6512,1,1769.36,34,5,3,3,533,11,Loyal
6515,1,388.03,302,1,3,1,131,5,Lost
6517,1,1591.33,260,2,3,3,233,8,At Risk
6520,1,732.78,17,5,3,1,531,9,Loyal
6521,1,611.07,67,4,3,1,431,8,Loyal
6524,1,2239.85,193,2,3,3,233,8,At Risk
6525,1,1767.75,132,3,3,3,333,9,Loyal
6526,1,4015.68,161,3,3,5,335,11,Loyal
6528,1,1066.81,10,5,3,2,532,10,Loyal
6529,1,1237.77,324,1,3,2,132,6,Lost
6530,1,1041.03,286,1,3,2,132,6,Lost
6531,1,2206.14,207,2,3,3,233,8,At Risk
6532,1,1564.69,122,4,3,3,433,10,Loyal
6534,1,1506.05,312,1,3,3,133,7,Lost
6536,1,283.74,97,4,3,1,431,8,Loyal
6539,1,934.5,364,1,3,2,132,6,Lost
6543,2,2597.04,98,4,5,4,454,13,Champions
6545,3,7164.860000000001,269,2,5,5,255,12,At Risk
6546,1,354.37,58,5,3,1,531,9,Loyal
6547,2,1589.5099999999998,272,2,5,3,253,10,At Risk
6549,1,1521.54,308,1,3,3,133,7,Lost
6552,1,216.49,1,5,3,1,531,9,Loyal
6553,2,657.22,35,5,5,1,551,11,Champions
6554,2,769.94,25,5,5,2,552,12,Champions
6555,1,564.98,280,1,3,1,131,5,Lost
6556,1,2284.62,121,4,3,3,433,10,Loyal
6557,1,2724.21,84,4,3,4,434,11,Loyal
6558,1,1235.71,54,5,3,2,532,10,Loyal
6561,1,865.52,218,2,3,2,232,7,At Risk
6562,1,438.65,219,2,3,1,231,6,At Risk
6564,2,2423.6,86,4,5,4,454,13,Champions
6567,1,2260.56,364,1,3,3,133,7,Lost
6568,1,1806.24,157,3,3,3,333,9,Loyal
6569,1,786.03,220,2,3,2,232,7,At Risk
6571,3,3110.32,18,5,5,4,554,14,Champions
6574,1,1755.1,277,1,3,3,133,7,Lost
6578,2,3883.7700000000004,137,3,5,5,355,13,Loyal
6582,1,2692.74,352,1,3,4,134,8,Lost
6587,1,877.52,180,3,3,2,332,8,Loyal
6592,1,331.04,162,3,3,1,331,7,Loyal
6594,2,4785.469999999999,170,3,5,5,355,13,Loyal
6595,1,1676.06,88,4,3,3,433,10,Loyal
6598,1,941.4,22,5,3,2,532,10,Loyal
6599,3,4147.35,174,3,5,5,355,13,Loyal
6605,1,1204.71,19,5,3,2,532,10,Loyal
6607,2,1953.28,249,2,5,3,253,10,At Risk
6610,2,4152.37,26,5,5,5,555,15,Champions
6611,2,1341.61,17,5,5,2,552,12,Champions
6612,1,1997.46,144,3,3,3,333,9,Loyal
6624,1,1736.4,231,2,3,3,233,8,At Risk
6626,1,2847.24,95,4,3,4,434,11,Loyal
6627,1,2739.16,299,1,3,4,134,8,Lost
6629,1,2288.46,222,2,3,3,233,8,At Risk
6633,2,1078.9,17,5,5,2,552,12,Champions
6634,2,4477.66,47,5,5,5,555,15,Champions
6637,2,2012.6399999999999,59,4,5,3,453,12,Champions
6639,2,6626.67,2,5,5,5,555,15,Champions
6640,2,2318.94,78,4,5,3,453,12,Champions
6642,2,3539.98,122,4,5,4,454,13,Champions
6643,1,962.45,82,4,3,2,432,9,Loyal
6644,2,1997.2199999999998,246,2,5,3,253,10,At Risk
6647,1,1964.16,343,1,3,3,133,7,Lost
6650,1,131.26,306,1,3,1,131,5,Lost
6654,1,351.02,5,5,3,1,531,9,Loyal
6655,1,1528.97,278,1,3,3,133,7,Lost
6657,1,1583.01,133,3,3,3,333,9,Loyal
6658,2,4624.110000000001,109,4,5,5,455,14,Champions
6661,1,1088.01,72,4,3,2,432,9,Loyal
6663,1,1215.08,226,2,3,2,232,7,At Risk
6667,2,2829.16,295,1,5,4,154,10,Lost
6668,1,1291.31,264,2,3,2,232,7,At Risk
6670,1,1274.92,78,4,3,2,432,9,Loyal
6671,2,2223.46,96,4,5,3,453,12,Champions
6672,1,3784.0,325,1,3,4,134,8,Lost
6679,1,323.27,248,2,3,1,231,6,At Risk
6684,1,929.06,328,1,3,2,132,6,Lost
6685,1,1106.14,308,1,3,2,132,6,Lost
6686,1,2700.44,250,2,3,4,234,9,At Risk
6691,3,2444.6099999999997,92,4,5,4,454,13,Champions
6692,1,444.28,257,2,3,1,231,6,At Risk
6697,1,1102.28,362,1,3,2,132,6,Lost
6700,1,3438.5,294,1,3,4,134,8,Lost
6702,1,7142.29,208,2,3,5,235,10,At Risk
6705,3,4900.120000000001,67,4,5,5,455,14,Champions
6706,1,3573.0,102,4,3,4,434,11,Loyal
6709,1,860.56,294,1,3,2,132,6,Lost
6712,2,2190.92,113,4,5,3,453,12,Champions
6714,2,1267.4499999999998,178,3,5,2,352,10,Loyal
6718,1,2407.64,315,1,3,4,134,8,Lost
6720,1,2958.72,243,2,3,4,234,9,At Risk
6722,1,203.16,352,1,3,1,131,5,Lost
6723,1,2462.82,330,1,3,4,134,8,Lost
6724,2,2609.05,23,5,5,4,554,14,Champions
6726,1,364.42,161,3,3,1,331,7,Loyal
6731,1,3974.24,176,3,3,5,335,11,Loyal
6732,1,1224.56,322,1,3,2,132,6,Lost
6734,1,4444.59,292,1,3,5,135,9,Lost
6736,1,2029.81,264,2,3,3,233,8,At Risk
6743,3,4053.02,209,2,5,5,255,12,At Risk
6744,1,954.53,311,1,3,2,132,6,Lost
6745,1,1618.2,76,4,3,3,433,10,Loyal
6747,1,811.5,271,2,3,2,232,7,At Risk
6748,1,988.68,136,3,3,2,332,8,Loyal
6750,1,1128.26,271,2,3,2,232,7,At Risk
6752,1,1405.98,138,3,3,2,332,8,Loyal
6754,2,8315.72,313,1,5,5,155,11,Lost
6755,1,2399.89,29,5,3,4,534,12,Loyal
6756,1,1613.62,313,1,3,3,133,7,Lost
6760,1,895.37,267,2,3,2,232,7,At Risk
6764,2,2600.16,201,2,5,4,254,11,At Risk
6767,1,4927.84,303,1,3,5,135,9,Lost
6768,1,839.94,16,5,3,2,532,10,Loyal
6772,1,1130.59,182,3,3,2,332,8,Loyal
6773,1,980.45,324,1,3,2,132,6,Lost
6775,1,2662.65,315,1,3,4,134,8,Lost
6776,1,404.06,41,5,3,1,531,9,Loyal
6780,1,608.31,204,2,3,1,231,6,At Risk
6781,2,2557.13,133,3,5,4,354,12,Loyal
6782,1,4833.27,353,1,3,5,135,9,Lost
6786,2,1231.25,208,2,5,2,252,9,At Risk
6787,3,3630.08,35,5,5,4,554,14,Champions
6788,1,2106.1,119,4,3,3,433,10,Loyal
6790,1,2973.4,271,2,3,4,234,9,At Risk
6791,1,671.26,353,1,3,1,131,5,Lost
6793,2,4052.34,16,5,5,5,555,15,Champions
6794,1,634.5,271,2,3,1,231,6,At Risk
6798,1,1274.76,237,2,3,2,232,7,At Risk
6801,1,575.16,132,3,3,1,331,7,Loyal
6803,2,4089.4900000000002,335,1,5,5,155,11,Lost
6806,1,3764.54,36,5,3,4,534,12,Loyal
6808,1,2644.04,305,1,3,4,134,8,Lost
6809,2,5535.290000000001,20,5,5,5,555,15,Champions
6812,1,277.66,23,5,3,1,531,9,Loyal
6813,1,1581.61,359,1,3,3,133,7,Lost
6815,1,1823.12,93,4,3,3,433,10,Loyal
6819,2,6840.87,165,3,5,5,355,13,Loyal
6825,1,2346.25,89,4,3,3,433,10,Loyal
6828,1,3171.45,108,4,3,4,434,11,Loyal
6830,1,1842.3,211,2,3,3,233,8,At Risk
6833,1,4737.48,102,4,3,5,435,12,Loyal
6837,1,3485.44,306,1,3,4,134,8,Lost
6838,2,3188.13,235,2,5,4,254,11,At Risk
6839,1,370.03,307,1,3,1,131,5,Lost
6840,2,2896.77,211,2,5,4,254,11,At Risk
6845,1,1685.42,229,2,3,3,233,8,At Risk
6850,1,1519.53,223,2,3,3,233,8,At Risk
6851,1,783.21,328,1,3,2,132,6,Lost
6854,1,1402.02,362,1,3,2,132,6,Lost
6856,1,764.32,136,3,3,2,332,8,Loyal
6857,1,2523.62,189,3,3,4,334,10,Loyal
6858,1,2214.71,181,3,3,3,333,9,Loyal
6861,3,6677.67,4,5,5,5,555,15,Champions
6863,2,4466.73,4,5,5,5,555,15,Champions
6864,2,1347.82,5,5,5,2,552,12,Champions
6867,1,1011.31,293,1,3,2,132,6,Lost
6869,2,1614.65,53,5,5,3,553,13,Champions
6872,1,2364.55,187,3,3,3,333,9,Loyal
6875,1,768.18,142,3,3,2,332,8,Loyal
6878,1,2543.81,99,4,3,4,434,11,Loyal
6881,1,362.81,92,4,3,1,431,8,Loyal
6883,1,923.33,271,2,3,2,232,7,At Risk
6884,1,1393.38,127,3,3,2,332,8,Loyal
6885,1,1905.38,161,3,3,3,333,9,Loyal
6891,1,6089.47,176,3,3,5,335,11,Loyal
6895,2,5557.8099999999995,18,5,5,5,555,15,Champions
6896,1,3379.7,68,4,3,4,434,11,Loyal
6897,1,881.22,101,4,3,2,432,9,Loyal
6898,1,6021.52,103,4,3,5,435,12,Loyal
6899,2,3025.88,260,2,5,4,254,11,At Risk
6902,2,3055.6800000000003,126,3,5,4,354,12,Loyal
6906,1,309.9,182,3,3,1,331,7,Loyal
6907,1,1601.47,266,2,3,3,233,8,At Risk
6908,1,1797.84,340,1,3,3,133,7,Lost
6909,2,4565.71,107,4,5,5,455,14,Champions
6912,2,669.31,104,4,5,1,451,10,Champions
6913,1,1999.79,69,4,3,3,433,10,Loyal
6917,1,1235.52,134,3,3,2,332,8,Loyal
6921,1,2092.75,335,1,3,3,133,7,Lost
6923,1,459.88,362,1,3,1,131,5,Lost
6925,1,721.67,97,4,3,1,431,8,Loyal
6926,1,3549.36,69,4,3,4,434,11,Loyal
6927,1,3566.13,41,5,3,4,534,12,Loyal
6931,1,1239.66,66,4,3,2,432,9,Loyal
6932,2,3453.45,166,3,5,4,354,12,Loyal
6939,1,1314.31,151,3,3,2,332,8,Loyal
6943,2,1909.97,202,2,5,3,253,10,At Risk
6944,1,1665.29,179,3,3,3,333,9,Loyal
6946,1,1197.99,164,3,3,2,332,8,Loyal
6947,3,2951.5299999999997,116,4,5,4,454,13,Champions
6950,1,138.5,1,5,3,1,531,9,Loyal
6953,2,3730.21,155,3,5,4,354,12,Loyal
6955,1,1991.52,188,3,3,3,333,9,Loyal
6959,2,978.48,104,4,5,2,452,11,Champions
6963,2,2985.01,279,1,5,4,154,10,Lost
6969,2,3681.11,35,5,5,4,554,14,Champions
6972,1,1266.91,352,1,3,2,132,6,Lost
6974,2,949.52,201,2,5,2,252,9,At Risk
6978,2,1319.74,21,5,5,2,552,12,Champions
6979,2,4909.82,91,4,5,5,455,14,Champions
6984,1,216.35,186,3,3,1,331,7,Loyal
6985,1,1470.74,234,2,3,3,233,8,At Risk
6986,2,758.0,108,4,5,2,452,11,Champions
6987,1,703.02,6,5,3,1,531,9,Loyal
6989,1,880.66,9,5,3,2,532,10,Loyal
6990,1,773.79,180,3,3,2,332,8,Loyal
6992,3,1711.41,199,2,5,3,253,10,At Risk
6993,1,3400.04,365,1,3,4,134,8,Lost
6996,1,3065.95,203,2,3,4,234,9,At Risk
6998,1,802.69,206,2,3,2,232,7,At Risk
7001,1,218.74,158,3,3,1,331,7,Loyal
7002,1,1375.99,342,1,3,2,132,6,Lost
7003,3,6094.67,75,4,5,5,455,14,Champions
7005,2,6127.66,50,5,5,5,555,15,Champions
7008,1,2127.85,354,1,3,3,133,7,Lost
7010,2,5193.19,205,2,5,5,255,12,At Risk
7011,1,725.98,68,4,3,1,431,8,Loyal
7012,1,1356.05,128,3,3,2,332,8,Loyal
7015,5,10077.0,24,5,5,5,555,15,Champions
7018,2,5590.009999999999,61,4,5,5,455,14,Champions
7024,1,1375.11,317,1,3,2,132,6,Lost
7025,1,2319.08,82,4,3,3,433,10,Loyal
7028,1,302.12,151,3,3,1,331,7,Loyal
7030,1,4865.55,248,2,3,5,235,10,At Risk
7031,1,3777.44,363,1,3,4,134,8,Lost
7032,1,554.44,209,2,3,1,231,6,At Risk
7036,1,1302.04,345,1,3,2,132,6,Lost
7039,2,808.28,156,3,5,2,352,10,Loyal
7040,1,3022.36,117,4,3,4,434,11,Loyal
7044,1,1550.44,59,4,3,3,433,10,Loyal
7045,1,415.06,221,2,3,1,231,6,At Risk
7047,1,259.26,336,1,3,1,131,5,Lost
7050,1,4573.62,202,2,3,5,235,10,At Risk
7051,1,263.76,62,4,3,1,431,8,Loyal
7055,1,530.37,16,5,3,1,531,9,Loyal
7056,1,410.94,140,3,3,1,331,7,Loyal
7057,1,3535.05,90,4,3,4,434,11,Loyal
7058,1,3211.59,191,2,3,4,234,9,At Risk
7060,2,4974.6,92,4,5,5,455,14,Champions
7061,1,874.51,13,5,3,2,532,10,Loyal
7062,1,4011.36,365,1,3,5,135,9,Lost
7063,1,1484.67,338,1,3,3,133,7,Lost
7064,1,596.59,85,4,3,1,431,8,Loyal
7066,2,2428.31,89,4,5,4,454,13,Champions
7067,1,2033.18,129,3,3,3,333,9,Loyal
7069,1,2874.62,244,2,3,4,234,9,At Risk
7071,2,1531.9199999999998,218,2,5,3,253,10,At Risk
7072,3,6381.92,26,5,5,5,555,15,Champions
7073,2,4805.88,78,4,5,5,455,14,Champions
7074,1,702.41,242,2,3,1,231,6,At Risk
7077,1,167.03,264,2,3,1,231,6,At Risk
7078,1,369.08,240,2,3,1,231,6,At Risk
7080,1,187.4,21,5,3,1,531,9,Loyal
7081,1,328.49,262,2,3,1,231,6,At Risk
7082,2,3036.1899999999996,42,5,5,4,554,14,Champions
7094,1,966.74,179,3,3,2,332,8,Loyal
7096,1,2429.47,274,2,3,4,234,9,At Risk
7097,1,5580.16,249,2,3,5,235,10,At Risk
7098,2,7012.71,35,5,5,5,555,15,Champions
7099,2,4033.6400000000003,41,5,5,5,555,15,Champions
7100,2,2416.06,74,4,5,4,454,13,Champions
7101,1,754.52,102,4,3,1,431,8,Loyal
7102,1,967.53,328,1,3,2,132,6,Lost
7105,1,1051.32,27,5,3,2,532,10,Loyal
7106,1,1627.92,178,3,3,3,333,9,Loyal
7107,1,2898.6,148,3,3,4,334,10,Loyal
7110,1,2049.4,72,4,3,3,433,10,Loyal
7111,3,4088.6099999999997,43,5,5,5,555,15,Champions
7119,1,2009.24,22,5,3,3,533,11,Loyal
7121,1,947.94,345,1,3,2,132,6,Lost
7122,2,6075.05,168,3,5,5,355,13,Loyal
7123,1,4408.56,76,4,3,5,435,12,Loyal
7126,2,3929.1899999999996,54,5,5,5,555,15,Champions
7127,1,3957.72,279,1,3,5,135,9,Lost
7128,1,1957.65,357,1,3,3,133,7,Lost
7129,1,2383.98,46,5,3,4,534,12,Loyal
7130,2,1519.06,93,4,5,3,453,12,Champions
7132,2,1545.56,157,3,5,3,353,11,Loyal
7133,1,2089.82,358,1,3,3,133,7,Lost
7134,2,4711.66,4,5,5,5,555,15,Champions
7139,1,1102.73,239,2,3,2,232,7,At Risk
7142,3,6206.889999999999,80,4,5,5,455,14,Champions
7144,1,3583.95,48,5,3,4,534,12,Loyal
7145,1,2531.1,219,2,3,4,234,9,At Risk
7147,1,842.44,57,5,3,2,532,10,Loyal
7148,2,8230.609999999999,109,4,5,5,455,14,Champions
7150,2,3531.63,12,5,5,4,554,14,Champions
7151,2,4224.4800000000005,265,2,5,5,255,12,At Risk
7152,1,861.56,220,2,3,2,232,7,At Risk
7153,1,4571.76,140,3,3,5,335,11,Loyal
7155,1,1537.08,69,4,3,3,433,10,Loyal
7160,1,2949.7,145,3,3,4,334,10,Loyal
7162,1,391.58,342,1,3,1,131,5,Lost
7165,2,3437.56,160,3,5,4,354,12,Loyal
7166,1,827.51,319,1,3,2,132,6,Lost
7170,1,3375.24,61,4,3,4,434,11,Loyal
7171,4,9938.119999999999,57,5,5,5,555,15,Champions
7173,1,1027.78,253,2,3,2,232,7,At Risk
7176,1,657.44,153,3,3,1,331,7,Loyal
7177,2,2852.17,139,3,5,4,354,12,Loyal
7179,1,1582.71,217,2,3,3,233,8,At Risk
7185,1,789.26,76,4,3,2,432,9,Loyal
7187,1,698.56,28,5,3,1,531,9,Loyal
7189,3,4847.74,132,3,5,5,355,13,Loyal
7190,2,1302.8000000000002,202,2,5,2,252,9,At Risk
7192,1,113.22,336,1,3,1,131,5,Lost
7194,1,1193.87,101,4,3,2,432,9,Loyal
7195,1,2215.76,323,1,3,3,133,7,Lost
7201,1,2397.48,283,1,3,4,134,8,Lost
7202,1,2882.12,101,4,3,4,434,11,Loyal
7204,1,694.69,126,3,3,1,331,7,Loyal
7209,1,656.09,360,1,3,1,131,5,Lost
7210,1,2370.42,142,3,3,3,333,9,Loyal
7211,1,504.7,77,4,3,1,431,8,Loyal
7213,1,341.49,69,4,3,1,431,8,Loyal
7214,1,1149.66,2,5,3,2,532,10,Loyal
7215,2,2398.96,74,4,5,4,454,13,Champions
7216,2,3578.08,270,2,5,4,254,11,At Risk
7217,2,868.3799999999999,63,4,5,2,452,11,Champions
7218,1,704.41,219,2,3,1,231,6,At Risk
7219,2,2253.31,238,2,5,3,253,10,At Risk
7224,1,1369.68,332,1,3,2,132,6,Lost
7225,2,6234.07,70,4,5,5,455,14,Champions
7226,2,1291.97,305,1,5,2,152,8,Lost
7227,2,851.82,18,5,5,2,552,12,Champions
7229,1,1683.48,289,1,3,3,133,7,Lost
7232,1,2775.5,138,3,3,4,334,10,Loyal
7234,1,887.02,1,5,3,2,532,10,Loyal
7235,1,1854.04,154,3,3,3,333,9,Loyal
7237,1,1308.62,21,5,3,2,532,10,Loyal
7242,1,548.38,68,4,3,1,431,8,Loyal
7245,1,2460.21,191,2,3,4,234,9,At Risk
7246,1,441.9,123,3,3,1,331,7,Loyal
7248,1,4405.72,80,4,3,5,435,12,Loyal
7249,3,5363.76,105,4,5,5,455,14,Champions
7251,1,2513.42,275,2,3,4,234,9,At Risk
7252,1,4129.66,347,1,3,5,135,9,Lost
7254,2,2755.36,115,4,5,4,454,13,Champions
7259,2,4965.61,91,4,5,5,455,14,Champions
7261,1,2108.41,343,1,3,3,133,7,Lost
7262,1,1115.22,43,5,3,2,532,10,Loyal
7263,1,6895.33,360,1,3,5,135,9,Lost
7265,1,1361.34,218,2,3,2,232,7,At Risk
7269,1,886.36,103,4,3,2,432,9,Loyal
7271,1,1086.28,352,1,3,2,132,6,Lost
7272,2,1362.17,63,4,5,2,452,11,Champions
7274,1,2067.51,77,4,3,3,433,10,Loyal
7275,1,2099.56,237,2,3,3,233,8,At Risk
7280,1,1107.99,359,1,3,2,132,6,Lost
7281,1,673.44,98,4,3,1,431,8,Loyal
7282,2,536.64,214,2,5,1,251,8,At Risk
7283,1,1032.07,165,3,3,2,332,8,Loyal
7284,2,6763.8,228,2,5,5,255,12,At Risk
7287,1,3499.77,148,3,3,4,334,10,Loyal
7288,1,142.75,33,5,3,1,531,9,Loyal
7293,2,3920.44,185,3,5,5,355,13,Loyal
7296,1,2480.14,73,4,3,4,434,11,Loyal
7297,2,2643.7799999999997,75,4,5,4,454,13,Champions
7298,1,1955.52,78,4,3,3,433,10,Loyal
7299,2,2160.71,270,2,5,3,253,10,At Risk
7304,1,1715.31,315,1,3,3,133,7,Lost
7308,1,2919.4,343,1,3,4,134,8,Lost
7310,1,1846.76,61,4,3,3,433,10,Loyal
7312,1,114.34,166,3,3,1,331,7,Loyal
7313,1,285.46,216,2,3,1,231,6,At Risk
7315,1,2164.1,223,2,3,3,233,8,At Risk
7317,1,400.06,217,2,3,1,231,6,At Risk
7319,1,1382.92,243,2,3,2,232,7,At Risk
7321,1,1906.02,228,2,3,3,233,8,At Risk
7322,1,3321.32,281,1,3,4,134,8,Lost
7323,1,1806.66,240,2,3,3,233,8,At Risk
7325,2,1155.9,188,3,5,2,352,10,Loyal
7326,1,812.97,28,5,3,2,532,10,Loyal
7327,2,2120.2,143,3,5,3,353,11,Loyal
7332,1,2636.98,260,2,3,4,234,9,At Risk
7333,2,2795.84,81,4,5,4,454,13,Champions
7336,1,1468.75,7,5,3,3,533,11,Loyal
7339,1,7016.6,311,1,3,5,135,9,Lost
7340,2,990.4300000000001,2,5,5,2,552,12,Champions
7341,1,2565.0,318,1,3,4,134,8,Lost
7343,1,642.38,67,4,3,1,431,8,Loyal
7344,3,7873.650000000001,96,4,5,5,455,14,Champions
7345,1,304.65,270,2,3,1,231,6,At Risk
7346,1,5381.88,256,2,3,5,235,10,At Risk
7348,1,1475.24,151,3,3,3,333,9,Loyal
7349,1,1057.97,274,2,3,2,232,7,At Risk
7351,1,2194.02,4,5,3,3,533,11,Loyal
7353,1,502.51,122,4,3,1,431,8,Loyal
7354,1,986.04,225,2,3,2,232,7,At Risk
7356,1,5128.03,234,2,3,5,235,10,At Risk
7358,1,1741.08,327,1,3,3,133,7,Lost
7360,2,4415.95,61,4,5,5,455,14,Champions
7363,2,2149.41,129,3,5,3,353,11,Loyal
7367,1,3865.47,3,5,3,5,535,13,Loyal
7369,1,755.96,50,5,3,1,531,9,Loyal
7372,2,1536.66,81,4,5,3,453,12,Champions
7373,1,558.55,52,5,3,1,531,9,Loyal
7375,1,2955.24,54,5,3,4,534,12,Loyal
7377,1,1461.32,207,2,3,3,233,8,At Risk
7384,1,5062.32,155,3,3,5,335,11,Loyal
7385,1,3140.45,277,1,3,4,134,8,Lost
7388,1,4491.65,164,3,3,5,335,11,Loyal
7389,2,745.65,73,4,5,1,451,10,Champions
7390,1,688.74,217,2,3,1,231,6,At Risk
7391,3,5199.73,19,5,5,5,555,15,Champions
7393,1,702.9,142,3,3,1,331,7,Loyal
7396,1,698.68,134,3,3,1,331,7,Loyal
7397,2,7561.35,21,5,5,5,555,15,Champions
7400,1,181.69,291,1,3,1,131,5,Lost
7401,1,3411.01,230,2,3,4,234,9,At Risk
7402,1,5223.94,345,1,3,5,135,9,Lost
7411,3,1281.23,27,5,5,2,552,12,Champions
7412,1,662.09,222,2,3,1,231,6,At Risk
7418,1,1722.82,289,1,3,3,133,7,Lost
7423,1,4441.77,64,4,3,5,435,12,Loyal
7428,2,6649.44,118,4,5,5,455,14,Champions
7429,1,476.52,221,2,3,1,231,6,At Risk
7433,1,1120.5,72,4,3,2,432,9,Loyal
7434,1,706.11,255,2,3,1,231,6,At Risk
7435,1,1355.17,352,1,3,2,132,6,Lost
7436,1,3601.4,145,3,3,4,334,10,Loyal
7437,2,8666.23,20,5,5,5,555,15,Champions
7439,2,2552.0299999999997,3,5,5,4,554,14,Champions
7450,1,262.27,297,1,3,1,131,5,Lost
7454,1,2047.1,119,4,3,3,433,10,Loyal
7457,1,2239.22,33,5,3,3,533,11,Loyal
7458,1,2266.28,51,5,3,3,533,11,Loyal
7461,1,1605.58,17,5,3,3,533,11,Loyal
7462,3,7983.16,54,5,5,5,555,15,Champions
7468,1,3384.9,309,1,3,4,134,8,Lost
7469,2,3936.37,109,4,5,5,455,14,Champions
7472,1,2642.6,75,4,3,4,434,11,Loyal
7473,1,2575.76,283,1,3,4,134,8,Lost
7476,2,2583.14,186,3,5,4,354,12,Loyal
7477,1,1125.6,271,2,3,2,232,7,At Risk
7491,2,2648.45,38,5,5,4,554,14,Champions
7493,1,3287.17,228,2,3,4,234,9,At Risk
7494,2,6142.879999999999,261,2,5,5,255,12,At Risk
7495,1,1330.18,95,4,3,2,432,9,Loyal
7496,1,3574.2,101,4,3,4,434,11,Loyal
7505,1,4091.46,34,5,3,5,535,13,Loyal
7507,1,5312.97,302,1,3,5,135,9,Lost
7508,3,4737.23,208,2,5,5,255,12,At Risk
7509,1,5269.01,249,2,3,5,235,10,At Risk
7510,1,782.25,23,5,3,2,532,10,Loyal
7512,3,8996.67,287,1,5,5,155,11,Lost
7513,1,692.0,361,1,3,1,131,5,Lost
7514,1,2801.16,326,1,3,4,134,8,Lost
7515,1,862.74,309,1,3,2,132,6,Lost
7517,3,6569.68,5,5,5,5,555,15,Champions
7518,1,579.58,171,3,3,1,331,7,Loyal
7519,1,308.12,251,2,3,1,231,6,At Risk
7522,2,8118.65,95,4,5,5,455,14,Champions
7525,1,2191.66,178,3,3,3,333,9,Loyal
7526,2,1943.8799999999999,280,1,5,3,153,9,Lost
7533,1,2519.82,50,5,3,4,534,12,Loyal
7537,1,1045.2,122,4,3,2,432,9,Loyal
7538,1,2329.2,85,4,3,3,433,10,Loyal
7539,1,2625.16,155,3,3,4,334,10,Loyal
7542,4,6380.799999999999,19,5,5,5,555,15,Champions
7543,1,780.36,27,5,3,2,532,10,Loyal
7544,2,4950.79,173,3,5,5,355,13,Loyal
7545,1,1232.38,195,2,3,2,232,7,At Risk
7548,1,1145.56,47,5,3,2,532,10,Loyal
7549,3,7543.19,144,3,5,5,355,13,Loyal
7550,1,322.1,305,1,3,1,131,5,Lost
7553,2,6591.74,155,3,5,5,355,13,Loyal
7555,2,4962.84,257,2,5,5,255,12,At Risk
7556,1,1330.44,316,1,3,2,132,6,Lost
7558,1,472.02,239,2,3,1,231,6,At Risk
7561,1,1058.06,205,2,3,2,232,7,At Risk
7562,1,3365.24,166,3,3,4,334,10,Loyal
7564,2,1842.81,67,4,5,3,453,12,Champions
7567,1,2793.26,103,4,3,4,434,11,Loyal
7568,2,2816.3599999999997,145,3,5,4,354,12,Loyal
7569,1,79.11,194,2,3,1,231,6,At Risk
7571,1,228.42,187,3,3,1,331,7,Loyal
7572,1,520.47,281,1,3,1,131,5,Lost
7574,2,12451.970000000001,209,2,5,5,255,12,At Risk
7576,1,3417.58,196,2,3,4,234,9,At Risk
7578,1,4041.07,61,4,3,5,435,12,Loyal
7580,1,958.78,184,3,3,2,332,8,Loyal
7581,1,1665.69,165,3,3,3,333,9,Loyal
7588,1,1161.13,342,1,3,2,132,6,Lost
7591,1,637.2,42,5,3,1,531,9,Loyal
7599,1,615.53,16,5,3,1,531,9,Loyal
7600,3,6181.150000000001,17,5,5,5,555,15,Champions
7601,2,1641.98,116,4,5,3,453,12,Champions
7603,2,6031.84,73,4,5,5,455,14,Champions
7604,2,9822.45,319,1,5,5,155,11,Lost
7606,1,687.39,318,1,3,1,131,5,Lost
7608,1,742.16,118,4,3,1,431,8,Loyal
7609,3,9031.48,62,4,5,5,455,14,Champions
7611,2,4121.42,169,3,5,5,355,13,Loyal
7612,1,1057.77,168,3,3,2,332,8,Loyal
7615,1,3786.18,146,3,3,4,334,10,Loyal
7616,1,1242.19,4,5,3,2,532,10,Loyal
7618,2,4994.63,36,5,5,5,555,15,Champions
7623,2,3319.14,209,2,5,4,254,11,At Risk
7624,1,1017.49,263,2,3,2,232,7,At Risk
7628,1,2560.16,47,5,3,4,534,12,Loyal
7629,2,3148.19,29,5,5,4,554,14,Champions
7631,1,3397.02,319,1,3,4,134,8,Lost
7633,2,3881.13,2,5,5,5,555,15,Champions
7634,1,832.37,349,1,3,2,132,6,Lost
7637,1,1274.51,197,2,3,2,232,7,At Risk
7639,2,5717.47,28,5,5,5,555,15,Champions
7646,1,4060.86,78,4,3,5,435,12,Loyal
7650,2,3484.2299999999996,261,2,5,4,254,11,At Risk
7652,1,5412.63,157,3,3,5,335,11,Loyal
7654,1,1900.16,8,5,3,3,533,11,Loyal
7655,1,1386.23,235,2,3,2,232,7,At Risk
7657,2,2204.82,107,4,5,3,453,12,Champions
7658,2,5916.89,196,2,5,5,255,12,At Risk
7661,1,2009.44,218,2,3,3,233,8,At Risk
7662,1,932.44,150,3,3,2,332,8,Loyal
7669,1,1699.0,67,4,3,3,433,10,Loyal
7676,1,1237.41,95,4,3,2,432,9,Loyal
7678,2,2588.72,21,5,5,4,554,14,Champions
7680,1,3438.16,138,3,3,4,334,10,Loyal
7682,2,3235.21,24,5,5,4,554,14,Champions
7685,1,1211.11,84,4,3,2,432,9,Loyal
7687,1,2343.88,40,5,3,3,533,11,Loyal
7689,1,1063.08,319,1,3,2,132,6,Lost
7695,1,2888.34,152,3,3,4,334,10,Loyal
7696,2,3199.42,28,5,5,4,554,14,Champions
7697,1,4039.74,251,2,3,5,235,10,At Risk
7699,1,1435.14,4,5,3,3,533,11,Loyal
7701,3,6087.040000000001,2,5,5,5,555,15,Champions
7705,1,854.89,87,4,3,2,432,9,Loyal
7706,1,481.13,134,3,3,1,331,7,Loyal
7710,1,1412.22,97,4,3,3,433,10,Loyal
7711,2,3607.44,194,2,5,4,254,11,At Risk
7712,1,1781.16,202,2,3,3,233,8,At Risk
7714,2,7014.92,230,2,5,5,255,12,At Risk
7715,2,3705.77,196,2,5,4,254,11,At Risk
7719,3,2515.23,156,3,5,4,354,12,Loyal
7724,2,1876.54,17,5,5,3,553,13,Champions
7725,1,4667.68,18,5,3,5,535,13,Loyal
7726,1,4252.35,276,1,3,5,135,9,Lost
7727,1,277.07,258,2,3,1,231,6,At Risk
7729,1,936.15,52,5,3,2,532,10,Loyal
7731,1,3664.64,55,5,3,4,534,12,Loyal
7734,1,4079.31,171,3,3,5,335,11,Loyal
7736,2,3416.85,104,4,5,4,454,13,Champions
7737,1,347.17,337,1,3,1,131,5,Lost
7740,1,3216.07,162,3,3,4,334,10,Loyal
7741,2,4098.42,272,2,5,5,255,12,At Risk
7744,4,11728.23,73,4,5,5,455,14,Champions
7751,1,4220.6,362,1,3,5,135,9,Lost
7753,1,242.85,233,2,3,1,231,6,At Risk
7755,2,899.0699999999999,101,4,5,2,452,11,Champions
7756,1,381.48,257,2,3,1,231,6,At Risk
7759,2,9361.09,49,5,5,5,555,15,Champions
7761,1,2510.24,119,4,3,4,434,11,Loyal
7762,1,3646.88,338,1,3,4,134,8,Lost
7765,1,2573.94,23,5,3,4,534,12,Loyal
7766,1,6717.64,190,2,3,5,235,10,At Risk
7767,1,1987.18,306,1,3,3,133,7,Lost
7768,1,2382.05,5,5,3,4,534,12,Loyal
7772,1,190.58,217,2,3,1,231,6,At Risk
7773,1,1278.8,51,5,3,2,532,10,Loyal
7774,1,256.13,286,1,3,1,131,5,Lost
7776,2,2097.81,103,4,5,3,453,12,Champions
7777,2,1812.9,85,4,5,3,453,12,Champions
7778,1,2742.1,313,1,3,4,134,8,Lost
7781,1,3366.72,326,1,3,4,134,8,Lost
7787,3,5321.52,22,5,5,5,555,15,Champions
7789,1,3516.52,208,2,3,4,234,9,At Risk
7790,1,1823.39,168,3,3,3,333,9,Loyal
7795,1,754.06,215,2,3,1,231,6,At Risk
7796,1,2433.42,184,3,3,4,334,10,Loyal
7797,1,3118.0,92,4,3,4,434,11,Loyal
7799,1,4404.24,324,1,3,5,135,9,Lost
7800,1,2582.55,242,2,3,4,234,9,At Risk
7801,1,3719.24,132,3,3,4,334,10,Loyal
7802,1,102.31,286,1,3,1,131,5,Lost
7804,1,3025.68,331,1,3,4,134,8,Lost
7805,1,4663.52,59,4,3,5,435,12,Loyal
7807,3,2204.38,15,5,5,3,553,13,Champions
7811,2,2831.05,311,1,5,4,154,10,Lost
7812,1,1076.07,179,3,3,2,332,8,Loyal
7817,1,598.42,319,1,3,1,131,5,Lost
7819,1,433.68,138,3,3,1,331,7,Loyal
7823,2,1525.49,178,3,5,3,353,11,Loyal
7827,1,511.66,229,2,3,1,231,6,At Risk
7830,1,1536.27,71,4,3,3,433,10,Loyal
7831,1,7463.4,350,1,3,5,135,9,Lost
7832,1,608.66,126,3,3,1,331,7,Loyal
7833,1,5630.64,212,2,3,5,235,10,At Risk
7834,2,4587.71,152,3,5,5,355,13,Loyal
7836,2,1008.52,257,2,5,2,252,9,At Risk
7839,3,7898.07,21,5,5,5,555,15,Champions
7841,1,1789.42,98,4,3,3,433,10,Loyal
7842,2,2210.49,258,2,5,3,253,10,At Risk
7843,1,210.0,342,1,3,1,131,5,Lost
7846,1,678.63,253,2,3,1,231,6,At Risk
7847,1,1277.49,208,2,3,2,232,7,At Risk
7850,2,6450.37,139,3,5,5,355,13,Loyal
7852,2,2348.2799999999997,276,1,5,3,153,9,Lost
7853,1,1625.18,12,5,3,3,533,11,Loyal
7856,1,531.08,1,5,3,1,531,9,Loyal
7857,1,1434.34,150,3,3,3,333,9,Loyal
7858,1,642.33,294,1,3,1,131,5,Lost
7859,2,1731.69,91,4,5,3,453,12,Champions
7862,1,2408.32,54,5,3,4,534,12,Loyal
7865,1,1860.9,80,4,3,3,433,10,Loyal
7867,3,7183.530000000001,12,5,5,5,555,15,Champions
7868,1,1576.94,131,3,3,3,333,9,Loyal
7869,1,3178.95,343,1,3,4,134,8,Lost
7870,1,2994.15,337,1,3,4,134,8,Lost
7871,1,567.78,37,5,3,1,531,9,Loyal
7874,2,6848.200000000001,310,1,5,5,155,11,Lost
7875,1,754.02,137,3,3,1,331,7,Loyal
7877,1,1653.03,41,5,3,3,533,11,Loyal
7878,1,4759.17,286,1,3,5,135,9,Lost
7881,2,4655.64,282,1,5,5,155,11,Lost
7882,3,10689.26,140,3,5,5,355,13,Loyal
7887,1,438.16,231,2,3,1,231,6,At Risk
7891,1,939.78,152,3,3,2,332,8,Loyal
7892,2,2973.26,249,2,5,4,254,11,At Risk
7895,1,1635.1,161,3,3,3,333,9,Loyal
7897,1,1077.54,362,1,3,2,132,6,Lost
7899,1,5196.12,276,1,3,5,135,9,Lost
7900,1,3077.31,150,3,3,4,334,10,Loyal
7905,1,1510.92,129,3,3,3,333,9,Loyal
7909,2,8588.0,19,5,5,5,555,15,Champions
7915,1,970.56,241,2,3,2,232,7,At Risk
7917,2,2538.21,186,3,5,4,354,12,Loyal
7919,1,2318.88,234,2,3,3,233,8,At Risk
7920,1,1129.34,229,2,3,2,232,7,At Risk
7922,2,2403.31,139,3,5,4,354,12,Loyal
7923,3,6941.27,146,3,5,5,355,13,Loyal
7927,3,4852.77,23,5,5,5,555,15,Champions
7928,1,3433.2,26,5,3,4,534,12,Loyal
7929,1,1554.11,184,3,3,3,333,9,Loyal
7930,1,183.63,279,1,3,1,131,5,Lost
7931,1,2528.24,68,4,3,4,434,11,Loyal
7934,1,1042.21,75,4,3,2,432,9,Loyal
7936,1,732.52,26,5,3,1,531,9,Loyal
7938,1,2135.09,137,3,3,3,333,9,Loyal
7940,1,3299.52,25,5,3,4,534,12,Loyal
7943,3,4124.2,214,2,5,5,255,12,At Risk
7945,1,680.4,185,3,3,1,331,7,Loyal
7946,3,2729.7799999999997,9,5,5,4,554,14,Champions
7947,2,6286.3099999999995,138,3,5,5,355,13,Loyal
7949,2,4683.13,101,4,5,5,455,14,Champions
7950,1,4472.26,236,2,3,5,235,10,At Risk
7953,1,4467.16,316,1,3,5,135,9,Lost
7954,1,1396.65,252,2,3,2,232,7,At Risk
7958,1,2295.92,26,5,3,3,533,11,Loyal
7959,1,481.52,293,1,3,1,131,5,Lost
7961,4,7820.57,121,4,5,5,455,14,Champions
7962,1,866.79,229,2,3,2,232,7,At Risk
7963,2,9165.64,238,2,5,5,255,12,At Risk
7964,2,1906.0500000000002,162,3,5,3,353,11,Loyal
7967,1,2239.58,193,2,3,3,233,8,At Risk
7968,1,1829.14,75,4,3,3,433,10,Loyal
7969,1,2308.38,254,2,3,3,233,8,At Risk
7970,2,8419.46,298,1,5,5,155,11,Lost
7976,1,3931.05,111,4,3,5,435,12,Loyal
7977,1,294.93,240,2,3,1,231,6,At Risk
7979,1,1203.17,133,3,3,2,332,8,Loyal
7980,1,3475.52,82,4,3,4,434,11,Loyal
7981,2,1536.51,132,3,5,3,353,11,Loyal
7983,1,1115.12,141,3,3,2,332,8,Loyal
7984,1,746.06,359,1,3,1,131,5,Lost
7986,3,9308.619999999999,183,3,5,5,355,13,Loyal
7991,1,768.33,55,5,3,2,532,10,Loyal
8000,3,7130.549999999999,134,3,5,5,355,13,Loyal
8001,2,2776.42,136,3,5,4,354,12,Loyal
8004,1,858.02,14,5,3,2,532,10,Loyal
8006,2,2218.42,100,4,5,3,453,12,Champions
8007,1,1350.69,272,2,3,2,232,7,At Risk
8011,1,524.31,325,1,3,1,131,5,Lost
8012,1,4163.64,94,4,3,5,435,12,Loyal
8013,2,1969.25,114,4,5,3,453,12,Champions
8015,2,1324.69,58,5,5,2,552,12,Champions
8017,1,1676.36,188,3,3,3,333,9,Loyal
8018,1,1257.07,108,4,3,2,432,9,Loyal
8020,1,723.1,328,1,3,1,131,5,Lost
8021,1,179.97,148,3,3,1,331,7,Loyal
8023,2,5623.85,239,2,5,5,255,12,At Risk
8024,1,660.96,195,2,3,1,231,6,At Risk
8025,1,570.85,216,2,3,1,231,6,At Risk
8026,1,3906.7,336,1,3,5,135,9,Lost
8028,2,5580.9,168,3,5,5,355,13,Loyal
8029,1,1642.91,232,2,3,3,233,8,At Risk
8032,2,5992.95,48,5,5,5,555,15,Champions
8034,1,2815.04,117,4,3,4,434,11,Loyal
8035,2,4250.4,82,4,5,5,455,14,Champions
8037,2,4587.35,153,3,5,5,355,13,Loyal
8038,1,976.61,30,5,3,2,532,10,Loyal
8043,1,1128.24,46,5,3,2,532,10,Loyal
8046,1,7524.36,20,5,3,5,535,13,Loyal
8047,1,497.81,260,2,3,1,231,6,At Risk
8048,1,1498.6,227,2,3,3,233,8,At Risk
8049,2,2652.58,72,4,5,4,454,13,Champions
8051,3,3749.42,196,2,5,4,254,11,At Risk
8054,1,5136.36,194,2,3,5,235,10,At Risk
8057,1,1342.96,282,1,3,2,132,6,Lost
8058,1,2755.16,108,4,3,4,434,11,Loyal
8059,1,346.25,111,4,3,1,431,8,Loyal
8062,1,343.08,173,3,3,1,331,7,Loyal
8064,1,2374.28,86,4,3,4,434,11,Loyal
8066,2,2040.3500000000001,110,4,5,3,453,12,Champions
8067,1,473.21,160,3,3,1,331,7,Loyal
8072,1,2643.48,98,4,3,4,434,11,Loyal
8073,1,1453.04,43,5,3,3,533,11,Loyal
8076,1,2536.72,2,5,3,4,534,12,Loyal
8077,1,1175.29,122,4,3,2,432,9,Loyal
8078,2,10990.96,42,5,5,5,555,15,Champions
8079,3,2927.23,303,1,5,4,154,10,Lost
8080,3,4035.71,100,4,5,5,455,14,Champions
8081,2,1068.72,136,3,5,2,352,10,Loyal
8082,1,2501.2,363,1,3,4,134,8,Lost
8084,1,3994.6,72,4,3,5,435,12,Loyal
8085,2,9065.48,174,3,5,5,355,13,Loyal
8087,1,6735.0,300,1,3,5,135,9,Lost
8088,1,2549.44,349,1,3,4,134,8,Lost
8089,2,849.45,244,2,5,2,252,9,At Risk
8090,1,3257.98,256,2,3,4,234,9,At Risk
8095,1,285.3,184,3,3,1,331,7,Loyal
8101,1,1016.62,219,2,3,2,232,7,At Risk
8108,1,467.03,17,5,3,1,531,9,Loyal
8111,1,1489.64,110,4,3,3,433,10,Loyal
8112,1,2903.94,206,2,3,4,234,9,At Risk
8113,2,2766.07,199,2,5,4,254,11,At Risk
8114,1,1373.38,234,2,3,2,232,7,At Risk
8115,1,6333.5,317,1,3,5,135,9,Lost
8118,1,863.1,69,4,3,2,432,9,Loyal
8124,1,1617.56,20,5,3,3,533,11,Loyal
8125,1,337.34,336,1,3,1,131,5,Lost
8129,1,4614.6,236,2,3,5,235,10,At Risk
8130,2,1930.8999999999999,318,1,5,3,153,9,Lost
8131,1,1220.33,275,2,3,2,232,7,At Risk
8132,1,433.2,88,4,3,1,431,8,Loyal
8133,1,2994.62,62,4,3,4,434,11,Loyal
8136,1,5074.32,73,4,3,5,435,12,Loyal
8141,1,774.12,65,4,3,2,432,9,Loyal
8147,1,3398.84,101,4,3,4,434,11,Loyal
8148,1,1061.45,19,5,3,2,532,10,Loyal
8151,1,3365.22,186,3,3,4,334,10,Loyal
8152,1,158.47,285,1,3,1,131,5,Lost
8153,1,472.34,80,4,3,1,431,8,Loyal
8154,1,780.49,183,3,3,2,332,8,Loyal
8158,1,1891.73,291,1,3,3,133,7,Lost
8159,1,531.01,346,1,3,1,131,5,Lost
8160,3,2902.92,135,3,5,4,354,12,Loyal
8161,3,2982.8999999999996,121,4,5,4,454,13,Champions
8162,2,2871.3199999999997,84,4,5,4,454,13,Champions
8163,1,2861.35,210,2,3,4,234,9,At Risk
8166,1,3468.5,107,4,3,4,434,11,Loyal
8167,1,2077.19,207,2,3,3,233,8,At Risk
8169,1,690.6,3,5,3,1,531,9,Loyal
8174,1,2136.93,17,5,3,3,533,11,Loyal
8175,1,871.73,220,2,3,2,232,7,At Risk
8176,2,4394.09,83,4,5,5,455,14,Champions
8181,2,1670.94,199,2,5,3,253,10,At Risk
8182,1,1131.14,16,5,3,2,532,10,Loyal
8184,1,3504.28,114,4,3,4,434,11,Loyal
8185,1,1032.75,20,5,3,2,532,10,Loyal
8188,1,347.82,167,3,3,1,331,7,Loyal
8191,1,800.07,335,1,3,2,132,6,Lost
8192,2,2929.4399999999996,158,3,5,4,354,12,Loyal
8193,1,2563.56,206,2,3,4,234,9,At Risk
8194,1,2524.81,151,3,3,4,334,10,Loyal
8198,1,473.9,155,3,3,1,331,7,Loyal
8199,1,536.47,232,2,3,1,231,6,At Risk
8200,1,891.44,237,2,3,2,232,7,At Risk
8201,1,4065.7,248,2,3,5,235,10,At Risk
8202,2,2980.89,252,2,5,4,254,11,At Risk
8203,1,727.13,197,2,3,1,231,6,At Risk
8204,2,2233.63,198,2,5,3,253,10,At Risk
8205,1,1170.69,59,4,3,2,432,9,Loyal
8208,1,3471.06,43,5,3,4,534,12,Loyal
8209,3,1909.0900000000001,13,5,5,3,553,13,Champions
8211,1,1905.14,88,4,3,3,433,10,Loyal
8212,1,621.0,147,3,3,1,331,7,Loyal
8214,1,181.72,176,3,3,1,331,7,Loyal
8215,3,4527.92,24,5,5,5,555,15,Champions
8216,1,1230.89,213,2,3,2,232,7,At Risk
8217,1,3961.96,348,1,3,5,135,9,Lost
8221,1,754.82,189,3,3,1,331,7,Loyal
8224,1,2133.32,287,1,3,3,133,7,Lost
8225,1,789.93,226,2,3,2,232,7,At Risk
8232,1,1348.53,70,4,3,2,432,9,Loyal
8234,1,178.82,274,2,3,1,231,6,At Risk
8240,2,2746.0600000000004,30,5,5,4,554,14,Champions
8241,3,5663.889999999999,93,4,5,5,455,14,Champions
8242,1,251.78,182,3,3,1,331,7,Loyal
8244,1,3905.96,313,1,3,5,135,9,Lost
8251,1,105.49,294,1,3,1,131,5,Lost
8255,1,1519.63,337,1,3,3,133,7,Lost
8260,1,5959.84,86,4,3,5,435,12,Loyal
8262,1,4317.9,288,1,3,5,135,9,Lost
8264,1,968.33,189,3,3,2,332,8,Loyal
8266,1,3312.18,24,5,3,4,534,12,Loyal
8269,2,1975.36,171,3,5,3,353,11,Loyal
8270,1,3130.19,217,2,3,4,234,9,At Risk
8271,1,768.22,188,3,3,2,332,8,Loyal
8274,2,7555.72,39,5,5,5,555,15,Champions
8277,1,294.08,319,1,3,1,131,5,Lost
8279,2,4420.7300000000005,148,3,5,5,355,13,Loyal
8280,1,181.58,33,5,3,1,531,9,Loyal
8284,1,4197.54,140,3,3,5,335,11,Loyal
8288,1,1613.82,43,5,3,3,533,11,Loyal
8289,2,2183.03,22,5,5,3,553,13,Champions
8291,2,1136.8400000000001,20,5,5,2,552,12,Champions
8293,1,2968.16,45,5,3,4,534,12,Loyal
8299,1,364.97,286,1,3,1,131,5,Lost
8301,1,161.23,359,1,3,1,131,5,Lost
8304,1,230.98,360,1,3,1,131,5,Lost
8305,1,455.16,211,2,3,1,231,6,At Risk
8306,2,2189.42,56,5,5,3,553,13,Champions
8307,1,1939.05,28,5,3,3,533,11,Loyal
8308,1,3630.95,97,4,3,4,434,11,Loyal
8311,2,4807.780000000001,47,5,5,5,555,15,Champions
8314,1,2147.47,72,4,3,3,433,10,Loyal
8316,1,1579.93,191,2,3,3,233,8,At Risk
8320,1,389.97,158,3,3,1,331,7,Loyal
8321,1,1230.16,187,3,3,2,332,8,Loyal
8324,2,5046.5199999999995,59,4,5,5,455,14,Champions
8326,2,7153.35,108,4,5,5,455,14,Champions
8327,3,4247.0599999999995,83,4,5,5,455,14,Champions
8328,1,745.77,364,1,3,1,131,5,Lost
8330,1,2293.24,185,3,3,3,333,9,Loyal
8331,1,1409.88,294,1,3,3,133,7,Lost
8332,1,3381.7,45,5,3,4,534,12,Loyal
8333,1,2551.71,110,4,3,4,434,11,Loyal
8337,1,4229.2,92,4,3,5,435,12,Loyal
8338,1,4820.48,162,3,3,5,335,11,Loyal
8340,2,2735.21,11,5,5,4,554,14,Champions
8341,3,4810.91,79,4,5,5,455,14,Champions
8345,1,5525.43,104,4,3,5,435,12,Loyal
8346,1,2766.34,88,4,3,4,434,11,Loyal
8347,2,1873.3,74,4,5,3,453,12,Champions
8348,1,1433.37,217,2,3,3,233,8,At Risk
8353,1,661.66,170,3,3,1,331,7,Loyal
8354,1,1709.72,27,5,3,3,533,11,Loyal
8356,1,500.76,11,5,3,1,531,9,Loyal
8359,1,533.12,350,1,3,1,131,5,Lost
8360,1,1413.61,306,1,3,3,133,7,Lost
8361,1,1512.3,200,2,3,3,233,8,At Risk
8363,3,2826.15,28,5,5,4,554,14,Champions
8365,1,1254.16,40,5,3,2,532,10,Loyal
8367,1,445.64,308,1,3,1,131,5,Lost
8368,1,1494.77,337,1,3,3,133,7,Lost
8369,1,1541.6,212,2,3,3,233,8,At Risk
8373,1,4449.76,212,2,3,5,235,10,At Risk
8375,1,1009.08,60,4,3,2,432,9,Loyal
8376,1,3116.76,362,1,3,4,134,8,Lost
8377,3,5287.29,67,4,5,5,455,14,Champions
8379,2,6343.4400000000005,17,5,5,5,555,15,Champions
8381,1,3119.76,356,1,3,4,134,8,Lost
8384,1,2970.6,164,3,3,4,334,10,Loyal
8386,1,1956.24,92,4,3,3,433,10,Loyal
8388,1,559.57,130,3,3,1,331,7,Loyal
8389,1,172.62,8,5,3,1,531,9,Loyal
8391,1,356.0,340,1,3,1,131,5,Lost
8392,1,849.1,186,3,3,2,332,8,Loyal
8393,2,2315.84,87,4,5,3,453,12,Champions
8396,1,2087.94,42,5,3,3,533,11,Loyal
8399,1,5679.92,365,1,3,5,135,9,Lost
8402,1,3047.6,234,2,3,4,234,9,At Risk
8404,1,1205.43,36,5,3,2,532,10,Loyal
8406,1,332.05,34,5,3,1,531,9,Loyal
8408,3,2694.22,13,5,5,4,554,14,Champions
8412,1,644.06,65,4,3,1,431,8,Loyal
8417,1,3586.6,34,5,3,4,534,12,Loyal
8418,1,1131.79,141,3,3,2,332,8,Loyal
8421,2,7162.7,254,2,5,5,255,12,At Risk
8423,1,1148.1,209,2,3,2,232,7,At Risk
8425,1,2831.48,308,1,3,4,134,8,Lost
8427,1,578.45,126,3,3,1,331,7,Loyal
8428,1,3418.56,84,4,3,4,434,11,Loyal
8429,1,2268.96,17,5,3,3,533,11,Loyal
8430,1,1989.15,196,2,3,3,233,8,At Risk
8431,1,1156.05,71,4,3,2,432,9,Loyal
8433,2,957.02,172,3,5,2,352,10,Loyal
8435,2,8343.869999999999,4,5,5,5,555,15,Champions
8437,1,775.08,5,5,3,2,532,10,Loyal
8439,1,2060.77,160,3,3,3,333,9,Loyal
8442,2,877.52,56,5,5,2,552,12,Champions
8445,1,2208.34,201,2,3,3,233,8,At Risk
8446,1,1526.76,208,2,3,3,233,8,At Risk
8447,1,1223.2,353,1,3,2,132,6,Lost
8448,1,2907.24,237,2,3,4,234,9,At Risk
8450,1,1441.74,264,2,3,3,233,8,At Risk
8452,1,1298.49,58,5,3,2,532,10,Loyal
8453,2,4193.09,44,5,5,5,555,15,Champions
8454,1,2570.53,2,5,3,4,534,12,Loyal
8455,1,2611.74,35,5,3,4,534,12,Loyal
8459,1,256.5,24,5,3,1,531,9,Loyal
8460,2,1505.1599999999999,189,3,5,3,353,11,Loyal
8461,1,2957.64,71,4,3,4,434,11,Loyal
8464,1,2416.21,43,5,3,4,534,12,Loyal
8465,1,1026.18,260,2,3,2,232,7,At Risk
8476,1,1177.25,108,4,3,2,432,9,Loyal
8477,1,3485.94,102,4,3,4,434,11,Loyal
8479,1,4037.22,259,2,3,5,235,10,At Risk
8481,1,1359.36,132,3,3,2,332,8,Loyal
8483,1,1608.1,140,3,3,3,333,9,Loyal
8487,1,1353.2,18,5,3,2,532,10,Loyal
8490,1,2438.69,124,3,3,4,334,10,Loyal
8491,1,641.31,277,1,4,1,141,6,Lost
8498,1,1381.46,108,4,4,2,442,10,Champions
8499,2,5686.5,70,4,5,5,455,14,Champions
8501,3,1883.69,149,3,5,3,353,11,Loyal
8503,1,465.46,116,4,4,1,441,9,Champions
8505,1,3055.39,124,3,4,4,344,11,Loyal
8507,2,1832.87,93,4,5,3,453,12,Champions
8509,1,189.03,111,4,4,1,441,9,Champions
8510,1,1105.66,316,1,4,2,142,7,Lost
8512,1,3782.55,68,4,4,4,444,12,Champions
8515,1,3550.8,123,3,4,4,344,11,Loyal
8521,1,1906.36,341,1,4,3,143,8,Lost
8525,1,1629.86,4,5,4,3,543,12,Champions
8526,1,1161.24,27,5,4,2,542,11,Champions
8527,2,1299.31,98,4,5,2,452,11,Champions
8528,1,2383.85,52,5,4,4,544,13,Champions
8529,1,619.92,92,4,4,1,441,9,Champions
8531,3,5049.22,109,4,5,5,455,14,Champions
8533,1,3440.16,263,2,4,4,244,10,At Risk
8534,1,5044.07,222,2,4,5,245,11,At Risk
8535,1,3574.05,49,5,4,4,544,13,Champions
8538,1,2521.33,308,1,4,4,144,9,Lost
8541,1,769.54,25,5,4,2,542,11,Champions
8542,1,1311.94,131,3,4,2,342,9,Loyal
8545,2,2476.46,9,5,5,4,554,14,Champions
8546,2,3048.68,166,3,5,4,354,12,Loyal
8547,1,269.49,199,2,4,1,241,7,At Risk
8552,1,4360.83,50,5,4,5,545,14,Champions
8553,1,3504.67,350,1,4,4,144,9,Lost
8554,1,1425.75,283,1,4,3,143,8,Lost
8556,1,317.38,233,2,4,1,241,7,At Risk
8557,1,425.09,350,1,4,1,141,6,Lost
8558,1,1949.77,143,3,4,3,343,10,Loyal
8562,1,1920.3,153,3,4,3,343,10,Loyal
8563,2,5281.4,83,4,5,5,455,14,Champions
8567,1,852.8,351,1,4,2,142,7,Lost
8572,1,2339.99,10,5,4,3,543,12,Champions
8573,2,1965.52,69,4,5,3,453,12,Champions
8574,1,1228.97,330,1,4,2,142,7,Lost
8575,1,1024.64,252,2,4,2,242,8,At Risk
8577,1,1363.78,308,1,4,2,142,7,Lost
8583,1,725.88,99,4,4,1,441,9,Champions
8584,2,2063.11,58,5,5,3,553,13,Champions
8585,1,1133.7,266,2,4,2,242,8,At Risk
8586,2,4753.72,103,4,5,5,455,14,Champions
8588,1,429.02,256,2,4,1,241,7,At Risk
8589,1,222.62,132,3,4,1,341,8,Loyal
8593,2,1393.39,189,3,5,2,352,10,Loyal
8595,1,3399.54,227,2,4,4,244,10,At Risk
8596,1,1619.06,363,1,4,3,143,8,Lost
8597,1,3589.02,89,4,4,4,444,12,Champions
8603,1,5573.31,333,1,4,5,145,10,Lost
8604,1,2045.2,337,1,4,3,143,8,Lost
8605,1,2349.79,97,4,4,3,443,11,Champions
8608,3,11392.83,29,5,5,5,555,15,Champions
8609,1,761.8,51,5,4,2,542,11,Champions
8610,1,206.4,193,2,4,1,241,7,At Risk
8611,1,5016.35,59,4,4,5,445,13,Champions
8613,3,4117.28,74,4,5,5,455,14,Champions
8614,2,1475.46,233,2,5,3,253,10,At Risk
8615,2,2043.3,316,1,5,3,153,9,Lost
8616,1,402.05,210,2,4,1,241,7,At Risk
8617,1,633.84,327,1,4,1,141,6,Lost
8622,1,1243.98,328,1,4,2,142,7,Lost
8624,1,1983.42,222,2,4,3,243,9,At Risk
8625,1,860.52,24,5,4,2,542,11,Champions
8628,2,1378.9,119,4,5,2,452,11,Champions
8629,2,4782.21,160,3,5,5,355,13,Loyal
8630,1,321.92,33,5,4,1,541,10,Champions
8632,1,599.67,300,1,4,1,141,6,Lost
8633,1,228.21,217,2,4,1,241,7,At Risk
8634,1,3000.21,120,4,4,4,444,12,Champions
8636,2,3314.53,126,3,5,4,354,12,Loyal
8638,1,1292.67,45,5,4,2,542,11,Champions
8641,1,293.78,143,3,4,1,341,8,Loyal
8642,1,1284.44,319,1,4,2,142,7,Lost
8644,2,3074.87,245,2,5,4,254,11,At Risk
8646,1,3080.44,25,5,4,4,544,13,Champions
8648,1,3620.26,66,4,4,4,444,12,Champions
8650,1,1225.52,118,4,4,2,442,10,Champions
8651,2,6519.0599999999995,167,3,5,5,355,13,Loyal
8653,3,3744.0,200,2,5,4,254,11,At Risk
8654,1,247.18,340,1,4,1,141,6,Lost
8655,1,773.69,284,1,4,2,142,7,Lost
8659,1,1051.56,319,1,4,2,142,7,Lost
8660,1,303.18,245,2,4,1,241,7,At Risk
8664,1,1122.73,161,3,4,2,342,9,Loyal
8667,2,687.1899999999999,352,1,5,1,151,7,Lost
8668,2,1320.7,107,4,5,2,452,11,Champions
8670,1,192.56,106,4,4,1,441,9,Champions
8674,1,419.8,270,2,4,1,241,7,At Risk
8677,1,2762.84,268,2,4,4,244,10,At Risk
8679,2,3688.9,19,5,5,4,554,14,Champions
8681,1,2696.42,94,4,4,4,444,12,Champions
8682,2,5531.93,73,4,5,5,455,14,Champions
8684,1,1411.34,127,3,4,3,343,10,Loyal
8685,1,1055.11,155,3,4,2,342,9,Loyal
8686,2,3010.2799999999997,228,2,5,4,254,11,At Risk
8688,1,700.49,190,2,4,1,241,7,At Risk
8694,2,2245.58,180,3,5,3,353,11,Loyal
8699,1,1432.62,315,1,4,3,143,8,Lost
8707,1,4850.2,215,2,4,5,245,11,At Risk
8708,3,5309.18,40,5,5,5,555,15,Champions
8709,1,321.04,360,1,4,1,141,6,Lost
8710,1,551.11,190,2,4,1,241,7,At Risk
8711,2,3403.38,205,2,5,4,254,11,At Risk
8712,1,1549.83,295,1,4,3,143,8,Lost
8715,2,2696.56,286,1,5,4,154,10,Lost
8716,1,142.61,149,3,4,1,341,8,Loyal
8722,1,720.51,356,1,4,1,141,6,Lost
8727,1,2650.26,365,1,4,4,144,9,Lost
8729,2,1410.47,92,4,5,3,453,12,Champions
8730,1,2972.55,194,2,4,4,244,10,At Risk
8734,1,639.1,8,5,4,1,541,10,Champions
8735,1,1335.54,78,4,4,2,442,10,Champions
8736,1,2908.37,282,1,4,4,144,9,Lost
8737,2,4190.45,62,4,5,5,455,14,Champions
8738,1,2842.11,29,5,4,4,544,13,Champions
8740,1,521.32,70,4,4,1,441,9,Champions
8741,1,622.52,167,3,4,1,341,8,Loyal
8744,1,5100.64,265,2,4,5,245,11,At Risk
8745,1,1771.88,308,1,4,3,143,8,Lost
8749,1,2386.46,15,5,4,4,544,13,Champions
8750,3,4052.46,19,5,5,5,555,15,Champions
8751,1,961.12,363,1,4,2,142,7,Lost
8754,1,1185.87,266,2,4,2,242,8,At Risk
8755,1,498.93,192,2,4,1,241,7,At Risk
8756,1,1859.51,265,2,4,3,243,9,At Risk
8761,1,509.3,50,5,4,1,541,10,Champions
8768,1,2304.68,22,5,4,3,543,12,Champions
8769,1,330.88,35,5,4,1,541,10,Champions
8771,1,496.95,82,4,4,1,441,9,Champions
8772,2,6876.8099999999995,45,5,5,5,555,15,Champions
8773,1,1260.34,126,3,4,2,342,9,Loyal
8774,1,2742.25,304,1,4,4,144,9,Lost
8775,1,903.06,255,2,4,2,242,8,At Risk
8776,1,2103.78,106,4,4,3,443,11,Champions
8779,2,4196.82,153,3,5,5,355,13,Loyal
8781,2,3952.1299999999997,68,4,5,5,455,14,Champions
8782,1,1482.06,273,2,4,3,243,9,At Risk
8784,1,3335.66,320,1,4,4,144,9,Lost
8785,1,1184.28,44,5,4,2,542,11,Champions
8791,1,618.21,25,5,4,1,541,10,Champions
8794,1,3869.36,186,3,4,5,345,12,Loyal
8795,1,1354.32,210,2,4,2,242,8,At Risk
8796,1,637.1,171,3,4,1,341,8,Loyal
8800,1,609.54,103,4,4,1,441,9,Champions
8801,1,1935.4,188,3,4,3,343,10,Loyal
8806,1,107.6,72,4,4,1,441,9,Champions
8808,1,6869.81,197,2,4,5,245,11,At Risk
8811,2,1674.1,245,2,5,3,253,10,At Risk
8815,1,2769.81,357,1,4,4,144,9,Lost
8817,2,2367.32,62,4,5,3,453,12,Champions
8818,2,1002.8199999999999,222,2,5,2,252,9,At Risk
8823,2,4389.32,22,5,5,5,555,15,Champions
8824,1,2766.2,222,2,4,4,244,10,At Risk
8826,1,2952.3,106,4,4,4,444,12,Champions
8829,1,185.95,90,4,4,1,441,9,Champions
8830,1,560.76,346,1,4,1,141,6,Lost
8833,1,501.55,293,1,4,1,141,6,Lost
8835,1,2062.68,60,4,4,3,443,11,Champions
8840,1,1323.14,127,3,4,2,342,9,Loyal
8841,1,866.52,184,3,4,2,342,9,Loyal
8842,1,940.44,314,1,4,2,142,7,Lost
8845,1,60.08,85,4,4,1,441,9,Champions
8846,3,2596.08,49,5,5,4,554,14,Champions
8848,1,5978.31,29,5,4,5,545,14,Champions
8850,1,2304.21,116,4,4,3,443,11,Champions
8851,2,7454.47,31,5,5,5,555,15,Champions
8852,1,1788.51,339,1,4,3,143,8,Lost
8854,1,1066.89,281,1,4,2,142,7,Lost
8855,1,665.74,320,1,4,1,141,6,Lost
8858,1,1202.04,317,1,4,2,142,7,Lost
8861,1,2485.73,298,1,4,4,144,9,Lost
8863,1,1434.13,160,3,4,3,343,10,Loyal
8864,1,182.49,341,1,4,1,141,6,Lost
8866,1,1659.78,60,4,4,3,443,11,Champions
8872,1,886.42,149,3,4,2,342,9,Loyal
8873,1,167.64,50,5,4,1,541,10,Champions
8875,1,696.68,245,2,4,1,241,7,At Risk
8876,1,322.82,211,2,4,1,241,7,At Risk
8878,1,3492.4,290,1,4,4,144,9,Lost
8879,1,942.82,260,2,4,2,242,8,At Risk
8881,1,675.05,4,5,4,1,541,10,Champions
8883,1,566.58,27,5,4,1,541,10,Champions
8884,1,494.97,56,5,4,1,541,10,Champions
8885,1,1193.0,188,3,4,2,342,9,Loyal
8894,1,590.08,19,5,4,1,541,10,Champions
8896,1,905.89,263,2,4,2,242,8,At Risk
8898,1,5727.51,208,2,4,5,245,11,At Risk
8899,1,1790.1,116,4,4,3,443,11,Champions
8903,1,2989.6,94,4,4,4,444,12,Champions
8904,2,2792.84,113,4,5,4,454,13,Champions
8909,1,2560.58,280,1,4,4,144,9,Lost
8911,2,3858.29,41,5,5,5,555,15,Champions
8912,1,2004.94,126,3,4,3,343,10,Loyal
8914,1,1146.12,276,1,4,2,142,7,Lost
8915,1,1330.45,305,1,4,2,142,7,Lost
8916,1,639.85,209,2,4,1,241,7,At Risk
8919,1,625.41,242,2,4,1,241,7,At Risk
8922,1,2340.15,187,3,4,3,343,10,Loyal
8923,1,2826.22,77,4,4,4,444,12,Champions
8924,1,1136.64,316,1,4,2,142,7,Lost
8925,1,1149.84,314,1,4,2,142,7,Lost
8926,1,2941.12,213,2,4,4,244,10,At Risk
8928,2,4793.14,31,5,5,5,555,15,Champions
8929,1,943.18,362,1,4,2,142,7,Lost
8932,1,307.76,224,2,4,1,241,7,At Risk
8933,1,1093.68,327,1,4,2,142,7,Lost
8935,1,2674.83,203,2,4,4,244,10,At Risk
8936,1,1147.03,302,1,4,2,142,7,Lost
8937,2,1293.58,175,3,5,2,352,10,Loyal
8939,1,518.71,11,5,4,1,541,10,Champions
8942,2,4586.04,65,4,5,5,455,14,Champions
8947,1,888.98,181,3,4,2,342,9,Loyal
8949,1,755.68,275,2,4,1,241,7,At Risk
8950,1,2974.88,268,2,4,4,244,10,At Risk
8951,1,1593.76,310,1,4,3,143,8,Lost
8952,3,6278.0,84,4,5,5,455,14,Champions
8953,1,4176.52,99,4,4,5,445,13,Champions
8957,2,841.3499999999999,259,2,5,2,252,9,At Risk
8958,1,2901.75,330,1,4,4,144,9,Lost
8960,1,483.83,294,1,4,1,141,6,Lost
8962,1,2714.78,316,1,4,4,144,9,Lost
8963,1,1862.95,8,5,4,3,543,12,Champions
8964,1,2891.28,181,3,4,4,344,11,Loyal
8965,1,1756.46,201,2,4,3,243,9,At Risk
8969,1,4089.69,84,4,4,5,445,13,Champions
8970,1,2046.6,300,1,4,3,143,8,Lost
8972,1,3598.59,79,4,4,4,444,12,Champions
8973,1,6154.85,254,2,4,5,245,11,At Risk
8974,1,1826.78,271,2,4,3,243,9,At Risk
8975,1,1198.22,351,1,4,2,142,7,Lost
8977,1,402.56,283,1,4,1,141,6,Lost
8978,2,3596.89,88,4,5,4,454,13,Champions
8981,1,5001.12,62,4,4,5,445,13,Champions
8982,1,1453.64,114,4,4,3,443,11,Champions
8987,1,1639.97,69,4,4,3,443,11,Champions
8988,1,2466.45,75,4,4,4,444,12,Champions
8990,1,789.99,309,1,4,2,142,7,Lost
8994,1,420.51,209,2,4,1,241,7,At Risk
8996,1,244.1,183,3,4,1,341,8,Loyal
8998,1,2053.95,80,4,4,3,443,11,Champions
9004,1,785.67,160,3,4,2,342,9,Loyal
9006,1,712.8,44,5,4,1,541,10,Champions
9008,1,1832.87,183,3,4,3,343,10,Loyal
9009,1,662.15,138,3,4,1,341,8,Loyal
9010,1,1390.79,71,4,4,2,442,10,Champions
9011,1,458.42,3,5,4,1,541,10,Champions
9012,2,3502.39,3,5,5,4,554,14,Champions
9016,1,4004.72,123,3,4,5,345,12,Loyal
9019,2,2258.74,13,5,5,3,553,13,Champions
9023,1,2171.64,159,3,4,3,343,10,Loyal
9024,1,380.27,313,1,4,1,141,6,Lost
9026,1,989.5,104,4,4,2,442,10,Champions
9029,1,1693.13,161,3,4,3,343,10,Loyal
9030,1,2074.84,161,3,4,3,343,10,Loyal
9031,1,1945.27,143,3,4,3,343,10,Loyal
9037,1,1083.01,278,1,4,2,142,7,Lost
9038,1,1415.85,186,3,4,3,343,10,Loyal
9039,1,708.89,121,4,4,1,441,9,Champions
9041,1,1450.28,133,3,4,3,343,10,Loyal
9046,1,1410.72,7,5,4,3,543,12,Champions
9050,2,3988.6499999999996,281,1,5,5,155,11,Lost
9056,1,287.88,65,4,4,1,441,9,Champions
9059,3,8081.46,27,5,5,5,555,15,Champions
9060,2,7606.759999999999,92,4,5,5,455,14,Champions
9062,2,2974.7200000000003,178,3,5,4,354,12,Loyal
9064,1,6977.64,247,2,4,5,245,11,At Risk
9067,1,316.04,149,3,4,1,341,8,Loyal
9068,3,5875.67,176,3,5,5,355,13,Loyal
9070,1,2482.94,56,5,4,4,544,13,Champions
9071,1,1099.88,282,1,4,2,142,7,Lost
9073,1,2071.44,346,1,4,3,143,8,Lost
9075,1,5987.76,161,3,4,5,345,12,Loyal
9078,1,2797.35,338,1,4,4,144,9,Lost
9082,1,2771.28,139,3,4,4,344,11,Loyal
9084,2,2106.41,179,3,5,3,353,11,Loyal
9085,1,5586.68,234,2,4,5,245,11,At Risk
9088,1,2131.62,209,2,4,3,243,9,At Risk
9090,1,2195.8,180,3,4,3,343,10,Loyal
9093,1,5346.25,275,2,4,5,245,11,At Risk
9094,1,3043.33,94,4,4,4,444,12,Champions
9095,1,2188.56,295,1,4,3,143,8,Lost
9096,1,1079.43,119,4,4,2,442,10,Champions
9097,1,1253.28,94,4,4,2,442,10,Champions
9100,1,547.08,169,3,4,1,341,8,Loyal
9101,2,1734.7,118,4,5,3,453,12,Champions
9103,1,6811.12,275,2,4,5,245,11,At Risk
9104,1,2519.48,156,3,4,4,344,11,Loyal
9108,1,2310.86,72,4,4,3,443,11,Champions
9109,1,1540.89,174,3,4,3,343,10,Loyal
9110,1,86.36,155,3,4,1,341,8,Loyal
9111,1,1658.09,192,2,4,3,243,9,At Risk
9116,1,2593.2,286,1,4,4,144,9,Lost
9122,2,2888.73,249,2,5,4,254,11,At Risk
9124,2,2110.72,168,3,5,3,353,11,Loyal
9129,1,2223.39,215,2,4,3,243,9,At Risk
9134,1,2071.94,358,1,4,3,143,8,Lost
9137,1,466.59,274,2,4,1,241,7,At Risk
9138,1,768.37,92,4,4,2,442,10,Champions
9139,1,866.75,148,3,4,2,342,9,Loyal
9141,1,721.74,196,2,4,1,241,7,At Risk
9142,1,313.57,113,4,4,1,441,9,Champions
9148,1,3392.49,346,1,4,4,144,9,Lost
9149,1,555.1,131,3,4,1,341,8,Loyal
9150,1,729.84,93,4,4,1,441,9,Champions
9151,2,1405.28,40,5,5,2,552,12,Champions
9154,1,2923.17,304,1,4,4,144,9,Lost
9155,1,1439.68,109,4,4,3,443,11,Champions
9157,1,368.5,178,3,4,1,341,8,Loyal
9160,1,1896.5,253,2,4,3,243,9,At Risk
9162,1,631.18,25,5,4,1,541,10,Champions
9164,1,438.48,228,2,4,1,241,7,At Risk
9166,1,402.79,208,2,4,1,241,7,At Risk
9167,1,67.71,129,3,4,1,341,8,Loyal
9168,2,5639.1,217,2,5,5,255,12,At Risk
9176,2,2078.06,96,4,5,3,453,12,Champions
9179,1,898.8,356,1,4,2,142,7,Lost
9180,1,1451.76,328,1,4,3,143,8,Lost
9183,1,1083.04,269,2,4,2,242,8,At Risk
9185,2,2753.51,306,1,5,4,154,10,Lost
9187,1,5251.83,240,2,4,5,245,11,At Risk
9188,2,5773.44,98,4,5,5,455,14,Champions
9192,1,938.58,172,3,4,2,342,9,Loyal
9193,1,213.68,325,1,4,1,141,6,Lost
9195,1,1646.84,11,5,4,3,543,12,Champions
9197,4,4642.55,88,4,5,5,455,14,Champions
9200,1,394.1,282,1,4,1,141,6,Lost
9203,1,2455.95,11,5,4,4,544,13,Champions
9205,3,5402.23,26,5,5,5,555,15,Champions
9206,1,603.46,9,5,4,1,541,10,Champions
9208,1,1422.15,91,4,4,3,443,11,Champions
9211,2,2960.7299999999996,38,5,5,4,554,14,Champions
9214,1,657.21,323,1,4,1,141,6,Lost
9217,1,2963.13,76,4,4,4,444,12,Champions
9219,2,8014.389999999999,273,2,5,5,255,12,At Risk
9223,1,1172.7,29,5,4,2,542,11,Champions
9224,1,1661.51,253,2,4,3,243,9,At Risk
9225,2,6360.83,134,3,5,5,355,13,Loyal
9227,1,179.16,184,3,4,1,341,8,Loyal
9228,2,3879.87,124,3,5,5,355,13,Loyal
9230,1,2038.72,143,3,4,3,343,10,Loyal
9240,2,2506.96,39,5,5,4,554,14,Champions
9241,1,1199.8,181,3,4,2,342,9,Loyal
9245,1,3844.34,9,5,4,4,544,13,Champions
9246,2,2775.1800000000003,106,4,5,4,454,13,Champions
9249,1,870.14,20,5,4,2,542,11,Champions
9250,1,376.18,266,2,4,1,241,7,At Risk
9254,1,374.38,71,4,4,1,441,9,Champions
9257,1,2404.04,274,2,4,4,244,10,At Risk
9259,1,3218.71,169,3,4,4,344,11,Loyal
9260,2,3319.98,115,4,5,4,454,13,Champions
9263,1,3721.32,109,4,4,4,444,12,Champions
9264,2,3952.1899999999996,267,2,5,5,255,12,At Risk
9266,1,4807.57,107,4,4,5,445,13,Champions
9267,2,586.41,85,4,5,1,451,10,Champions
9268,1,3693.19,364,1,4,4,144,9,Lost
9270,1,676.67,328,1,4,1,141,6,Lost
9271,3,3472.7200000000003,22,5,5,4,554,14,Champions
9272,1,1597.74,230,2,4,3,243,9,At Risk
9274,2,7532.62,197,2,5,5,255,12,At Risk
9275,1,2127.22,12,5,4,3,543,12,Champions
9276,2,2079.46,152,3,5,3,353,11,Loyal
9277,1,1809.84,295,1,4,3,143,8,Lost
9278,1,6440.7,278,1,4,5,145,10,Lost
9279,1,780.74,85,4,4,2,442,10,Champions
9287,1,2827.8,198,2,4,4,244,10,At Risk
9289,2,4367.049999999999,77,4,5,5,455,14,Champions
9291,1,273.41,305,1,4,1,141,6,Lost
9292,1,1079.43,214,2,4,2,242,8,At Risk
9294,1,4750.29,17,5,4,5,545,14,Champions
9300,1,2165.7,138,3,4,3,343,10,Loyal
9302,1,244.52,191,2,4,1,241,7,At Risk
9303,1,857.92,24,5,4,2,542,11,Champions
9305,2,3571.08,8,5,5,4,554,14,Champions
9306,1,936.59,338,1,4,2,142,7,Lost
9307,1,1916.31,269,2,4,3,243,9,At Risk
9308,3,4242.59,105,4,5,5,455,14,Champions
9313,1,3455.61,4,5,4,4,544,13,Champions
9314,1,764.6,75,4,4,2,442,10,Champions
9317,2,1801.12,227,2,5,3,253,10,At Risk
9320,1,287.63,39,5,4,1,541,10,Champions
9321,3,2270.53,145,3,5,3,353,11,Loyal
9323,2,2524.2200000000003,1,5,5,4,554,14,Champions
9327,1,1696.29,117,4,4,3,443,11,Champions
9328,1,3915.12,18,5,4,5,545,14,Champions
9330,2,2483.03,102,4,5,4,454,13,Champions
9331,1,2490.54,95,4,4,4,444,12,Champions
9336,4,6680.59,80,4,5,5,455,14,Champions
9337,2,3059.05,91,4,5,4,454,13,Champions
9338,1,261.72,156,3,4,1,341,8,Loyal
9339,2,1615.92,219,2,5,3,253,10,At Risk
9341,1,2259.86,74,4,4,3,443,11,Champions
9342,1,2012.56,240,2,4,3,243,9,At Risk
9344,1,168.58,315,1,4,1,141,6,Lost
9345,2,2951.66,94,4,5,4,454,13,Champions
9346,2,1029.6599999999999,237,2,5,2,252,9,At Risk
9348,3,6469.54,114,4,5,5,455,14,Champions
9350,1,498.91,64,4,4,1,441,9,Champions
9352,1,1125.18,125,3,4,2,342,9,Loyal
9360,1,1559.58,85,4,4,3,443,11,Champions
9361,1,2416.35,44,5,4,4,544,13,Champions
9362,2,7034.96,29,5,5,5,555,15,Champions
9363,2,4971.89,41,5,5,5,555,15,Champions
9366,2,3780.27,249,2,5,4,254,11,At Risk
9368,3,4764.46,14,5,5,5,555,15,Champions
9369,2,6135.46,95,4,5,5,455,14,Champions
9370,1,2268.9,151,3,4,3,343,10,Loyal
9371,1,800.95,63,4,4,2,442,10,Champions
9374,1,1038.82,289,1,4,2,142,7,Lost
9375,1,574.1,56,5,4,1,541,10,Champions
9376,2,2177.17,254,2,5,3,253,10,At Risk
9378,1,1948.89,100,4,4,3,443,11,Champions
9379,2,2624.3100000000004,212,2,5,4,254,11,At Risk
9381,1,3459.44,41,5,4,4,544,13,Champions
9382,2,3535.42,13,5,5,4,554,14,Champions
9384,1,878.97,289,1,4,2,142,7,Lost
9385,4,2464.18,147,3,5,4,354,12,Loyal
9388,1,828.62,338,1,4,2,142,7,Lost
9389,1,376.57,81,4,4,1,441,9,Champions
9390,1,854.8,276,1,4,2,142,7,Lost
9391,1,1076.59,14,5,4,2,542,11,Champions
9395,3,6916.88,176,3,5,5,355,13,Loyal
9398,1,288.14,21,5,4,1,541,10,Champions
9399,1,6064.42,278,1,4,5,145,10,Lost
9408,1,3288.68,48,5,4,4,544,13,Champions
9411,1,1670.19,46,5,4,3,543,12,Champions
9412,2,4866.42,8,5,5,5,555,15,Champions
9416,1,1477.35,187,3,4,3,343,10,Loyal
9419,1,6409.44,142,3,4,5,345,12,Loyal
9420,1,2929.95,181,3,4,4,344,11,Loyal
9422,2,3869.2799999999997,2,5,5,5,555,15,Champions
9425,1,1677.07,168,3,4,3,343,10,Loyal
9429,1,1016.61,190,2,4,2,242,8,At Risk
9431,2,4666.1,27,5,5,5,555,15,Champions
9432,1,439.86,17,5,4,1,541,10,Champions
9434,1,665.15,61,4,4,1,441,9,Champions
9435,2,2384.99,159,3,5,4,354,12,Loyal
9442,1,267.3,4,5,4,1,541,10,Champions
9443,1,4035.76,308,1,4,5,145,10,Lost
9444,1,1818.38,228,2,4,3,243,9,At Risk
9445,1,1950.75,86,4,4,3,443,11,Champions
9446,1,3802.13,146,3,4,4,344,11,Loyal
9448,1,4905.51,186,3,4,5,345,12,Loyal
9452,1,1204.42,215,2,4,2,242,8,At Risk
9453,2,3981.11,30,5,5,5,555,15,Champions
9454,1,2253.24,292,1,4,3,143,8,Lost
9457,1,4352.02,28,5,4,5,545,14,Champions
9460,1,111.47,268,2,4,1,241,7,At Risk
9462,1,1948.29,35,5,4,3,543,12,Champions
9466,1,1963.64,191,2,4,3,243,9,At Risk
9470,1,1069.28,47,5,4,2,542,11,Champions
9473,1,1368.67,97,4,4,2,442,10,Champions
9475,1,813.36,305,1,4,2,142,7,Lost
9476,4,11059.96,6,5,5,5,555,15,Champions
9477,1,5295.12,324,1,4,5,145,10,Lost
9479,1,4980.2,337,1,4,5,145,10,Lost
9480,1,1621.56,234,2,4,3,243,9,At Risk
9484,1,2522.52,194,2,4,4,244,10,At Risk
9485,1,1389.75,100,4,4,2,442,10,Champions
9489,1,315.89,14,5,4,1,541,10,Champions
9491,1,1838.66,14,5,4,3,543,12,Champions
9494,1,7745.76,223,2,4,5,245,11,At Risk
9496,2,1692.67,74,4,5,3,453,12,Champions
9497,1,2928.02,48,5,4,4,544,13,Champions
9498,2,2448.1800000000003,83,4,5,4,454,13,Champions
9504,1,1549.07,252,2,4,3,243,9,At Risk
9505,1,2681.46,29,5,4,4,544,13,Champions
9507,2,6597.48,126,3,5,5,355,13,Loyal
9509,2,6738.14,88,4,5,5,455,14,Champions
9512,1,396.98,279,1,4,1,141,6,Lost
9513,2,841.73,143,3,5,2,352,10,Loyal
9514,1,1219.92,38,5,4,2,542,11,Champions
9520,1,1286.19,80,4,4,2,442,10,Champions
9521,1,745.72,39,5,4,1,541,10,Champions
9524,1,2873.3,31,5,4,4,544,13,Champions
9526,1,1724.65,353,1,4,3,143,8,Lost
9528,3,6753.44,28,5,5,5,555,15,Champions
9533,1,2653.75,338,1,4,4,144,9,Lost
9534,1,3751.99,265,2,4,4,244,10,At Risk
9538,3,2571.34,148,3,5,4,354,12,Loyal
9540,2,2398.3,146,3,5,4,354,12,Loyal
9542,1,1758.43,249,2,4,3,243,9,At Risk
9545,1,3289.61,282,1,4,4,144,9,Lost
9546,1,1567.78,217,2,4,3,243,9,At Risk
9547,1,3163.97,95,4,4,4,444,12,Champions
9549,2,2978.63,74,4,5,4,454,13,Champions
9550,1,2025.96,192,2,4,3,243,9,At Risk
9552,1,6294.28,287,1,4,5,145,10,Lost
9557,1,2650.56,269,2,4,4,244,10,At Risk
9558,1,2885.61,111,4,4,4,444,12,Champions
9559,1,330.64,27,5,4,1,541,10,Champions
9566,1,209.07,299,1,4,1,141,6,Lost
9567,2,3318.52,36,5,5,4,554,14,Champions
9568,1,2140.22,93,4,4,3,443,11,Champions
9569,1,5326.77,118,4,4,5,445,13,Champions
9571,2,3456.59,134,3,5,4,354,12,Loyal
9573,1,1042.86,350,1,4,2,142,7,Lost
9574,1,1026.04,284,1,4,2,142,7,Lost
9575,1,1119.65,187,3,4,2,342,9,Loyal
9577,1,509.34,299,1,4,1,141,6,Lost
9578,2,2187.15,252,2,5,3,253,10,At Risk
9584,1,2046.94,161,3,4,3,343,10,Loyal
9587,1,2846.35,80,4,4,4,444,12,Champions
9589,1,1351.04,114,4,4,2,442,10,Champions
9592,1,2354.85,259,2,4,3,243,9,At Risk
9595,1,753.28,360,1,4,1,141,6,Lost
9597,1,2360.92,107,4,4,3,443,11,Champions
9598,1,642.27,89,4,4,1,441,9,Champions
9599,2,3676.37,5,5,5,4,554,14,Champions
9600,1,3321.07,9,5,4,4,544,13,Champions
9602,1,115.49,259,2,4,1,241,7,At Risk
9606,1,418.9,172,3,4,1,341,8,Loyal
9608,1,582.94,11,5,4,1,541,10,Champions
9614,3,4422.33,140,3,5,5,355,13,Loyal
9617,1,2634.8,77,4,4,4,444,12,Champions
9624,1,1558.96,79,4,4,3,443,11,Champions
9627,1,376.56,182,3,4,1,341,8,Loyal
9629,3,5906.11,91,4,5,5,455,14,Champions
9630,2,1863.35,33,5,5,3,553,13,Champions
9631,1,879.68,331,1,4,2,142,7,Lost
9633,1,5328.79,9,5,4,5,545,14,Champions
9634,1,6060.36,10,5,4,5,545,14,Champions
9636,4,8408.52,16,5,5,5,555,15,Champions
9638,2,5225.09,175,3,5,5,355,13,Loyal
9639,4,4585.86,29,5,5,5,555,15,Champions
9641,1,1077.84,24,5,4,2,542,11,Champions
9643,2,2144.73,1,5,5,3,553,13,Champions
9646,1,431.04,172,3,4,1,341,8,Loyal
9648,1,599.94,145,3,4,1,341,8,Loyal
9651,1,1572.21,342,1,4,3,143,8,Lost
9652,2,1690.88,101,4,5,3,453,12,Champions
9655,1,1073.14,331,1,4,2,142,7,Lost
9656,1,1691.63,6,5,4,3,543,12,Champions
9658,5,11532.05,169,3,5,5,355,13,Loyal
9662,2,2792.1600000000003,53,5,5,4,554,14,Champions
9663,1,3129.52,225,2,4,4,244,10,At Risk
9666,1,703.68,302,1,4,1,141,6,Lost
9668,1,4401.23,198,2,4,5,245,11,At Risk
9670,2,1531.63,334,1,5,3,153,9,Lost
9677,1,1587.68,228,2,4,3,243,9,At Risk
9680,1,1684.38,189,3,4,3,343,10,Loyal
9681,2,643.62,52,5,5,1,551,11,Champions
9684,1,220.97,283,1,4,1,141,6,Lost
9685,2,3810.04,205,2,5,4,254,11,At Risk
9691,1,885.92,132,3,4,2,342,9,Loyal
9692,1,3474.48,160,3,4,4,344,11,Loyal
9693,1,171.78,137,3,4,1,341,8,Loyal
9695,1,798.58,115,4,4,2,442,10,Champions
9697,1,1631.68,330,1,4,3,143,8,Lost
9698,1,490.67,142,3,4,1,341,8,Loyal
9699,1,668.82,354,1,4,1,141,6,Lost
9703,1,1500.01,147,3,4,3,343,10,Loyal
9704,1,4339.03,210,2,4,5,245,11,At Risk
9706,1,881.33,136,3,4,2,342,9,Loyal
9707,1,5553.0,78,4,4,5,445,13,Champions
9711,1,104.4,8,5,4,1,541,10,Champions
9712,1,535.5,174,3,4,1,341,8,Loyal
9713,1,1197.58,314,1,4,2,142,7,Lost
9718,1,2410.31,78,4,4,4,444,12,Champions
9719,2,1323.04,52,5,5,2,552,12,Champions
9723,1,5173.84,203,2,4,5,245,11,At Risk
9726,2,6634.26,178,3,5,5,355,13,Loyal
9727,1,2621.8,346,1,4,4,144,9,Lost
9728,1,205.35,331,1,4,1,141,6,Lost
9730,1,3181.75,42,5,4,4,544,13,Champions
9732,2,4610.57,29,5,5,5,555,15,Champions
9733,1,3555.88,266,2,4,4,244,10,At Risk
9734,2,1942.9499999999998,93,4,5,3,453,12,Champions
9736,1,1095.18,189,3,4,2,342,9,Loyal
9738,1,925.88,319,1,4,2,142,7,Lost
9739,1,1615.15,292,1,4,3,143,8,Lost
9741,1,542.19,74,4,4,1,441,9,Champions
9743,1,2288.69,330,1,4,3,143,8,Lost
9744,1,1927.76,313,1,4,3,143,8,Lost
9747,1,1253.28,87,4,4,2,442,10,Champions
9748,2,1867.56,136,3,5,3,353,11,Loyal
9749,1,2052.83,42,5,4,3,543,12,Champions
9752,1,1334.88,175,3,4,2,342,9,Loyal
9753,1,497.21,44,5,4,1,541,10,Champions
9754,1,3407.82,174,3,4,4,344,11,Loyal
9755,2,1326.72,94,4,5,2,452,11,Champions
9757,1,81.54,291,1,4,1,141,6,Lost
9758,1,1100.76,210,2,4,2,242,8,At Risk
9759,2,7465.32,102,4,5,5,455,14,Champions
9760,1,378.47,365,1,4,1,141,6,Lost
9761,1,346.2,61,4,4,1,441,9,Champions
9762,2,7499.860000000001,5,5,5,5,555,15,Champions
9763,1,346.78,217,2,4,1,241,7,At Risk
9765,2,5383.120000000001,67,4,5,5,455,14,Champions
9766,1,1265.31,161,3,4,2,342,9,Loyal
9768,1,1970.75,174,3,4,3,343,10,Loyal
9770,1,1688.2,217,2,4,3,243,9,At Risk
9771,1,5050.12,9,5,4,5,545,14,Champions
9772,1,1121.12,73,4,4,2,442,10,Champions
9777,1,6759.63,272,2,4,5,245,11,At Risk
9780,1,3361.47,34,5,4,4,544,13,Champions
9781,1,1155.25,15,5,4,2,542,11,Champions
9782,1,1946.82,359,1,4,3,143,8,Lost
9784,1,2290.49,96,4,4,3,443,11,Champions
9785,1,5796.39,115,4,4,5,445,13,Champions
9789,1,451.66,91,4,4,1,441,9,Champions
9796,2,2825.51,1,5,5,4,554,14,Champions
9802,1,957.85,94,4,4,2,442,10,Champions
9805,1,1082.08,316,1,4,2,142,7,Lost
9807,2,1228.63,147,3,5,2,352,10,Loyal
9809,1,213.74,360,1,4,1,141,6,Lost
9812,1,655.88,237,2,4,1,241,7,At Risk
9815,1,626.42,95,4,4,1,441,9,Champions
9816,1,436.59,13,5,4,1,541,10,Champions
9817,2,5694.05,10,5,5,5,555,15,Champions
9818,1,5903.7,153,3,4,5,345,12,Loyal
9821,1,1170.02,307,1,4,2,142,7,Lost
9822,1,1687.52,22,5,4,3,543,12,Champions
9824,1,3184.17,343,1,4,4,144,9,Lost
9825,2,3344.65,189,3,5,4,354,12,Loyal
9830,1,260.1,272,2,4,1,241,7,At Risk
9831,3,2157.76,74,4,5,3,453,12,Champions
9833,1,2724.86,242,2,4,4,244,10,At Risk
9836,2,1398.98,132,3,5,2,352,10,Loyal
9838,1,1458.73,342,1,4,3,143,8,Lost
9839,2,3991.05,12,5,5,5,555,15,Champions
9845,2,6979.08,195,2,5,5,255,12,At Risk
9849,1,1295.74,52,5,4,2,542,11,Champions
9856,1,734.02,31,5,4,1,541,10,Champions
9857,1,2072.57,350,1,4,3,143,8,Lost
9859,3,4057.34,275,2,5,5,255,12,At Risk
9860,2,5017.68,266,2,5,5,255,12,At Risk
9861,2,1026.96,90,4,5,2,452,11,Champions
9862,2,7869.07,107,4,5,5,455,14,Champions
9863,2,3268.36,4,5,5,4,554,14,Champions
9865,1,713.19,341,1,4,1,141,6,Lost
9867,2,7683.61,76,4,5,5,455,14,Champions
9869,2,8202.76,14,5,5,5,555,15,Champions
9873,3,3978.3900000000003,70,4,5,5,455,14,Champions
9880,1,2133.2,250,2,4,3,243,9,At Risk
9881,2,7184.4400000000005,255,2,5,5,255,12,At Risk
9883,3,2216.86,160,3,5,3,353,11,Loyal
9885,1,3008.2,337,1,4,4,144,9,Lost
9886,1,708.13,357,1,4,1,141,6,Lost
9887,1,526.18,36,5,4,1,541,10,Champions
9888,1,4366.62,115,4,4,5,445,13,Champions
9891,1,1808.79,88,4,4,3,443,11,Champions
9892,1,1252.28,134,3,4,2,342,9,Loyal
9903,1,1368.84,302,1,4,2,142,7,Lost
9906,1,2658.15,213,2,4,4,244,10,At Risk
9907,1,787.37,130,3,4,2,342,9,Loyal
9909,1,2419.52,120,4,4,4,444,12,Champions
9910,1,613.1,328,1,4,1,141,6,Lost
9911,1,2633.7,318,1,4,4,144,9,Lost
9916,1,2948.28,83,4,4,4,444,12,Champions
9917,1,317.7,7,5,4,1,541,10,Champions
9919,1,202.41,267,2,4,1,241,7,At Risk
9921,2,6298.85,23,5,5,5,555,15,Champions
9922,1,1975.84,309,1,4,3,143,8,Lost
9923,1,1348.96,189,3,4,2,342,9,Loyal
9924,2,4163.6,68,4,5,5,455,14,Champions
9926,1,1483.68,361,1,4,3,143,8,Lost
9928,2,3254.47,302,1,5,4,154,10,Lost
9929,1,981.5,289,1,4,2,142,7,Lost
9930,1,3192.74,126,3,4,4,344,11,Loyal
9931,2,6026.58,36,5,5,5,555,15,Champions
9932,2,4014.9900000000002,19,5,5,5,555,15,Champions
9939,1,1273.44,331,1,4,2,142,7,Lost
9940,2,4222.35,237,2,5,5,255,12,At Risk
9947,1,1919.04,94,4,4,3,443,11,Champions
9948,2,2881.6,245,2,5,4,254,11,At Risk
9950,2,3073.7799999999997,300,1,5,4,154,10,Lost
9951,1,937.36,100,4,4,2,442,10,Champions
9952,1,4054.2,33,5,4,5,545,14,Champions
9954,1,3849.4,205,2,4,5,245,11,At Risk
9959,5,7052.049999999999,147,3,5,5,355,13,Loyal
9961,1,1587.64,335,1,4,3,143,8,Lost
9962,1,1198.66,36,5,4,2,542,11,Champions
9963,2,3696.62,239,2,5,4,254,11,At Risk
9965,2,1116.83,73,4,5,2,452,11,Champions
9976,1,3573.54,304,1,4,4,144,9,Lost
9977,1,879.36,118,4,4,2,442,10,Champions
9978,2,5745.68,159,3,5,5,355,13,Loyal
9979,1,2429.94,362,1,4,4,144,9,Lost
9982,2,921.9200000000001,188,3,5,2,352,10,Loyal
9983,2,5784.139999999999,1,5,5,5,555,15,Champions
9985,1,3656.85,280,1,4,4,144,9,Lost
9987,1,922.81,115,4,4,2,442,10,Champions
9990,2,10009.98,11,5,5,5,555,15,Champions
9992,2,4906.209999999999,51,5,5,5,555,15,Champions
9993,2,3413.7200000000003,5,5,5,4,554,14,Champions
9994,1,1038.24,72,4,4,2,442,10,Champions
9997,1,1583.0,276,1,4,3,143,8,Lost
9998,1,1295.58,347,1,4,2,142,7,Lost
